segment_id	cohort	passage_index	oxygen_pct	passage_id	sample_name	grid_index	ploidy	observed_density	observed_log_density	cumulative_end_day	condition	normalized_density_mass
20.5_20.5_20.5	2N	3	20.5	SUM-159_NLS_2N_C_A1_seed	SUM-159_NLS_2N_C_A1_	1	0.5	9.99314769973045e-13	-27.6317065808329	31	control	4.01734580893671e-14
20.5_20.5_20.5	2N	3	20.5	SUM-159_NLS_2N_C_A1_seed	SUM-159_NLS_2N_C_A1_	2	0.540201005025126	9.99314769973045e-13	-27.6317065808329	31	control	4.01734580893671e-14
20.5_20.5_20.5	2N	3	20.5	SUM-159_NLS_2N_C_A1_seed	SUM-159_NLS_2N_C_A1_	3	0.580402010050251	9.99314769973045e-13	-27.6317065808329	31	control	4.01734580893671e-14
20.5_20.5_20.5	2N	3	20.5	SUM-159_NLS_2N_C_A1_seed	SUM-159_NLS_2N_C_A1_	4	0.620603015075377	9.99314769973045e-13	-27.6317065808329	31	control	4.01734580893671e-14
20.5_20.5_20.5	2N	3	20.5	SUM-159_NLS_2N_C_A1_seed	SUM-159_NLS_2N_C_A1_	5	0.660804020100503	9.99314769973045e-13	-27.6317065808329	31	control	4.01734580893671e-14
20.5_20.5_20.5	2N	3	20.5	SUM-159_NLS_2N_C_A1_seed	SUM-159_NLS_2N_C_A1_	6	0.701005025125628	9.99314769973045e-13	-27.6317065808329	31	control	4.01734580893671e-14
20.5_20.5_20.5	2N	3	20.5	SUM-159_NLS_2N_C_A1_seed	SUM-159_NLS_2N_C_A1_	7	0.741206030150754	9.99314769973045e-13	-27.6317065808329	31	control	4.01734580893671e-14
20.5_20.5_20.5	2N	3	20.5	SUM-159_NLS_2N_C_A1_seed	SUM-159_NLS_2N_C_A1_	8	0.781407035175879	9.99314769973045e-13	-27.6317065808329	31	control	4.01734580893671e-14
20.5_20.5_20.5	2N	3	20.5	SUM-159_NLS_2N_C_A1_seed	SUM-159_NLS_2N_C_A1_	9	0.821608040201005	9.99314769973045e-13	-27.6317065808329	31	control	4.01734580893671e-14
20.5_20.5_20.5	2N	3	20.5	SUM-159_NLS_2N_C_A1_seed	SUM-159_NLS_2N_C_A1_	10	0.861809045226131	9.99314769973045e-13	-27.6317065808329	31	control	4.01734580893671e-14
20.5_20.5_20.5	2N	3	20.5	SUM-159_NLS_2N_C_A1_seed	SUM-159_NLS_2N_C_A1_	11	0.902010050251256	9.99314769973045e-13	-27.6317065808329	31	control	4.01734580893671e-14
20.5_20.5_20.5	2N	3	20.5	SUM-159_NLS_2N_C_A1_seed	SUM-159_NLS_2N_C_A1_	12	0.942211055276382	3.86558362548317e-10	-21.6737382565885	31	control	1.55400346753086e-11
20.5_20.5_20.5	2N	3	20.5	SUM-159_NLS_2N_C_A1_seed	SUM-159_NLS_2N_C_A1_	13	0.982412060301508	1.34830642503456e-05	-11.2140761600381	31	control	5.42032733682215e-07
20.5_20.5_20.5	2N	3	20.5	SUM-159_NLS_2N_C_A1_seed	SUM-159_NLS_2N_C_A1_	14	1.02261306532663	4.27063277452154e-05	-10.0611634579544	31	control	1.71683729629e-06
20.5_20.5_20.5	2N	3	20.5	SUM-159_NLS_2N_C_A1_seed	SUM-159_NLS_2N_C_A1_	15	1.06281407035176	0.000120506836964868	-9.02380406834546	31	control	4.84449595838647e-06
20.5_20.5_20.5	2N	3	20.5	SUM-159_NLS_2N_C_A1_seed	SUM-159_NLS_2N_C_A1_	16	1.10301507537688	0.000155699063766848	-8.76758549220054	31	control	6.25925884489817e-06
20.5_20.5_20.5	2N	3	20.5	SUM-159_NLS_2N_C_A1_seed	SUM-159_NLS_2N_C_A1_	17	1.14321608040201	0.000600005768178251	-7.41857128916392	31	control	2.41208349016373e-05
20.5_20.5_20.5	2N	3	20.5	SUM-159_NLS_2N_C_A1_seed	SUM-159_NLS_2N_C_A1_	18	1.18341708542714	0.00190874514993964	-6.26130924239621	31	control	7.67334733644047e-05
20.5_20.5_20.5	2N	3	20.5	SUM-159_NLS_2N_C_A1_seed	SUM-159_NLS_2N_C_A1_	19	1.22361809045226	0.00381025163700425	-5.57006004556669	31	control	0.000153175945206195
20.5_20.5_20.5	2N	3	20.5	SUM-159_NLS_2N_C_A1_seed	SUM-159_NLS_2N_C_A1_	20	1.26381909547739	0.00826650261712641	-4.79554375937867	31	control	0.0003323217132513
20.5_20.5_20.5	2N	3	20.5	SUM-159_NLS_2N_C_A1_seed	SUM-159_NLS_2N_C_A1_	21	1.30402010050251	0.019578141548704	-3.93334156218109	31	control	0.00078706096678204
20.5_20.5_20.5	2N	3	20.5	SUM-159_NLS_2N_C_A1_seed	SUM-159_NLS_2N_C_A1_	22	1.34422110552764	0.041694436416851	-3.17738757833869	31	control	0.00167615824791354
20.5_20.5_20.5	2N	3	20.5	SUM-159_NLS_2N_C_A1_seed	SUM-159_NLS_2N_C_A1_	23	1.38442211055276	0.0827501551111737	-2.49192939027145	31	control	0.00332663940145409
20.5_20.5_20.5	2N	3	20.5	SUM-159_NLS_2N_C_A1_seed	SUM-159_NLS_2N_C_A1_	24	1.42462311557789	0.150176255818031	-1.89594563591676	31	control	0.00603723641479499
20.5_20.5_20.5	2N	3	20.5	SUM-159_NLS_2N_C_A1_seed	SUM-159_NLS_2N_C_A1_	25	1.46482412060302	0.274004941546498	-1.29460913791546	31	control	0.0110152740320196
20.5_20.5_20.5	2N	3	20.5	SUM-159_NLS_2N_C_A1_seed	SUM-159_NLS_2N_C_A1_	26	1.50502512562814	0.454010211726375	-0.789635588404376	31	control	0.0182516668030697
20.5_20.5_20.5	2N	3	20.5	SUM-159_NLS_2N_C_A1_seed	SUM-159_NLS_2N_C_A1_	27	1.54522613065327	0.70055484695593	-0.355882619402263	31	control	0.0281630089228504
20.5_20.5_20.5	2N	3	20.5	SUM-159_NLS_2N_C_A1_seed	SUM-159_NLS_2N_C_A1_	28	1.58542713567839	1.01439582783339	0.0142931917520926	31	control	0.040779731772195
20.5_20.5_20.5	2N	3	20.5	SUM-159_NLS_2N_C_A1_seed	SUM-159_NLS_2N_C_A1_	29	1.62562814070352	1.37314057704555	0.317100508322195	31	control	0.05520163123801
20.5_20.5_20.5	2N	3	20.5	SUM-159_NLS_2N_C_A1_seed	SUM-159_NLS_2N_C_A1_	30	1.66582914572864	1.75100455173746	0.560189652807735	31	control	0.0703921427834128
20.5_20.5_20.5	2N	3	20.5	SUM-159_NLS_2N_C_A1_seed	SUM-159_NLS_2N_C_A1_	31	1.70603015075377	2.10066635506151	0.742254606330644	31	control	0.0844488986959369
20.5_20.5_20.5	2N	3	20.5	SUM-159_NLS_2N_C_A1_seed	SUM-159_NLS_2N_C_A1_	32	1.74623115577889	2.34317012344805	0.851504766129192	31	control	0.0941977939074557
20.5_20.5_20.5	2N	3	20.5	SUM-159_NLS_2N_C_A1_seed	SUM-159_NLS_2N_C_A1_	33	1.78643216080402	2.47467358290554	0.90610850162824	31	control	0.0994843651419275
20.5_20.5_20.5	2N	3	20.5	SUM-159_NLS_2N_C_A1_seed	SUM-159_NLS_2N_C_A1_	34	1.82663316582915	2.43487067764651	0.889893645328082	31	control	0.0978842483475947
20.5_20.5_20.5	2N	3	20.5	SUM-159_NLS_2N_C_A1_seed	SUM-159_NLS_2N_C_A1_	35	1.86683417085427	2.24406101969519	0.808287179668278	31	control	0.0902135083294514
20.5_20.5_20.5	2N	3	20.5	SUM-159_NLS_2N_C_A1_seed	SUM-159_NLS_2N_C_A1_	36	1.9070351758794	1.94575384976119	0.66564948540413	31	control	0.0782212602919042
20.5_20.5_20.5	2N	3	20.5	SUM-159_NLS_2N_C_A1_seed	SUM-159_NLS_2N_C_A1_	37	1.94723618090452	1.59030148670692	0.463923612538705	31	control	0.0639317180585672
20.5_20.5_20.5	2N	3	20.5	SUM-159_NLS_2N_C_A1_seed	SUM-159_NLS_2N_C_A1_	38	1.98743718592965	1.22611102901084	0.20384739541258	31	control	0.0492908956386249
20.5_20.5_20.5	2N	3	20.5	SUM-159_NLS_2N_C_A1_seed	SUM-159_NLS_2N_C_A1_	39	2.02763819095477	0.890924409973931	-0.115495692400976	31	control	0.0358160566823677
20.5_20.5_20.5	2N	3	20.5	SUM-159_NLS_2N_C_A1_seed	SUM-159_NLS_2N_C_A1_	40	2.0678391959799	0.631328228141811	-0.459929380301525	31	control	0.0253800292720316
20.5_20.5_20.5	2N	3	20.5	SUM-159_NLS_2N_C_A1_seed	SUM-159_NLS_2N_C_A1_	41	2.10804020100502	0.406178646310586	-0.900962200615539	31	control	0.01632878980143
20.5_20.5_20.5	2N	3	20.5	SUM-159_NLS_2N_C_A1_seed	SUM-159_NLS_2N_C_A1_	42	2.14824120603015	0.25490931784125	-1.36684741337901	31	control	0.010247610767487
20.5_20.5_20.5	2N	3	20.5	SUM-159_NLS_2N_C_A1_seed	SUM-159_NLS_2N_C_A1_	43	2.18844221105528	0.153756665063356	-1.87238402322953	31	control	0.0061811724648583
20.5_20.5_20.5	2N	3	20.5	SUM-159_NLS_2N_C_A1_seed	SUM-159_NLS_2N_C_A1_	44	2.2286432160804	0.0851121592145408	-2.46378537212243	31	control	0.00342159434028292
20.5_20.5_20.5	2N	3	20.5	SUM-159_NLS_2N_C_A1_seed	SUM-159_NLS_2N_C_A1_	45	2.26884422110553	0.0473434045124859	-3.05032776129106	31	control	0.00190325244271293
20.5_20.5_20.5	2N	3	20.5	SUM-159_NLS_2N_C_A1_seed	SUM-159_NLS_2N_C_A1_	46	2.30904522613065	0.025780173570104	-3.65814954875117	31	control	0.00103638888724032
20.5_20.5_20.5	2N	3	20.5	SUM-159_NLS_2N_C_A1_seed	SUM-159_NLS_2N_C_A1_	47	2.34924623115578	0.0141990650304155	-4.25457915947115	31	control	0.000570816684639797
20.5_20.5_20.5	2N	3	20.5	SUM-159_NLS_2N_C_A1_seed	SUM-159_NLS_2N_C_A1_	48	2.3894472361809	0.0072244825181493	-4.93027967133431	31	control	0.000290431458016041
20.5_20.5_20.5	2N	3	20.5	SUM-159_NLS_2N_C_A1_seed	SUM-159_NLS_2N_C_A1_	49	2.42964824120603	0.00377297422865537	-5.57989166848834	31	control	0.000151677355925838
20.5_20.5_20.5	2N	3	20.5	SUM-159_NLS_2N_C_A1_seed	SUM-159_NLS_2N_C_A1_	50	2.46984924623116	0.00199672256470324	-6.21624816023701	31	control	8.02702538574136e-05
20.5_20.5_20.5	2N	3	20.5	SUM-159_NLS_2N_C_A1_seed	SUM-159_NLS_2N_C_A1_	51	2.51005025125628	0.00143611662239506	-6.5458125982867	31	control	5.77333315535681e-05
20.5_20.5_20.5	2N	3	20.5	SUM-159_NLS_2N_C_A1_seed	SUM-159_NLS_2N_C_A1_	52	2.55025125628141	0.00116582610781043	-6.75432533784425	31	control	4.6867381218508e-05
20.5_20.5_20.5	2N	3	20.5	SUM-159_NLS_2N_C_A1_seed	SUM-159_NLS_2N_C_A1_	53	2.59045226130653	0.00104653103124804	-6.86227436410691	31	control	4.20715992461508e-05
20.5_20.5_20.5	2N	3	20.5	SUM-159_NLS_2N_C_A1_seed	SUM-159_NLS_2N_C_A1_	54	2.63065326633166	0.000753876208974402	-7.19028238251422	31	control	3.03065812653014e-05
20.5_20.5_20.5	2N	3	20.5	SUM-159_NLS_2N_C_A1_seed	SUM-159_NLS_2N_C_A1_	55	2.67085427135678	0.000293150049550858	-8.13482596552504	31	control	1.17849266151094e-05
20.5_20.5_20.5	2N	3	20.5	SUM-159_NLS_2N_C_A1_seed	SUM-159_NLS_2N_C_A1_	56	2.71105527638191	0.000533329203847561	-7.53637168122031	31	control	2.14403700039212e-05
20.5_20.5_20.5	2N	3	20.5	SUM-159_NLS_2N_C_A1_seed	SUM-159_NLS_2N_C_A1_	57	2.75125628140704	0.000327336756525353	-8.02452108051584	31	control	1.31592665939835e-05
20.5_20.5_20.5	2N	3	20.5	SUM-159_NLS_2N_C_A1_seed	SUM-159_NLS_2N_C_A1_	58	2.79145728643216	0.000307065613688753	-8.08844910784256	31	control	1.23443462789444e-05
20.5_20.5_20.5	2N	3	20.5	SUM-159_NLS_2N_C_A1_seed	SUM-159_NLS_2N_C_A1_	59	2.83165829145729	0.000107752293135228	-9.1356755472094	31	control	4.33175047779795e-06
20.5_20.5_20.5	2N	3	20.5	SUM-159_NLS_2N_C_A1_seed	SUM-159_NLS_2N_C_A1_	60	2.87185929648241	5.24542108395442e-05	-9.85556994341703	31	control	2.10871199354944e-06
20.5_20.5_20.5	2N	3	20.5	SUM-159_NLS_2N_C_A1_seed	SUM-159_NLS_2N_C_A1_	61	2.91206030150754	5.63103639324948e-05	-9.7846319557015	31	control	2.26373322341679e-06
20.5_20.5_20.5	2N	3	20.5	SUM-159_NLS_2N_C_A1_seed	SUM-159_NLS_2N_C_A1_	62	2.95226130653266	0.000109568853580277	-9.11895740649961	31	control	4.4047780333778e-06
20.5_20.5_20.5	2N	3	20.5	SUM-159_NLS_2N_C_A1_seed	SUM-159_NLS_2N_C_A1_	63	2.99246231155779	4.49843079181341e-05	-10.0091968419388	31	control	1.80841438866864e-06
20.5_20.5_20.5	2N	3	20.5	SUM-159_NLS_2N_C_A1_seed	SUM-159_NLS_2N_C_A1_	64	3.03266331658291	0.000251479633586944	-8.2881485514771	31	control	1.01097340135451e-05
20.5_20.5_20.5	2N	3	20.5	SUM-159_NLS_2N_C_A1_seed	SUM-159_NLS_2N_C_A1_	65	3.07286432160804	0.000161832319640072	-8.72894982273068	31	control	6.50582189507802e-06
20.5_20.5_20.5	2N	3	20.5	SUM-159_NLS_2N_C_A1_seed	SUM-159_NLS_2N_C_A1_	66	3.11306532663317	0.000466483291011003	-7.67028835608683	31	control	1.87530971260698e-05
20.5_20.5_20.5	2N	3	20.5	SUM-159_NLS_2N_C_A1_seed	SUM-159_NLS_2N_C_A1_	67	3.15326633165829	0.000401471044247378	-7.8203751461137	31	control	1.61395394672307e-05
20.5_20.5_20.5	2N	3	20.5	SUM-159_NLS_2N_C_A1_seed	SUM-159_NLS_2N_C_A1_	68	3.19346733668342	0.000887782278635166	-7.02678402675121	31	control	3.56897398446284e-05
20.5_20.5_20.5	2N	3	20.5	SUM-159_NLS_2N_C_A1_seed	SUM-159_NLS_2N_C_A1_	69	3.23366834170854	0.0010285121682525	-6.87964201787416	31	control	4.134722284432e-05
20.5_20.5_20.5	2N	3	20.5	SUM-159_NLS_2N_C_A1_seed	SUM-159_NLS_2N_C_A1_	70	3.27386934673367	0.00175936536247478	-6.34280212446307	31	control	7.07282557778779e-05
20.5_20.5_20.5	2N	3	20.5	SUM-159_NLS_2N_C_A1_seed	SUM-159_NLS_2N_C_A1_	71	3.31407035175879	0.00254884247146864	-5.97211595562786	31	control	0.000102466029003761
20.5_20.5_20.5	2N	3	20.5	SUM-159_NLS_2N_C_A1_seed	SUM-159_NLS_2N_C_A1_	72	3.35427135678392	0.00366762465632624	-5.60821105906976	31	control	0.00014744219723924
20.5_20.5_20.5	2N	3	20.5	SUM-159_NLS_2N_C_A1_seed	SUM-159_NLS_2N_C_A1_	73	3.39447236180905	0.00453629466040476	-5.39564475425983	31	control	0.000182363604438375
20.5_20.5_20.5	2N	3	20.5	SUM-159_NLS_2N_C_A1_seed	SUM-159_NLS_2N_C_A1_	74	3.43467336683417	0.00486089727890199	-5.32653223282241	31	control	0.000195412955935751
20.5_20.5_20.5	2N	3	20.5	SUM-159_NLS_2N_C_A1_seed	SUM-159_NLS_2N_C_A1_	75	3.4748743718593	0.00716349618749639	-4.9387571228434	31	control	0.000287979746231
20.5_20.5_20.5	2N	3	20.5	SUM-159_NLS_2N_C_A1_seed	SUM-159_NLS_2N_C_A1_	76	3.51507537688442	0.00776961978102318	-4.85753405003115	31	control	0.000312346523860217
20.5_20.5_20.5	2N	3	20.5	SUM-159_NLS_2N_C_A1_seed	SUM-159_NLS_2N_C_A1_	77	3.55527638190955	0.00730070914893835	-4.91978379185575	31	control	0.00029349584518344
20.5_20.5_20.5	2N	3	20.5	SUM-159_NLS_2N_C_A1_seed	SUM-159_NLS_2N_C_A1_	78	3.59547738693467	0.0083294956067211	-4.78795237605073	31	control	0.000334854094742544
20.5_20.5_20.5	2N	3	20.5	SUM-159_NLS_2N_C_A1_seed	SUM-159_NLS_2N_C_A1_	79	3.6356783919598	0.00940365158907995	-4.66665719821652	31	control	0.000378036244787119
20.5_20.5_20.5	2N	3	20.5	SUM-159_NLS_2N_C_A1_seed	SUM-159_NLS_2N_C_A1_	80	3.67587939698492	0.00813026590936117	-4.81216164877879	31	control	0.000326844860677824
20.5_20.5_20.5	2N	3	20.5	SUM-159_NLS_2N_C_A1_seed	SUM-159_NLS_2N_C_A1_	81	3.71608040201005	0.0078081498262558	-4.85258724124195	31	control	0.000313895470402231
20.5_20.5_20.5	2N	3	20.5	SUM-159_NLS_2N_C_A1_seed	SUM-159_NLS_2N_C_A1_	82	3.75628140703518	0.00690397874275032	-4.97565740418166	31	control	0.000277546884130656
20.5_20.5_20.5	2N	3	20.5	SUM-159_NLS_2N_C_A1_seed	SUM-159_NLS_2N_C_A1_	83	3.7964824120603	0.00595419751486134	-5.12365884346526	31	control	0.000239364724215522
20.5_20.5_20.5	2N	3	20.5	SUM-159_NLS_2N_C_A1_seed	SUM-159_NLS_2N_C_A1_	84	3.83668341708543	0.00525782474072851	-5.24803788515684	31	control	0.000211369838823249
20.5_20.5_20.5	2N	3	20.5	SUM-159_NLS_2N_C_A1_seed	SUM-159_NLS_2N_C_A1_	85	3.87688442211055	0.0043583527845176	-5.43566109472239	31	control	0.000175210162191656
20.5_20.5_20.5	2N	3	20.5	SUM-159_NLS_2N_C_A1_seed	SUM-159_NLS_2N_C_A1_	86	3.91708542713568	0.00293854703024116	-5.82984002719324	31	control	0.000118132543929288
20.5_20.5_20.5	2N	3	20.5	SUM-159_NLS_2N_C_A1_seed	SUM-159_NLS_2N_C_A1_	87	3.9572864321608	0.00249644116679209	-5.99288909457725	31	control	0.000100359443891135
20.5_20.5_20.5	2N	3	20.5	SUM-159_NLS_2N_C_A1_seed	SUM-159_NLS_2N_C_A1_	88	3.99748743718593	0.00207200606886307	-6.17923802560122	31	control	8.32967263864519e-05
20.5_20.5_20.5	2N	3	20.5	SUM-159_NLS_2N_C_A1_seed	SUM-159_NLS_2N_C_A1_	89	4.03768844221106	0.00107519191183425	-6.83525611069927	31	control	4.32237954506215e-05
20.5_20.5_20.5	2N	3	20.5	SUM-159_NLS_2N_C_A1_seed	SUM-159_NLS_2N_C_A1_	90	4.07788944723618	0.000738005738031606	-7.21155895828345	31	control	2.9668572383179e-05
20.5_20.5_20.5	2N	3	20.5	SUM-159_NLS_2N_C_A1_seed	SUM-159_NLS_2N_C_A1_	91	4.11809045226131	0.000699037352324905	-7.26580638035572	31	control	2.8102004113563e-05
20.5_20.5_20.5	2N	3	20.5	SUM-159_NLS_2N_C_A1_seed	SUM-159_NLS_2N_C_A1_	92	4.15829145728643	0.000574237259774337	-7.46246790249344	31	control	2.30849149658016e-05
20.5_20.5_20.5	2N	3	20.5	SUM-159_NLS_2N_C_A1_seed	SUM-159_NLS_2N_C_A1_	93	4.19849246231156	0.000230663706719307	-8.37454972323878	31	control	9.27291283293661e-06
20.5_20.5_20.5	2N	3	20.5	SUM-159_NLS_2N_C_A1_seed	SUM-159_NLS_2N_C_A1_	94	4.23869346733668	0.000186394756715582	-8.58764378531667	31	control	7.4932565513799e-06
20.5_20.5_20.5	2N	3	20.5	SUM-159_NLS_2N_C_A1_seed	SUM-159_NLS_2N_C_A1_	95	4.27889447236181	2.33320388515357e-05	-10.6656830839133	31	control	9.37971411116977e-07
20.5_20.5_20.5	2N	3	20.5	SUM-159_NLS_2N_C_A1_seed	SUM-159_NLS_2N_C_A1_	96	4.31909547738693	0.000209189315569825	-8.47227089987975	31	control	8.40962072642481e-06
20.5_20.5_20.5	2N	3	20.5	SUM-159_NLS_2N_C_A1_seed	SUM-159_NLS_2N_C_A1_	97	4.35929648241206	4.22616753012464e-05	-10.0716299038445	31	control	1.69896182115557e-06
20.5_20.5_20.5	2N	3	20.5	SUM-159_NLS_2N_C_A1_seed	SUM-159_NLS_2N_C_A1_	98	4.39949748743719	2.1922291554153e-05	-10.7280065596445	31	control	8.8129815293074e-07
20.5_20.5_20.5	2N	3	20.5	SUM-159_NLS_2N_C_A1_seed	SUM-159_NLS_2N_C_A1_	99	4.43969849246231	6.88073090216397e-05	-9.58420058288795	31	control	2.7661229757442e-06
20.5_20.5_20.5	2N	3	20.5	SUM-159_NLS_2N_C_A1_seed	SUM-159_NLS_2N_C_A1_	100	4.47989949748744	3.44664482972967e-05	-10.2755242202465	31	control	1.3855858611978e-06
20.5_20.5_20.5	2N	3	20.5	SUM-159_NLS_2N_C_A1_seed	SUM-159_NLS_2N_C_A1_	101	4.52010050251256	5.95536658201598e-08	-16.6363879843469	31	control	2.39411721890081e-09
20.5_20.5_20.5	2N	3	20.5	SUM-159_NLS_2N_C_A1_seed	SUM-159_NLS_2N_C_A1_	102	4.56030150753769	9.99314769973045e-13	-27.6317065808329	31	control	4.01734580893671e-14
20.5_20.5_20.5	2N	3	20.5	SUM-159_NLS_2N_C_A1_seed	SUM-159_NLS_2N_C_A1_	103	4.60050251256281	9.99314769973045e-13	-27.6317065808329	31	control	4.01734580893671e-14
20.5_20.5_20.5	2N	3	20.5	SUM-159_NLS_2N_C_A1_seed	SUM-159_NLS_2N_C_A1_	104	4.64070351758794	9.99314769973045e-13	-27.6317065808329	31	control	4.01734580893671e-14
20.5_20.5_20.5	2N	3	20.5	SUM-159_NLS_2N_C_A1_seed	SUM-159_NLS_2N_C_A1_	105	4.68090452261307	9.99314769973045e-13	-27.6317065808329	31	control	4.01734580893671e-14
20.5_20.5_20.5	2N	3	20.5	SUM-159_NLS_2N_C_A1_seed	SUM-159_NLS_2N_C_A1_	106	4.72110552763819	9.99314769973045e-13	-27.6317065808329	31	control	4.01734580893671e-14
20.5_20.5_20.5	2N	3	20.5	SUM-159_NLS_2N_C_A1_seed	SUM-159_NLS_2N_C_A1_	107	4.76130653266332	9.99314769973045e-13	-27.6317065808329	31	control	4.01734580893671e-14
20.5_20.5_20.5	2N	3	20.5	SUM-159_NLS_2N_C_A1_seed	SUM-159_NLS_2N_C_A1_	108	4.80150753768844	9.99314769973045e-13	-27.6317065808329	31	control	4.01734580893671e-14
20.5_20.5_20.5	2N	3	20.5	SUM-159_NLS_2N_C_A1_seed	SUM-159_NLS_2N_C_A1_	109	4.84170854271357	9.99314769973045e-13	-27.6317065808329	31	control	4.01734580893671e-14
20.5_20.5_20.5	2N	3	20.5	SUM-159_NLS_2N_C_A1_seed	SUM-159_NLS_2N_C_A1_	110	4.88190954773869	9.99314769973045e-13	-27.6317065808329	31	control	4.01734580893671e-14
20.5_20.5_20.5	2N	3	20.5	SUM-159_NLS_2N_C_A1_seed	SUM-159_NLS_2N_C_A1_	111	4.92211055276382	9.99314769973045e-13	-27.6317065808329	31	control	4.01734580893671e-14
20.5_20.5_20.5	2N	3	20.5	SUM-159_NLS_2N_C_A1_seed	SUM-159_NLS_2N_C_A1_	112	4.96231155778894	9.99314769973045e-13	-27.6317065808329	31	control	4.01734580893671e-14
20.5_20.5_20.5	2N	3	20.5	SUM-159_NLS_2N_C_A1_seed	SUM-159_NLS_2N_C_A1_	113	5.00251256281407	9.99314769973045e-13	-27.6317065808329	31	control	4.01734580893671e-14
20.5_20.5_20.5	2N	3	20.5	SUM-159_NLS_2N_C_A1_seed	SUM-159_NLS_2N_C_A1_	114	5.0427135678392	9.99314769973045e-13	-27.6317065808329	31	control	4.01734580893671e-14
20.5_20.5_20.5	2N	3	20.5	SUM-159_NLS_2N_C_A1_seed	SUM-159_NLS_2N_C_A1_	115	5.08291457286432	9.99314769973045e-13	-27.6317065808329	31	control	4.01734580893671e-14
20.5_20.5_20.5	2N	3	20.5	SUM-159_NLS_2N_C_A1_seed	SUM-159_NLS_2N_C_A1_	116	5.12311557788945	9.99314769973045e-13	-27.6317065808329	31	control	4.01734580893671e-14
20.5_20.5_20.5	2N	3	20.5	SUM-159_NLS_2N_C_A1_seed	SUM-159_NLS_2N_C_A1_	117	5.16331658291457	9.99314769973045e-13	-27.6317065808329	31	control	4.01734580893671e-14
20.5_20.5_20.5	2N	3	20.5	SUM-159_NLS_2N_C_A1_seed	SUM-159_NLS_2N_C_A1_	118	5.2035175879397	3.27727019929574e-07	-14.9310848313921	31	control	1.31749555750578e-08
20.5_20.5_20.5	2N	3	20.5	SUM-159_NLS_2N_C_A1_seed	SUM-159_NLS_2N_C_A1_	119	5.24371859296482	4.20680920351708e-05	-10.0762210135374	31	control	1.69117957930328e-06
20.5_20.5_20.5	2N	3	20.5	SUM-159_NLS_2N_C_A1_seed	SUM-159_NLS_2N_C_A1_	120	5.28391959798995	1.92034127746244e-07	-15.4655927320357	31	control	7.71996493452208e-09
20.5_20.5_20.5	2N	3	20.5	SUM-159_NLS_2N_C_A1_seed	SUM-159_NLS_2N_C_A1_	121	5.32412060301508	9.99314769973045e-13	-27.6317065808329	31	control	4.01734580893671e-14
20.5_20.5_20.5	2N	3	20.5	SUM-159_NLS_2N_C_A1_seed	SUM-159_NLS_2N_C_A1_	122	5.3643216080402	9.99314769973045e-13	-27.6317065808329	31	control	4.01734580893671e-14
20.5_20.5_20.5	2N	3	20.5	SUM-159_NLS_2N_C_A1_seed	SUM-159_NLS_2N_C_A1_	123	5.40452261306533	9.99314769973045e-13	-27.6317065808329	31	control	4.01734580893671e-14
20.5_20.5_20.5	2N	3	20.5	SUM-159_NLS_2N_C_A1_seed	SUM-159_NLS_2N_C_A1_	124	5.44472361809045	9.99314769973045e-13	-27.6317065808329	31	control	4.01734580893671e-14
20.5_20.5_20.5	2N	3	20.5	SUM-159_NLS_2N_C_A1_seed	SUM-159_NLS_2N_C_A1_	125	5.48492462311558	9.99314769973045e-13	-27.6317065808329	31	control	4.01734580893671e-14
20.5_20.5_20.5	2N	3	20.5	SUM-159_NLS_2N_C_A1_seed	SUM-159_NLS_2N_C_A1_	126	5.5251256281407	9.99314769973045e-13	-27.6317065808329	31	control	4.01734580893671e-14
20.5_20.5_20.5	2N	3	20.5	SUM-159_NLS_2N_C_A1_seed	SUM-159_NLS_2N_C_A1_	127	5.56532663316583	9.99314769973045e-13	-27.6317065808329	31	control	4.01734580893671e-14
20.5_20.5_20.5	2N	3	20.5	SUM-159_NLS_2N_C_A1_seed	SUM-159_NLS_2N_C_A1_	128	5.60552763819095	9.99314769973045e-13	-27.6317065808329	31	control	4.01734580893671e-14
20.5_20.5_20.5	2N	3	20.5	SUM-159_NLS_2N_C_A1_seed	SUM-159_NLS_2N_C_A1_	129	5.64572864321608	9.99314769973045e-13	-27.6317065808329	31	control	4.01734580893671e-14
20.5_20.5_20.5	2N	3	20.5	SUM-159_NLS_2N_C_A1_seed	SUM-159_NLS_2N_C_A1_	130	5.68592964824121	9.99314769973045e-13	-27.6317065808329	31	control	4.01734580893671e-14
20.5_20.5_20.5	2N	3	20.5	SUM-159_NLS_2N_C_A1_seed	SUM-159_NLS_2N_C_A1_	131	5.72613065326633	9.99314769973045e-13	-27.6317065808329	31	control	4.01734580893671e-14
20.5_20.5_20.5	2N	3	20.5	SUM-159_NLS_2N_C_A1_seed	SUM-159_NLS_2N_C_A1_	132	5.76633165829146	9.99314769973045e-13	-27.6317065808329	31	control	4.01734580893671e-14
20.5_20.5_20.5	2N	3	20.5	SUM-159_NLS_2N_C_A1_seed	SUM-159_NLS_2N_C_A1_	133	5.80653266331658	9.99314769973045e-13	-27.6317065808329	31	control	4.01734580893671e-14
20.5_20.5_20.5	2N	3	20.5	SUM-159_NLS_2N_C_A1_seed	SUM-159_NLS_2N_C_A1_	134	5.84673366834171	9.99314769973045e-13	-27.6317065808329	31	control	4.01734580893671e-14
20.5_20.5_20.5	2N	3	20.5	SUM-159_NLS_2N_C_A1_seed	SUM-159_NLS_2N_C_A1_	135	5.88693467336683	9.99314769973045e-13	-27.6317065808329	31	control	4.01734580893671e-14
20.5_20.5_20.5	2N	3	20.5	SUM-159_NLS_2N_C_A1_seed	SUM-159_NLS_2N_C_A1_	136	5.92713567839196	9.99314769973045e-13	-27.6317065808329	31	control	4.01734580893671e-14
20.5_20.5_20.5	2N	3	20.5	SUM-159_NLS_2N_C_A1_seed	SUM-159_NLS_2N_C_A1_	137	5.96733668341709	9.99314769973045e-13	-27.6317065808329	31	control	4.01734580893671e-14
20.5_20.5_20.5	2N	3	20.5	SUM-159_NLS_2N_C_A1_seed	SUM-159_NLS_2N_C_A1_	138	6.00753768844221	9.99314769973045e-13	-27.6317065808329	31	control	4.01734580893671e-14
20.5_20.5_20.5	2N	3	20.5	SUM-159_NLS_2N_C_A1_seed	SUM-159_NLS_2N_C_A1_	139	6.04773869346734	9.99314769973045e-13	-27.6317065808329	31	control	4.01734580893671e-14
20.5_20.5_20.5	2N	3	20.5	SUM-159_NLS_2N_C_A1_seed	SUM-159_NLS_2N_C_A1_	140	6.08793969849246	9.99314769973045e-13	-27.6317065808329	31	control	4.01734580893671e-14
20.5_20.5_20.5	2N	3	20.5	SUM-159_NLS_2N_C_A1_seed	SUM-159_NLS_2N_C_A1_	141	6.12814070351759	9.99314769973045e-13	-27.6317065808329	31	control	4.01734580893671e-14
20.5_20.5_20.5	2N	3	20.5	SUM-159_NLS_2N_C_A1_seed	SUM-159_NLS_2N_C_A1_	142	6.16834170854271	9.99314769973045e-13	-27.6317065808329	31	control	4.01734580893671e-14
20.5_20.5_20.5	2N	3	20.5	SUM-159_NLS_2N_C_A1_seed	SUM-159_NLS_2N_C_A1_	143	6.20854271356784	9.99314769973045e-13	-27.6317065808329	31	control	4.01734580893671e-14
20.5_20.5_20.5	2N	3	20.5	SUM-159_NLS_2N_C_A1_seed	SUM-159_NLS_2N_C_A1_	144	6.24874371859296	9.99314769973045e-13	-27.6317065808329	31	control	4.01734580893671e-14
20.5_20.5_20.5	2N	3	20.5	SUM-159_NLS_2N_C_A1_seed	SUM-159_NLS_2N_C_A1_	145	6.28894472361809	9.99314769973045e-13	-27.6317065808329	31	control	4.01734580893671e-14
20.5_20.5_20.5	2N	3	20.5	SUM-159_NLS_2N_C_A1_seed	SUM-159_NLS_2N_C_A1_	146	6.32914572864322	9.99314769973045e-13	-27.6317065808329	31	control	4.01734580893671e-14
20.5_20.5_20.5	2N	3	20.5	SUM-159_NLS_2N_C_A1_seed	SUM-159_NLS_2N_C_A1_	147	6.36934673366834	9.99314769973045e-13	-27.6317065808329	31	control	4.01734580893671e-14
20.5_20.5_20.5	2N	3	20.5	SUM-159_NLS_2N_C_A1_seed	SUM-159_NLS_2N_C_A1_	148	6.40954773869347	9.99314769973045e-13	-27.6317065808329	31	control	4.01734580893671e-14
20.5_20.5_20.5	2N	3	20.5	SUM-159_NLS_2N_C_A1_seed	SUM-159_NLS_2N_C_A1_	149	6.44974874371859	9.99314769973045e-13	-27.6317065808329	31	control	4.01734580893671e-14
20.5_20.5_20.5	2N	3	20.5	SUM-159_NLS_2N_C_A1_seed	SUM-159_NLS_2N_C_A1_	150	6.48994974874372	9.99314769973045e-13	-27.6317065808329	31	control	4.01734580893671e-14
20.5_20.5_20.5	2N	3	20.5	SUM-159_NLS_2N_C_A1_seed	SUM-159_NLS_2N_C_A1_	151	6.53015075376884	9.99314769973045e-13	-27.6317065808329	31	control	4.01734580893671e-14
20.5_20.5_20.5	2N	3	20.5	SUM-159_NLS_2N_C_A1_seed	SUM-159_NLS_2N_C_A1_	152	6.57035175879397	9.99314769973045e-13	-27.6317065808329	31	control	4.01734580893671e-14
20.5_20.5_20.5	2N	3	20.5	SUM-159_NLS_2N_C_A1_seed	SUM-159_NLS_2N_C_A1_	153	6.6105527638191	9.99314769973045e-13	-27.6317065808329	31	control	4.01734580893671e-14
20.5_20.5_20.5	2N	3	20.5	SUM-159_NLS_2N_C_A1_seed	SUM-159_NLS_2N_C_A1_	154	6.65075376884422	9.99314769973045e-13	-27.6317065808329	31	control	4.01734580893671e-14
20.5_20.5_20.5	2N	3	20.5	SUM-159_NLS_2N_C_A1_seed	SUM-159_NLS_2N_C_A1_	155	6.69095477386935	9.99314769973045e-13	-27.6317065808329	31	control	4.01734580893671e-14
20.5_20.5_20.5	2N	3	20.5	SUM-159_NLS_2N_C_A1_seed	SUM-159_NLS_2N_C_A1_	156	6.73115577889447	9.99314769973045e-13	-27.6317065808329	31	control	4.01734580893671e-14
20.5_20.5_20.5	2N	3	20.5	SUM-159_NLS_2N_C_A1_seed	SUM-159_NLS_2N_C_A1_	157	6.7713567839196	9.99314769973045e-13	-27.6317065808329	31	control	4.01734580893671e-14
20.5_20.5_20.5	2N	3	20.5	SUM-159_NLS_2N_C_A1_seed	SUM-159_NLS_2N_C_A1_	158	6.81155778894472	9.99314769973045e-13	-27.6317065808329	31	control	4.01734580893671e-14
20.5_20.5_20.5	2N	3	20.5	SUM-159_NLS_2N_C_A1_seed	SUM-159_NLS_2N_C_A1_	159	6.85175879396985	9.99314769973045e-13	-27.6317065808329	31	control	4.01734580893671e-14
20.5_20.5_20.5	2N	3	20.5	SUM-159_NLS_2N_C_A1_seed	SUM-159_NLS_2N_C_A1_	160	6.89195979899498	9.99314769973045e-13	-27.6317065808329	31	control	4.01734580893671e-14
20.5_20.5_20.5	2N	3	20.5	SUM-159_NLS_2N_C_A1_seed	SUM-159_NLS_2N_C_A1_	161	6.9321608040201	9.99314769973045e-13	-27.6317065808329	31	control	4.01734580893671e-14
20.5_20.5_20.5	2N	3	20.5	SUM-159_NLS_2N_C_A1_seed	SUM-159_NLS_2N_C_A1_	162	6.97236180904523	9.99314769973045e-13	-27.6317065808329	31	control	4.01734580893671e-14
20.5_20.5_20.5	2N	3	20.5	SUM-159_NLS_2N_C_A1_seed	SUM-159_NLS_2N_C_A1_	163	7.01256281407035	9.99314769973045e-13	-27.6317065808329	31	control	4.01734580893671e-14
20.5_20.5_20.5	2N	3	20.5	SUM-159_NLS_2N_C_A1_seed	SUM-159_NLS_2N_C_A1_	164	7.05276381909548	9.99314769973045e-13	-27.6317065808329	31	control	4.01734580893671e-14
20.5_20.5_20.5	2N	3	20.5	SUM-159_NLS_2N_C_A1_seed	SUM-159_NLS_2N_C_A1_	165	7.0929648241206	9.99314769973045e-13	-27.6317065808329	31	control	4.01734580893671e-14
20.5_20.5_20.5	2N	3	20.5	SUM-159_NLS_2N_C_A1_seed	SUM-159_NLS_2N_C_A1_	166	7.13316582914573	9.99314769973045e-13	-27.6317065808329	31	control	4.01734580893671e-14
20.5_20.5_20.5	2N	3	20.5	SUM-159_NLS_2N_C_A1_seed	SUM-159_NLS_2N_C_A1_	167	7.17336683417085	9.99314769973045e-13	-27.6317065808329	31	control	4.01734580893671e-14
20.5_20.5_20.5	2N	3	20.5	SUM-159_NLS_2N_C_A1_seed	SUM-159_NLS_2N_C_A1_	168	7.21356783919598	9.99314769973045e-13	-27.6317065808329	31	control	4.01734580893671e-14
20.5_20.5_20.5	2N	3	20.5	SUM-159_NLS_2N_C_A1_seed	SUM-159_NLS_2N_C_A1_	169	7.25376884422111	9.99314769973045e-13	-27.6317065808329	31	control	4.01734580893671e-14
20.5_20.5_20.5	2N	3	20.5	SUM-159_NLS_2N_C_A1_seed	SUM-159_NLS_2N_C_A1_	170	7.29396984924623	9.99314769973045e-13	-27.6317065808329	31	control	4.01734580893671e-14
20.5_20.5_20.5	2N	3	20.5	SUM-159_NLS_2N_C_A1_seed	SUM-159_NLS_2N_C_A1_	171	7.33417085427136	9.99314769973045e-13	-27.6317065808329	31	control	4.01734580893671e-14
20.5_20.5_20.5	2N	3	20.5	SUM-159_NLS_2N_C_A1_seed	SUM-159_NLS_2N_C_A1_	172	7.37437185929648	9.99314769973045e-13	-27.6317065808329	31	control	4.01734580893671e-14
20.5_20.5_20.5	2N	3	20.5	SUM-159_NLS_2N_C_A1_seed	SUM-159_NLS_2N_C_A1_	173	7.41457286432161	9.99314769973045e-13	-27.6317065808329	31	control	4.01734580893671e-14
20.5_20.5_20.5	2N	3	20.5	SUM-159_NLS_2N_C_A1_seed	SUM-159_NLS_2N_C_A1_	174	7.45477386934673	9.99314769973045e-13	-27.6317065808329	31	control	4.01734580893671e-14
20.5_20.5_20.5	2N	3	20.5	SUM-159_NLS_2N_C_A1_seed	SUM-159_NLS_2N_C_A1_	175	7.49497487437186	9.99314769973045e-13	-27.6317065808329	31	control	4.01734580893671e-14
20.5_20.5_20.5	2N	3	20.5	SUM-159_NLS_2N_C_A1_seed	SUM-159_NLS_2N_C_A1_	176	7.53517587939699	9.99314769973045e-13	-27.6317065808329	31	control	4.01734580893671e-14
20.5_20.5_20.5	2N	3	20.5	SUM-159_NLS_2N_C_A1_seed	SUM-159_NLS_2N_C_A1_	177	7.57537688442211	9.99314769973045e-13	-27.6317065808329	31	control	4.01734580893671e-14
20.5_20.5_20.5	2N	3	20.5	SUM-159_NLS_2N_C_A1_seed	SUM-159_NLS_2N_C_A1_	178	7.61557788944724	9.99314769973045e-13	-27.6317065808329	31	control	4.01734580893671e-14
20.5_20.5_20.5	2N	3	20.5	SUM-159_NLS_2N_C_A1_seed	SUM-159_NLS_2N_C_A1_	179	7.65577889447236	9.99314769973045e-13	-27.6317065808329	31	control	4.01734580893671e-14
20.5_20.5_20.5	2N	3	20.5	SUM-159_NLS_2N_C_A1_seed	SUM-159_NLS_2N_C_A1_	180	7.69597989949749	9.99314769973045e-13	-27.6317065808329	31	control	4.01734580893671e-14
20.5_20.5_20.5	2N	3	20.5	SUM-159_NLS_2N_C_A1_seed	SUM-159_NLS_2N_C_A1_	181	7.73618090452261	9.99314769973045e-13	-27.6317065808329	31	control	4.01734580893671e-14
20.5_20.5_20.5	2N	3	20.5	SUM-159_NLS_2N_C_A1_seed	SUM-159_NLS_2N_C_A1_	182	7.77638190954774	9.99314769973045e-13	-27.6317065808329	31	control	4.01734580893671e-14
20.5_20.5_20.5	2N	3	20.5	SUM-159_NLS_2N_C_A1_seed	SUM-159_NLS_2N_C_A1_	183	7.81658291457286	9.99314769973045e-13	-27.6317065808329	31	control	4.01734580893671e-14
20.5_20.5_20.5	2N	3	20.5	SUM-159_NLS_2N_C_A1_seed	SUM-159_NLS_2N_C_A1_	184	7.85678391959799	9.99314769973045e-13	-27.6317065808329	31	control	4.01734580893671e-14
20.5_20.5_20.5	2N	3	20.5	SUM-159_NLS_2N_C_A1_seed	SUM-159_NLS_2N_C_A1_	185	7.89698492462312	9.99314769973045e-13	-27.6317065808329	31	control	4.01734580893671e-14
20.5_20.5_20.5	2N	3	20.5	SUM-159_NLS_2N_C_A1_seed	SUM-159_NLS_2N_C_A1_	186	7.93718592964824	9.99314769973045e-13	-27.6317065808329	31	control	4.01734580893671e-14
20.5_20.5_20.5	2N	3	20.5	SUM-159_NLS_2N_C_A1_seed	SUM-159_NLS_2N_C_A1_	187	7.97738693467337	9.99314769973045e-13	-27.6317065808329	31	control	4.01734580893671e-14
20.5_20.5_20.5	2N	3	20.5	SUM-159_NLS_2N_C_A1_seed	SUM-159_NLS_2N_C_A1_	188	8.01758793969849	9.99314769973045e-13	-27.6317065808329	31	control	4.01734580893671e-14
20.5_20.5_20.5	2N	3	20.5	SUM-159_NLS_2N_C_A1_seed	SUM-159_NLS_2N_C_A1_	189	8.05778894472362	9.99314769973045e-13	-27.6317065808329	31	control	4.01734580893671e-14
20.5_20.5_20.5	2N	3	20.5	SUM-159_NLS_2N_C_A1_seed	SUM-159_NLS_2N_C_A1_	190	8.09798994974874	9.99314769973045e-13	-27.6317065808329	31	control	4.01734580893671e-14
20.5_20.5_20.5	2N	3	20.5	SUM-159_NLS_2N_C_A1_seed	SUM-159_NLS_2N_C_A1_	191	8.13819095477387	9.99314769973045e-13	-27.6317065808329	31	control	4.01734580893671e-14
20.5_20.5_20.5	2N	3	20.5	SUM-159_NLS_2N_C_A1_seed	SUM-159_NLS_2N_C_A1_	192	8.178391959799	9.99314769973045e-13	-27.6317065808329	31	control	4.01734580893671e-14
20.5_20.5_20.5	2N	3	20.5	SUM-159_NLS_2N_C_A1_seed	SUM-159_NLS_2N_C_A1_	193	8.21859296482412	9.99314769973045e-13	-27.6317065808329	31	control	4.01734580893671e-14
20.5_20.5_20.5	2N	3	20.5	SUM-159_NLS_2N_C_A1_seed	SUM-159_NLS_2N_C_A1_	194	8.25879396984925	9.99314769973045e-13	-27.6317065808329	31	control	4.01734580893671e-14
20.5_20.5_20.5	2N	3	20.5	SUM-159_NLS_2N_C_A1_seed	SUM-159_NLS_2N_C_A1_	195	8.29899497487437	9.99314769973045e-13	-27.6317065808329	31	control	4.01734580893671e-14
20.5_20.5_20.5	2N	3	20.5	SUM-159_NLS_2N_C_A1_seed	SUM-159_NLS_2N_C_A1_	196	8.3391959798995	9.99314769973045e-13	-27.6317065808329	31	control	4.01734580893671e-14
20.5_20.5_20.5	2N	3	20.5	SUM-159_NLS_2N_C_A1_seed	SUM-159_NLS_2N_C_A1_	197	8.37939698492462	9.99314769973045e-13	-27.6317065808329	31	control	4.01734580893671e-14
20.5_20.5_20.5	2N	3	20.5	SUM-159_NLS_2N_C_A1_seed	SUM-159_NLS_2N_C_A1_	198	8.41959798994975	9.99314769973045e-13	-27.6317065808329	31	control	4.01734580893671e-14
20.5_20.5_20.5	2N	3	20.5	SUM-159_NLS_2N_C_A1_seed	SUM-159_NLS_2N_C_A1_	199	8.45979899497488	9.99314769973045e-13	-27.6317065808329	31	control	4.01734580893671e-14
20.5_20.5_20.5	2N	3	20.5	SUM-159_NLS_2N_C_A1_seed	SUM-159_NLS_2N_C_A1_	200	8.5	9.99314769973045e-13	-27.6317065808329	31	control	4.01734580893671e-14
20.5_20.5_2_1_0.5_0.3_0.2_0.1	2N	14	0.1	SUM-159_NLS_2N_O1_A6_seed	SUM-159_NLS_2N_O1_A6	1	0.5	9.98737185049156e-13	-27.6322847289021	56	oxygen-deprived	4.01502385949394e-14
20.5_20.5_2_1_0.5_0.3_0.2_0.1	2N	14	0.1	SUM-159_NLS_2N_O1_A6_seed	SUM-159_NLS_2N_O1_A6	2	0.540201005025126	9.98737185049156e-13	-27.6322847289021	56	oxygen-deprived	4.01502385949394e-14
20.5_20.5_2_1_0.5_0.3_0.2_0.1	2N	14	0.1	SUM-159_NLS_2N_O1_A6_seed	SUM-159_NLS_2N_O1_A6	3	0.580402010050251	9.98737185049156e-13	-27.6322847289021	56	oxygen-deprived	4.01502385949394e-14
20.5_20.5_2_1_0.5_0.3_0.2_0.1	2N	14	0.1	SUM-159_NLS_2N_O1_A6_seed	SUM-159_NLS_2N_O1_A6	4	0.620603015075377	9.98737185049156e-13	-27.6322847289021	56	oxygen-deprived	4.01502385949394e-14
20.5_20.5_2_1_0.5_0.3_0.2_0.1	2N	14	0.1	SUM-159_NLS_2N_O1_A6_seed	SUM-159_NLS_2N_O1_A6	5	0.660804020100503	9.98737185049156e-13	-27.6322847289021	56	oxygen-deprived	4.01502385949394e-14
20.5_20.5_2_1_0.5_0.3_0.2_0.1	2N	14	0.1	SUM-159_NLS_2N_O1_A6_seed	SUM-159_NLS_2N_O1_A6	6	0.701005025125628	9.98737185049156e-13	-27.6322847289021	56	oxygen-deprived	4.01502385949394e-14
20.5_20.5_2_1_0.5_0.3_0.2_0.1	2N	14	0.1	SUM-159_NLS_2N_O1_A6_seed	SUM-159_NLS_2N_O1_A6	7	0.741206030150754	9.98737185049156e-13	-27.6322847289021	56	oxygen-deprived	4.01502385949394e-14
20.5_20.5_2_1_0.5_0.3_0.2_0.1	2N	14	0.1	SUM-159_NLS_2N_O1_A6_seed	SUM-159_NLS_2N_O1_A6	8	0.781407035175879	9.98737185049156e-13	-27.6322847289021	56	oxygen-deprived	4.01502385949394e-14
20.5_20.5_2_1_0.5_0.3_0.2_0.1	2N	14	0.1	SUM-159_NLS_2N_O1_A6_seed	SUM-159_NLS_2N_O1_A6	9	0.821608040201005	9.98737185049156e-13	-27.6322847289021	56	oxygen-deprived	4.01502385949394e-14
20.5_20.5_2_1_0.5_0.3_0.2_0.1	2N	14	0.1	SUM-159_NLS_2N_O1_A6_seed	SUM-159_NLS_2N_O1_A6	10	0.861809045226131	9.98737185049156e-13	-27.6322847289021	56	oxygen-deprived	4.01502385949394e-14
20.5_20.5_2_1_0.5_0.3_0.2_0.1	2N	14	0.1	SUM-159_NLS_2N_O1_A6_seed	SUM-159_NLS_2N_O1_A6	11	0.902010050251256	9.98737185049156e-13	-27.6322847289021	56	oxygen-deprived	4.01502385949394e-14
20.5_20.5_2_1_0.5_0.3_0.2_0.1	2N	14	0.1	SUM-159_NLS_2N_O1_A6_seed	SUM-159_NLS_2N_O1_A6	12	0.942211055276382	9.98737185049156e-13	-27.6322847289021	56	oxygen-deprived	4.01502385949394e-14
20.5_20.5_2_1_0.5_0.3_0.2_0.1	2N	14	0.1	SUM-159_NLS_2N_O1_A6_seed	SUM-159_NLS_2N_O1_A6	13	0.982412060301508	9.98737185049156e-13	-27.6322847289021	56	oxygen-deprived	4.01502385949394e-14
20.5_20.5_2_1_0.5_0.3_0.2_0.1	2N	14	0.1	SUM-159_NLS_2N_O1_A6_seed	SUM-159_NLS_2N_O1_A6	14	1.02261306532663	9.98737185049156e-13	-27.6322847289021	56	oxygen-deprived	4.01502385949394e-14
20.5_20.5_2_1_0.5_0.3_0.2_0.1	2N	14	0.1	SUM-159_NLS_2N_O1_A6_seed	SUM-159_NLS_2N_O1_A6	15	1.06281407035176	5.55540067855211e-09	-19.0084952871037	56	oxygen-deprived	2.23332690595051e-10
20.5_20.5_2_1_0.5_0.3_0.2_0.1	2N	14	0.1	SUM-159_NLS_2N_O1_A6_seed	SUM-159_NLS_2N_O1_A6	16	1.10301507537688	3.29881823134646e-05	-10.3193611723483	56	oxygen-deprived	1.3261580829533e-06
20.5_20.5_2_1_0.5_0.3_0.2_0.1	2N	14	0.1	SUM-159_NLS_2N_O1_A6_seed	SUM-159_NLS_2N_O1_A6	17	1.14321608040201	0.000123888614595157	-8.99612766543885	56	oxygen-deprived	4.98044681789557e-06
20.5_20.5_2_1_0.5_0.3_0.2_0.1	2N	14	0.1	SUM-159_NLS_2N_O1_A6_seed	SUM-159_NLS_2N_O1_A6	18	1.18341708542714	5.94061794394672e-05	-9.73111230603906	56	oxygen-deprived	2.38818811816944e-06
20.5_20.5_2_1_0.5_0.3_0.2_0.1	2N	14	0.1	SUM-159_NLS_2N_O1_A6_seed	SUM-159_NLS_2N_O1_A6	19	1.22361809045226	0.000291082468827897	-8.14190393290841	56	oxygen-deprived	1.17018077920758e-05
20.5_20.5_2_1_0.5_0.3_0.2_0.1	2N	14	0.1	SUM-159_NLS_2N_O1_A6_seed	SUM-159_NLS_2N_O1_A6	20	1.26381909547739	0.00124501527689197	-6.68860747854479	56	oxygen-deprived	5.00508654026903e-05
20.5_20.5_2_1_0.5_0.3_0.2_0.1	2N	14	0.1	SUM-159_NLS_2N_O1_A6_seed	SUM-159_NLS_2N_O1_A6	21	1.30402010050251	0.00270733674357493	-5.91178987875571	56	oxygen-deprived	0.000108837658033159
20.5_20.5_2_1_0.5_0.3_0.2_0.1	2N	14	0.1	SUM-159_NLS_2N_O1_A6_seed	SUM-159_NLS_2N_O1_A6	22	1.34422110552764	0.00901808440815381	-4.70852333906322	56	oxygen-deprived	0.000362536056609184
20.5_20.5_2_1_0.5_0.3_0.2_0.1	2N	14	0.1	SUM-159_NLS_2N_O1_A6_seed	SUM-159_NLS_2N_O1_A6	23	1.38442211055276	0.0234245387769364	-3.75397114040319	56	oxygen-deprived	0.000941690001082834
20.5_20.5_2_1_0.5_0.3_0.2_0.1	2N	14	0.1	SUM-159_NLS_2N_O1_A6_seed	SUM-159_NLS_2N_O1_A6	24	1.42462311557789	0.0508774952968954	-2.97833458881735	56	oxygen-deprived	0.00204532644409622
20.5_20.5_2_1_0.5_0.3_0.2_0.1	2N	14	0.1	SUM-159_NLS_2N_O1_A6_seed	SUM-159_NLS_2N_O1_A6	25	1.46482412060302	0.116985643761899	-2.14570405460275	56	oxygen-deprived	0.00470294045273948
20.5_20.5_2_1_0.5_0.3_0.2_0.1	2N	14	0.1	SUM-159_NLS_2N_O1_A6_seed	SUM-159_NLS_2N_O1_A6	26	1.50502512562814	0.228680467420975	-1.47542958859259	56	oxygen-deprived	0.00919318461993834
20.5_20.5_2_1_0.5_0.3_0.2_0.1	2N	14	0.1	SUM-159_NLS_2N_O1_A6_seed	SUM-159_NLS_2N_O1_A6	27	1.54522613065327	0.412528125887737	-0.885450891561552	56	oxygen-deprived	0.0165840452618179
20.5_20.5_2_1_0.5_0.3_0.2_0.1	2N	14	0.1	SUM-159_NLS_2N_O1_A6_seed	SUM-159_NLS_2N_O1_A6	28	1.58542713567839	0.680519520227281	-0.38489877217744	56	oxygen-deprived	0.027357568652352
20.5_20.5_2_1_0.5_0.3_0.2_0.1	2N	14	0.1	SUM-159_NLS_2N_O1_A6_seed	SUM-159_NLS_2N_O1_A6	29	1.62562814070352	1.06765736579502	0.0654668705207356	56	oxygen-deprived	0.0429208991274363
20.5_20.5_2_1_0.5_0.3_0.2_0.1	2N	14	0.1	SUM-159_NLS_2N_O1_A6_seed	SUM-159_NLS_2N_O1_A6	30	1.66582914572864	1.48075266979185	0.392550519173045	56	oxygen-deprived	0.0595277455192681
20.5_20.5_2_1_0.5_0.3_0.2_0.1	2N	14	0.1	SUM-159_NLS_2N_O1_A6_seed	SUM-159_NLS_2N_O1_A6	31	1.70603015075377	1.93490918643891	0.660060393307488	56	oxygen-deprived	0.0777852939271894
20.5_20.5_2_1_0.5_0.3_0.2_0.1	2N	14	0.1	SUM-159_NLS_2N_O1_A6_seed	SUM-159_NLS_2N_O1_A6	32	1.74623115577889	2.32773492854179	0.844895661076157	56	oxygen-deprived	0.0935772835594653
20.5_20.5_2_1_0.5_0.3_0.2_0.1	2N	14	0.1	SUM-159_NLS_2N_O1_A6_seed	SUM-159_NLS_2N_O1_A6	33	1.78643216080402	2.60303810897954	0.956679266312305	56	oxygen-deprived	0.104644748099676
20.5_20.5_2_1_0.5_0.3_0.2_0.1	2N	14	0.1	SUM-159_NLS_2N_O1_A6_seed	SUM-159_NLS_2N_O1_A6	34	1.82663316582915	2.65535925491794	0.976579958126774	56	oxygen-deprived	0.106748110750466
20.5_20.5_2_1_0.5_0.3_0.2_0.1	2N	14	0.1	SUM-159_NLS_2N_O1_A6_seed	SUM-159_NLS_2N_O1_A6	35	1.86683417085427	2.51898568495318	0.923856314525101	56	oxygen-deprived	0.101265756179018
20.5_20.5_2_1_0.5_0.3_0.2_0.1	2N	14	0.1	SUM-159_NLS_2N_O1_A6_seed	SUM-159_NLS_2N_O1_A6	36	1.9070351758794	2.20003490545325	0.788473226353518	56	oxygen-deprived	0.0884436142895745
20.5_20.5_2_1_0.5_0.3_0.2_0.1	2N	14	0.1	SUM-159_NLS_2N_O1_A6_seed	SUM-159_NLS_2N_O1_A6	37	1.94723618090452	1.78412135738181	0.578926057282425	56	oxygen-deprived	0.0717234716535373
20.5_20.5_2_1_0.5_0.3_0.2_0.1	2N	14	0.1	SUM-159_NLS_2N_O1_A6_seed	SUM-159_NLS_2N_O1_A6	38	1.98743718592965	1.35233092336067	0.301829713469825	56	oxygen-deprived	0.054365062245653
20.5_20.5_2_1_0.5_0.3_0.2_0.1	2N	14	0.1	SUM-159_NLS_2N_O1_A6_seed	SUM-159_NLS_2N_O1_A6	39	2.02763819095477	0.958711728562871	-0.042164845154397	56	oxygen-deprived	0.0385411750176014
20.5_20.5_2_1_0.5_0.3_0.2_0.1	2N	14	0.1	SUM-159_NLS_2N_O1_A6_seed	SUM-159_NLS_2N_O1_A6	40	2.0678391959799	0.626658578307979	-0.4673534188649	56	oxygen-deprived	0.0251923046555962
20.5_20.5_2_1_0.5_0.3_0.2_0.1	2N	14	0.1	SUM-159_NLS_2N_O1_A6_seed	SUM-159_NLS_2N_O1_A6	41	2.10804020100502	0.386271973761427	-0.951213562391135	56	oxygen-deprived	0.0155285215582477
20.5_20.5_2_1_0.5_0.3_0.2_0.1	2N	14	0.1	SUM-159_NLS_2N_O1_A6_seed	SUM-159_NLS_2N_O1_A6	42	2.14824120603015	0.223295126389335	-1.49926094576903	56	oxygen-deprived	0.00897668849806337
20.5_20.5_2_1_0.5_0.3_0.2_0.1	2N	14	0.1	SUM-159_NLS_2N_O1_A6_seed	SUM-159_NLS_2N_O1_A6	43	2.18844221105528	0.121734836183966	-2.10591007357328	56	oxygen-deprived	0.00489386276116427
20.5_20.5_2_1_0.5_0.3_0.2_0.1	2N	14	0.1	SUM-159_NLS_2N_O1_A6_seed	SUM-159_NLS_2N_O1_A6	44	2.2286432160804	0.0630700802991679	-2.76350878513206	56	oxygen-deprived	0.00253548061504183
20.5_20.5_2_1_0.5_0.3_0.2_0.1	2N	14	0.1	SUM-159_NLS_2N_O1_A6_seed	SUM-159_NLS_2N_O1_A6	45	2.26884422110553	0.0307350139993508	-3.48235275313764	56	oxygen-deprived	0.00123557845223516
20.5_20.5_2_1_0.5_0.3_0.2_0.1	2N	14	0.1	SUM-159_NLS_2N_O1_A6_seed	SUM-159_NLS_2N_O1_A6	46	2.30904522613065	0.01399989364607	-4.26870554610502	56	oxygen-deprived	0.000562809794816863
20.5_20.5_2_1_0.5_0.3_0.2_0.1	2N	14	0.1	SUM-159_NLS_2N_O1_A6_seed	SUM-159_NLS_2N_O1_A6	47	2.34924623115578	0.00582874593622608	-5.14495340703674	56	oxygen-deprived	0.000234321444672396
20.5_20.5_2_1_0.5_0.3_0.2_0.1	2N	14	0.1	SUM-159_NLS_2N_O1_A6_seed	SUM-159_NLS_2N_O1_A6	48	2.3894472361809	0.00253416356232566	-5.97789165207642	56	oxygen-deprived	0.00010187592210354
20.5_20.5_2_1_0.5_0.3_0.2_0.1	2N	14	0.1	SUM-159_NLS_2N_O1_A6_seed	SUM-159_NLS_2N_O1_A6	49	2.42964824120603	0.00105167797391981	-6.85736831996862	56	oxygen-deprived	4.22785115143626e-05
20.5_20.5_2_1_0.5_0.3_0.2_0.1	2N	14	0.1	SUM-159_NLS_2N_O1_A6_seed	SUM-159_NLS_2N_O1_A6	50	2.46984924623116	0.000582923163178121	-7.44745517587742	56	oxygen-deprived	2.34340970121849e-05
20.5_20.5_2_1_0.5_0.3_0.2_0.1	2N	14	0.1	SUM-159_NLS_2N_O1_A6_seed	SUM-159_NLS_2N_O1_A6	51	2.51005025125628	0.000207439756579639	-8.48066959018404	56	oxygen-deprived	8.33928669666858e-06
20.5_20.5_2_1_0.5_0.3_0.2_0.1	2N	14	0.1	SUM-159_NLS_2N_O1_A6_seed	SUM-159_NLS_2N_O1_A6	52	2.55025125628141	0.000142019577870498	-8.85954563753908	56	oxygen-deprived	5.70932976363789e-06
20.5_20.5_2_1_0.5_0.3_0.2_0.1	2N	14	0.1	SUM-159_NLS_2N_O1_A6_seed	SUM-159_NLS_2N_O1_A6	53	2.59045226130653	5.20558249297489e-05	-9.86319385889103	56	oxygen-deprived	2.09269647958781e-06
20.5_20.5_2_1_0.5_0.3_0.2_0.1	2N	14	0.1	SUM-159_NLS_2N_O1_A6_seed	SUM-159_NLS_2N_O1_A6	54	2.63065326633166	2.10682547503653e-07	-15.372913350589	56	oxygen-deprived	8.4696501509003e-09
20.5_20.5_2_1_0.5_0.3_0.2_0.1	2N	14	0.1	SUM-159_NLS_2N_O1_A6_seed	SUM-159_NLS_2N_O1_A6	55	2.67085427135678	9.98737185049156e-13	-27.6322847289021	56	oxygen-deprived	4.01502385949394e-14
20.5_20.5_2_1_0.5_0.3_0.2_0.1	2N	14	0.1	SUM-159_NLS_2N_O1_A6_seed	SUM-159_NLS_2N_O1_A6	56	2.71105527638191	9.98737185049156e-13	-27.6322847289021	56	oxygen-deprived	4.01502385949394e-14
20.5_20.5_2_1_0.5_0.3_0.2_0.1	2N	14	0.1	SUM-159_NLS_2N_O1_A6_seed	SUM-159_NLS_2N_O1_A6	57	2.75125628140704	9.98737185049156e-13	-27.6322847289021	56	oxygen-deprived	4.01502385949394e-14
20.5_20.5_2_1_0.5_0.3_0.2_0.1	2N	14	0.1	SUM-159_NLS_2N_O1_A6_seed	SUM-159_NLS_2N_O1_A6	58	2.79145728643216	9.98737185049156e-13	-27.6322847289021	56	oxygen-deprived	4.01502385949394e-14
20.5_20.5_2_1_0.5_0.3_0.2_0.1	2N	14	0.1	SUM-159_NLS_2N_O1_A6_seed	SUM-159_NLS_2N_O1_A6	59	2.83165829145729	9.98737185049156e-13	-27.6322847289021	56	oxygen-deprived	4.01502385949394e-14
20.5_20.5_2_1_0.5_0.3_0.2_0.1	2N	14	0.1	SUM-159_NLS_2N_O1_A6_seed	SUM-159_NLS_2N_O1_A6	60	2.87185929648241	9.98737185049156e-13	-27.6322847289021	56	oxygen-deprived	4.01502385949394e-14
20.5_20.5_2_1_0.5_0.3_0.2_0.1	2N	14	0.1	SUM-159_NLS_2N_O1_A6_seed	SUM-159_NLS_2N_O1_A6	61	2.91206030150754	8.43493672355708e-09	-18.5908836226296	56	oxygen-deprived	3.39092933610322e-10
20.5_20.5_2_1_0.5_0.3_0.2_0.1	2N	14	0.1	SUM-159_NLS_2N_O1_A6_seed	SUM-159_NLS_2N_O1_A6	62	2.95226130653266	4.31973512812047e-05	-10.049731377529	56	oxygen-deprived	1.73657693592776e-06
20.5_20.5_2_1_0.5_0.3_0.2_0.1	2N	14	0.1	SUM-159_NLS_2N_O1_A6_seed	SUM-159_NLS_2N_O1_A6	63	2.99246231155779	9.87081516642742e-05	-9.22334302461837	56	oxygen-deprived	3.9681669010762e-06
20.5_20.5_2_1_0.5_0.3_0.2_0.1	2N	14	0.1	SUM-159_NLS_2N_O1_A6_seed	SUM-159_NLS_2N_O1_A6	64	3.03266331658291	9.37462162629015e-05	-9.27491925379062	56	oxygen-deprived	3.76869211107127e-06
20.5_20.5_2_1_0.5_0.3_0.2_0.1	2N	14	0.1	SUM-159_NLS_2N_O1_A6_seed	SUM-159_NLS_2N_O1_A6	65	3.07286432160804	0.000154276522856717	-8.77676396275276	56	oxygen-deprived	6.20207127062155e-06
20.5_20.5_2_1_0.5_0.3_0.2_0.1	2N	14	0.1	SUM-159_NLS_2N_O1_A6_seed	SUM-159_NLS_2N_O1_A6	66	3.11306532663317	0.000612766259413875	-7.39752700075694	56	oxygen-deprived	2.46338194739237e-05
20.5_20.5_2_1_0.5_0.3_0.2_0.1	2N	14	0.1	SUM-159_NLS_2N_O1_A6_seed	SUM-159_NLS_2N_O1_A6	67	3.15326633165829	0.000899897118667403	-7.01323011376592	56	oxygen-deprived	3.61767685896429e-05
20.5_20.5_2_1_0.5_0.3_0.2_0.1	2N	14	0.1	SUM-159_NLS_2N_O1_A6_seed	SUM-159_NLS_2N_O1_A6	68	3.19346733668342	0.00186992280554362	-6.28185812942566	56	oxygen-deprived	7.51727761022532e-05
20.5_20.5_2_1_0.5_0.3_0.2_0.1	2N	14	0.1	SUM-159_NLS_2N_O1_A6_seed	SUM-159_NLS_2N_O1_A6	69	3.23366834170854	0.00419138700369345	-5.47472357269101	56	oxygen-deprived	0.00016849796999772
20.5_20.5_2_1_0.5_0.3_0.2_0.1	2N	14	0.1	SUM-159_NLS_2N_O1_A6_seed	SUM-159_NLS_2N_O1_A6	70	3.27386934673367	0.00672288752345136	-5.00223752574803	56	oxygen-deprived	0.000270266835113612
20.5_20.5_2_1_0.5_0.3_0.2_0.1	2N	14	0.1	SUM-159_NLS_2N_O1_A6_seed	SUM-159_NLS_2N_O1_A6	71	3.31407035175879	0.0112048187332755	-4.49141134916706	56	oxygen-deprived	0.000450444974202013
20.5_20.5_2_1_0.5_0.3_0.2_0.1	2N	14	0.1	SUM-159_NLS_2N_O1_A6_seed	SUM-159_NLS_2N_O1_A6	72	3.35427135678392	0.0151341376485406	-4.1908023154333	56	oxygen-deprived	0.0006084075436599
20.5_20.5_2_1_0.5_0.3_0.2_0.1	2N	14	0.1	SUM-159_NLS_2N_O1_A6_seed	SUM-159_NLS_2N_O1_A6	73	3.39447236180905	0.0232902324165702	-3.75972121589265	56	oxygen-deprived	0.000936290750414846
20.5_20.5_2_1_0.5_0.3_0.2_0.1	2N	14	0.1	SUM-159_NLS_2N_O1_A6_seed	SUM-159_NLS_2N_O1_A6	74	3.43467336683417	0.0351179471481535	-3.34904296442496	56	oxygen-deprived	0.00141177676977496
20.5_20.5_2_1_0.5_0.3_0.2_0.1	2N	14	0.1	SUM-159_NLS_2N_O1_A6_seed	SUM-159_NLS_2N_O1_A6	75	3.4748743718593	0.0465849673681156	-3.0664773785605	56	oxygen-deprived	0.00187276250726086
20.5_20.5_2_1_0.5_0.3_0.2_0.1	2N	14	0.1	SUM-159_NLS_2N_O1_A6_seed	SUM-159_NLS_2N_O1_A6	76	3.51507537688442	0.0600358928337848	-2.81281268172223	56	oxygen-deprived	0.00241350322949879
20.5_20.5_2_1_0.5_0.3_0.2_0.1	2N	14	0.1	SUM-159_NLS_2N_O1_A6_seed	SUM-159_NLS_2N_O1_A6	77	3.55527638190955	0.0686504211726809	-2.67872801171515	56	oxygen-deprived	0.00275981592653983
20.5_20.5_2_1_0.5_0.3_0.2_0.1	2N	14	0.1	SUM-159_NLS_2N_O1_A6_seed	SUM-159_NLS_2N_O1_A6	78	3.59547738693467	0.0786524783769642	-2.54271613850625	56	oxygen-deprived	0.0031619086784708
20.5_20.5_2_1_0.5_0.3_0.2_0.1	2N	14	0.1	SUM-159_NLS_2N_O1_A6_seed	SUM-159_NLS_2N_O1_A6	79	3.6356783919598	0.0890148330225181	-2.4189522599624	56	oxygen-deprived	0.00357848574964883
20.5_20.5_2_1_0.5_0.3_0.2_0.1	2N	14	0.1	SUM-159_NLS_2N_O1_A6_seed	SUM-159_NLS_2N_O1_A6	80	3.67587939698492	0.0899787969081751	-2.4081812263167	56	oxygen-deprived	0.00361723806666017
20.5_20.5_2_1_0.5_0.3_0.2_0.1	2N	14	0.1	SUM-159_NLS_2N_O1_A6_seed	SUM-159_NLS_2N_O1_A6	81	3.71608040201005	0.0883846785393035	-2.42605664405127	56	oxygen-deprived	0.00355315290610252
20.5_20.5_2_1_0.5_0.3_0.2_0.1	2N	14	0.1	SUM-159_NLS_2N_O1_A6_seed	SUM-159_NLS_2N_O1_A6	82	3.75628140703518	0.0795886704066682	-2.53088352783642	56	oxygen-deprived	0.00319954453896141
20.5_20.5_2_1_0.5_0.3_0.2_0.1	2N	14	0.1	SUM-159_NLS_2N_O1_A6_seed	SUM-159_NLS_2N_O1_A6	83	3.7964824120603	0.068828619196333	-2.67613564384627	56	oxygen-deprived	0.00276697966618413
20.5_20.5_2_1_0.5_0.3_0.2_0.1	2N	14	0.1	SUM-159_NLS_2N_O1_A6_seed	SUM-159_NLS_2N_O1_A6	84	3.83668341708543	0.0631636075779543	-2.76202697314553	56	oxygen-deprived	0.00253924050564631
20.5_20.5_2_1_0.5_0.3_0.2_0.1	2N	14	0.1	SUM-159_NLS_2N_O1_A6_seed	SUM-159_NLS_2N_O1_A6	85	3.87688442211055	0.0485162636240006	-3.02585620479644	56	oxygen-deprived	0.00195040255774869
20.5_20.5_2_1_0.5_0.3_0.2_0.1	2N	14	0.1	SUM-159_NLS_2N_O1_A6_seed	SUM-159_NLS_2N_O1_A6	86	3.91708542713568	0.0348492138970517	-3.35672469878606	56	oxygen-deprived	0.001400973422997
20.5_20.5_2_1_0.5_0.3_0.2_0.1	2N	14	0.1	SUM-159_NLS_2N_O1_A6_seed	SUM-159_NLS_2N_O1_A6	87	3.9572864321608	0.0244376643026692	-3.71162971787627	56	oxygen-deprived	0.0009824186654339
20.5_20.5_2_1_0.5_0.3_0.2_0.1	2N	14	0.1	SUM-159_NLS_2N_O1_A6_seed	SUM-159_NLS_2N_O1_A6	88	3.99748743718593	0.0166423248856654	-4.09580613666192	56	oxygen-deprived	0.000669038186358382
20.5_20.5_2_1_0.5_0.3_0.2_0.1	2N	14	0.1	SUM-159_NLS_2N_O1_A6_seed	SUM-159_NLS_2N_O1_A6	89	4.03768844221106	0.0116546338131369	-4.45205142585227	56	oxygen-deprived	0.000468527992487897
20.5_20.5_2_1_0.5_0.3_0.2_0.1	2N	14	0.1	SUM-159_NLS_2N_O1_A6_seed	SUM-159_NLS_2N_O1_A6	90	4.07788944723618	0.00736621329563362	-4.91085150459957	56	oxygen-deprived	0.000296129177713903
20.5_20.5_2_1_0.5_0.3_0.2_0.1	2N	14	0.1	SUM-159_NLS_2N_O1_A6_seed	SUM-159_NLS_2N_O1_A6	91	4.11809045226131	0.00502896627995876	-5.29254082693335	56	oxygen-deprived	0.000202169498691802
20.5_20.5_2_1_0.5_0.3_0.2_0.1	2N	14	0.1	SUM-159_NLS_2N_O1_A6_seed	SUM-159_NLS_2N_O1_A6	92	4.15829145728643	0.00294180756000001	-5.82873107022714	56	oxygen-deprived	0.000118263620502508
20.5_20.5_2_1_0.5_0.3_0.2_0.1	2N	14	0.1	SUM-159_NLS_2N_O1_A6_seed	SUM-159_NLS_2N_O1_A6	93	4.19849246231156	0.00167230147578289	-6.39355447209066	56	oxygen-deprived	6.72282000314704e-05
20.5_20.5_2_1_0.5_0.3_0.2_0.1	2N	14	0.1	SUM-159_NLS_2N_O1_A6_seed	SUM-159_NLS_2N_O1_A6	94	4.23869346733668	0.0012670567082102	-6.67105862078349	56	oxygen-deprived	5.09369530938754e-05
20.5_20.5_2_1_0.5_0.3_0.2_0.1	2N	14	0.1	SUM-159_NLS_2N_O1_A6_seed	SUM-159_NLS_2N_O1_A6	95	4.27889447236181	0.000691419622662446	-7.27676364982301	56	oxygen-deprived	2.77957637251224e-05
20.5_20.5_2_1_0.5_0.3_0.2_0.1	2N	14	0.1	SUM-159_NLS_2N_O1_A6_seed	SUM-159_NLS_2N_O1_A6	96	4.31909547738693	0.000428508619548838	-7.75519970449553	56	oxygen-deprived	1.72264771677918e-05
20.5_20.5_2_1_0.5_0.3_0.2_0.1	2N	14	0.1	SUM-159_NLS_2N_O1_A6_seed	SUM-159_NLS_2N_O1_A6	97	4.35929648241206	0.000297289978260031	-8.12080253771093	56	oxygen-deprived	1.19513559099505e-05
20.5_20.5_2_1_0.5_0.3_0.2_0.1	2N	14	0.1	SUM-159_NLS_2N_O1_A6_seed	SUM-159_NLS_2N_O1_A6	98	4.39949748743719	0.000186310893898191	-8.58809380703578	56	oxygen-deprived	7.48988518183654e-06
20.5_20.5_2_1_0.5_0.3_0.2_0.1	2N	14	0.1	SUM-159_NLS_2N_O1_A6_seed	SUM-159_NLS_2N_O1_A6	99	4.43969849246231	9.59462230703855e-05	-9.25172269980398	56	oxygen-deprived	3.85713459579424e-06
20.5_20.5_2_1_0.5_0.3_0.2_0.1	2N	14	0.1	SUM-159_NLS_2N_O1_A6_seed	SUM-159_NLS_2N_O1_A6	100	4.47989949748744	3.92865221587478e-05	-10.1446290455236	56	oxygen-deprived	1.57935767472347e-06
20.5_20.5_2_1_0.5_0.3_0.2_0.1	2N	14	0.1	SUM-159_NLS_2N_O1_A6_seed	SUM-159_NLS_2N_O1_A6	101	4.52010050251256	0.000103324092534259	-9.17763998023985	56	oxygen-deprived	4.15373236318613e-06
20.5_20.5_2_1_0.5_0.3_0.2_0.1	2N	14	0.1	SUM-159_NLS_2N_O1_A6_seed	SUM-159_NLS_2N_O1_A6	102	4.56030150753769	7.7562240842219e-05	-9.46442983628182	56	oxygen-deprived	3.11808003385793e-06
20.5_20.5_2_1_0.5_0.3_0.2_0.1	2N	14	0.1	SUM-159_NLS_2N_O1_A6_seed	SUM-159_NLS_2N_O1_A6	103	4.60050251256281	8.92833192008734e-05	-9.3236958825932	56	oxygen-deprived	3.58927916385407e-06
20.5_20.5_2_1_0.5_0.3_0.2_0.1	2N	14	0.1	SUM-159_NLS_2N_O1_A6_seed	SUM-159_NLS_2N_O1_A6	104	4.64070351758794	3.27174743047005e-06	-12.6301863333798	56	oxygen-deprived	1.31527534893263e-07
20.5_20.5_2_1_0.5_0.3_0.2_0.1	2N	14	0.1	SUM-159_NLS_2N_O1_A6_seed	SUM-159_NLS_2N_O1_A6	105	4.68090452261307	4.98782084155232e-12	-26.0240220066483	56	oxygen-deprived	2.00515410715663e-13
20.5_20.5_2_1_0.5_0.3_0.2_0.1	2N	14	0.1	SUM-159_NLS_2N_O1_A6_seed	SUM-159_NLS_2N_O1_A6	106	4.72110552763819	9.98737185049156e-13	-27.6322847289021	56	oxygen-deprived	4.01502385949394e-14
20.5_20.5_2_1_0.5_0.3_0.2_0.1	2N	14	0.1	SUM-159_NLS_2N_O1_A6_seed	SUM-159_NLS_2N_O1_A6	107	4.76130653266332	9.98737185049156e-13	-27.6322847289021	56	oxygen-deprived	4.01502385949394e-14
20.5_20.5_2_1_0.5_0.3_0.2_0.1	2N	14	0.1	SUM-159_NLS_2N_O1_A6_seed	SUM-159_NLS_2N_O1_A6	108	4.80150753768844	9.98737185049156e-13	-27.6322847289021	56	oxygen-deprived	4.01502385949394e-14
20.5_20.5_2_1_0.5_0.3_0.2_0.1	2N	14	0.1	SUM-159_NLS_2N_O1_A6_seed	SUM-159_NLS_2N_O1_A6	109	4.84170854271357	9.98737185049156e-13	-27.6322847289021	56	oxygen-deprived	4.01502385949394e-14
20.5_20.5_2_1_0.5_0.3_0.2_0.1	2N	14	0.1	SUM-159_NLS_2N_O1_A6_seed	SUM-159_NLS_2N_O1_A6	110	4.88190954773869	9.98737185049156e-13	-27.6322847289021	56	oxygen-deprived	4.01502385949394e-14
20.5_20.5_2_1_0.5_0.3_0.2_0.1	2N	14	0.1	SUM-159_NLS_2N_O1_A6_seed	SUM-159_NLS_2N_O1_A6	111	4.92211055276382	9.98737185049156e-13	-27.6322847289021	56	oxygen-deprived	4.01502385949394e-14
20.5_20.5_2_1_0.5_0.3_0.2_0.1	2N	14	0.1	SUM-159_NLS_2N_O1_A6_seed	SUM-159_NLS_2N_O1_A6	112	4.96231155778894	9.98737185049156e-13	-27.6322847289021	56	oxygen-deprived	4.01502385949394e-14
20.5_20.5_2_1_0.5_0.3_0.2_0.1	2N	14	0.1	SUM-159_NLS_2N_O1_A6_seed	SUM-159_NLS_2N_O1_A6	113	5.00251256281407	9.98737185049156e-13	-27.6322847289021	56	oxygen-deprived	4.01502385949394e-14
20.5_20.5_2_1_0.5_0.3_0.2_0.1	2N	14	0.1	SUM-159_NLS_2N_O1_A6_seed	SUM-159_NLS_2N_O1_A6	114	5.0427135678392	9.98737185049156e-13	-27.6322847289021	56	oxygen-deprived	4.01502385949394e-14
20.5_20.5_2_1_0.5_0.3_0.2_0.1	2N	14	0.1	SUM-159_NLS_2N_O1_A6_seed	SUM-159_NLS_2N_O1_A6	115	5.08291457286432	9.98737185049156e-13	-27.6322847289021	56	oxygen-deprived	4.01502385949394e-14
20.5_20.5_2_1_0.5_0.3_0.2_0.1	2N	14	0.1	SUM-159_NLS_2N_O1_A6_seed	SUM-159_NLS_2N_O1_A6	116	5.12311557788945	9.98737185049156e-13	-27.6322847289021	56	oxygen-deprived	4.01502385949394e-14
20.5_20.5_2_1_0.5_0.3_0.2_0.1	2N	14	0.1	SUM-159_NLS_2N_O1_A6_seed	SUM-159_NLS_2N_O1_A6	117	5.16331658291457	9.98737185049156e-13	-27.6322847289021	56	oxygen-deprived	4.01502385949394e-14
20.5_20.5_2_1_0.5_0.3_0.2_0.1	2N	14	0.1	SUM-159_NLS_2N_O1_A6_seed	SUM-159_NLS_2N_O1_A6	118	5.2035175879397	9.98737185049156e-13	-27.6322847289021	56	oxygen-deprived	4.01502385949394e-14
20.5_20.5_2_1_0.5_0.3_0.2_0.1	2N	14	0.1	SUM-159_NLS_2N_O1_A6_seed	SUM-159_NLS_2N_O1_A6	119	5.24371859296482	9.98737185049156e-13	-27.6322847289021	56	oxygen-deprived	4.01502385949394e-14
20.5_20.5_2_1_0.5_0.3_0.2_0.1	2N	14	0.1	SUM-159_NLS_2N_O1_A6_seed	SUM-159_NLS_2N_O1_A6	120	5.28391959798995	9.98737185049156e-13	-27.6322847289021	56	oxygen-deprived	4.01502385949394e-14
20.5_20.5_2_1_0.5_0.3_0.2_0.1	2N	14	0.1	SUM-159_NLS_2N_O1_A6_seed	SUM-159_NLS_2N_O1_A6	121	5.32412060301508	9.98737185049156e-13	-27.6322847289021	56	oxygen-deprived	4.01502385949394e-14
20.5_20.5_2_1_0.5_0.3_0.2_0.1	2N	14	0.1	SUM-159_NLS_2N_O1_A6_seed	SUM-159_NLS_2N_O1_A6	122	5.3643216080402	9.98737185049156e-13	-27.6322847289021	56	oxygen-deprived	4.01502385949394e-14
20.5_20.5_2_1_0.5_0.3_0.2_0.1	2N	14	0.1	SUM-159_NLS_2N_O1_A6_seed	SUM-159_NLS_2N_O1_A6	123	5.40452261306533	9.98737185049156e-13	-27.6322847289021	56	oxygen-deprived	4.01502385949394e-14
20.5_20.5_2_1_0.5_0.3_0.2_0.1	2N	14	0.1	SUM-159_NLS_2N_O1_A6_seed	SUM-159_NLS_2N_O1_A6	124	5.44472361809045	9.98737185049156e-13	-27.6322847289021	56	oxygen-deprived	4.01502385949394e-14
20.5_20.5_2_1_0.5_0.3_0.2_0.1	2N	14	0.1	SUM-159_NLS_2N_O1_A6_seed	SUM-159_NLS_2N_O1_A6	125	5.48492462311558	9.98737185049156e-13	-27.6322847289021	56	oxygen-deprived	4.01502385949394e-14
20.5_20.5_2_1_0.5_0.3_0.2_0.1	2N	14	0.1	SUM-159_NLS_2N_O1_A6_seed	SUM-159_NLS_2N_O1_A6	126	5.5251256281407	9.98737185049156e-13	-27.6322847289021	56	oxygen-deprived	4.01502385949394e-14
20.5_20.5_2_1_0.5_0.3_0.2_0.1	2N	14	0.1	SUM-159_NLS_2N_O1_A6_seed	SUM-159_NLS_2N_O1_A6	127	5.56532663316583	9.98737185049156e-13	-27.6322847289021	56	oxygen-deprived	4.01502385949394e-14
20.5_20.5_2_1_0.5_0.3_0.2_0.1	2N	14	0.1	SUM-159_NLS_2N_O1_A6_seed	SUM-159_NLS_2N_O1_A6	128	5.60552763819095	9.98737185049156e-13	-27.6322847289021	56	oxygen-deprived	4.01502385949394e-14
20.5_20.5_2_1_0.5_0.3_0.2_0.1	2N	14	0.1	SUM-159_NLS_2N_O1_A6_seed	SUM-159_NLS_2N_O1_A6	129	5.64572864321608	9.98737185049156e-13	-27.6322847289021	56	oxygen-deprived	4.01502385949394e-14
20.5_20.5_2_1_0.5_0.3_0.2_0.1	2N	14	0.1	SUM-159_NLS_2N_O1_A6_seed	SUM-159_NLS_2N_O1_A6	130	5.68592964824121	9.98737185049156e-13	-27.6322847289021	56	oxygen-deprived	4.01502385949394e-14
20.5_20.5_2_1_0.5_0.3_0.2_0.1	2N	14	0.1	SUM-159_NLS_2N_O1_A6_seed	SUM-159_NLS_2N_O1_A6	131	5.72613065326633	9.98737185049156e-13	-27.6322847289021	56	oxygen-deprived	4.01502385949394e-14
20.5_20.5_2_1_0.5_0.3_0.2_0.1	2N	14	0.1	SUM-159_NLS_2N_O1_A6_seed	SUM-159_NLS_2N_O1_A6	132	5.76633165829146	9.98737185049156e-13	-27.6322847289021	56	oxygen-deprived	4.01502385949394e-14
20.5_20.5_2_1_0.5_0.3_0.2_0.1	2N	14	0.1	SUM-159_NLS_2N_O1_A6_seed	SUM-159_NLS_2N_O1_A6	133	5.80653266331658	9.98737185049156e-13	-27.6322847289021	56	oxygen-deprived	4.01502385949394e-14
20.5_20.5_2_1_0.5_0.3_0.2_0.1	2N	14	0.1	SUM-159_NLS_2N_O1_A6_seed	SUM-159_NLS_2N_O1_A6	134	5.84673366834171	9.98737185049156e-13	-27.6322847289021	56	oxygen-deprived	4.01502385949394e-14
20.5_20.5_2_1_0.5_0.3_0.2_0.1	2N	14	0.1	SUM-159_NLS_2N_O1_A6_seed	SUM-159_NLS_2N_O1_A6	135	5.88693467336683	9.98737185049156e-13	-27.6322847289021	56	oxygen-deprived	4.01502385949394e-14
20.5_20.5_2_1_0.5_0.3_0.2_0.1	2N	14	0.1	SUM-159_NLS_2N_O1_A6_seed	SUM-159_NLS_2N_O1_A6	136	5.92713567839196	9.98737185049156e-13	-27.6322847289021	56	oxygen-deprived	4.01502385949394e-14
20.5_20.5_2_1_0.5_0.3_0.2_0.1	2N	14	0.1	SUM-159_NLS_2N_O1_A6_seed	SUM-159_NLS_2N_O1_A6	137	5.96733668341709	9.98737185049156e-13	-27.6322847289021	56	oxygen-deprived	4.01502385949394e-14
20.5_20.5_2_1_0.5_0.3_0.2_0.1	2N	14	0.1	SUM-159_NLS_2N_O1_A6_seed	SUM-159_NLS_2N_O1_A6	138	6.00753768844221	9.98737185049156e-13	-27.6322847289021	56	oxygen-deprived	4.01502385949394e-14
20.5_20.5_2_1_0.5_0.3_0.2_0.1	2N	14	0.1	SUM-159_NLS_2N_O1_A6_seed	SUM-159_NLS_2N_O1_A6	139	6.04773869346734	9.98737185049156e-13	-27.6322847289021	56	oxygen-deprived	4.01502385949394e-14
20.5_20.5_2_1_0.5_0.3_0.2_0.1	2N	14	0.1	SUM-159_NLS_2N_O1_A6_seed	SUM-159_NLS_2N_O1_A6	140	6.08793969849246	9.98737185049156e-13	-27.6322847289021	56	oxygen-deprived	4.01502385949394e-14
20.5_20.5_2_1_0.5_0.3_0.2_0.1	2N	14	0.1	SUM-159_NLS_2N_O1_A6_seed	SUM-159_NLS_2N_O1_A6	141	6.12814070351759	9.98737185049156e-13	-27.6322847289021	56	oxygen-deprived	4.01502385949394e-14
20.5_20.5_2_1_0.5_0.3_0.2_0.1	2N	14	0.1	SUM-159_NLS_2N_O1_A6_seed	SUM-159_NLS_2N_O1_A6	142	6.16834170854271	9.98737185049156e-13	-27.6322847289021	56	oxygen-deprived	4.01502385949394e-14
20.5_20.5_2_1_0.5_0.3_0.2_0.1	2N	14	0.1	SUM-159_NLS_2N_O1_A6_seed	SUM-159_NLS_2N_O1_A6	143	6.20854271356784	9.98737185049156e-13	-27.6322847289021	56	oxygen-deprived	4.01502385949394e-14
20.5_20.5_2_1_0.5_0.3_0.2_0.1	2N	14	0.1	SUM-159_NLS_2N_O1_A6_seed	SUM-159_NLS_2N_O1_A6	144	6.24874371859296	9.98737185049156e-13	-27.6322847289021	56	oxygen-deprived	4.01502385949394e-14
20.5_20.5_2_1_0.5_0.3_0.2_0.1	2N	14	0.1	SUM-159_NLS_2N_O1_A6_seed	SUM-159_NLS_2N_O1_A6	145	6.28894472361809	9.98737185049156e-13	-27.6322847289021	56	oxygen-deprived	4.01502385949394e-14
20.5_20.5_2_1_0.5_0.3_0.2_0.1	2N	14	0.1	SUM-159_NLS_2N_O1_A6_seed	SUM-159_NLS_2N_O1_A6	146	6.32914572864322	9.98737185049156e-13	-27.6322847289021	56	oxygen-deprived	4.01502385949394e-14
20.5_20.5_2_1_0.5_0.3_0.2_0.1	2N	14	0.1	SUM-159_NLS_2N_O1_A6_seed	SUM-159_NLS_2N_O1_A6	147	6.36934673366834	9.98737185049156e-13	-27.6322847289021	56	oxygen-deprived	4.01502385949394e-14
20.5_20.5_2_1_0.5_0.3_0.2_0.1	2N	14	0.1	SUM-159_NLS_2N_O1_A6_seed	SUM-159_NLS_2N_O1_A6	148	6.40954773869347	9.98737185049156e-13	-27.6322847289021	56	oxygen-deprived	4.01502385949394e-14
20.5_20.5_2_1_0.5_0.3_0.2_0.1	2N	14	0.1	SUM-159_NLS_2N_O1_A6_seed	SUM-159_NLS_2N_O1_A6	149	6.44974874371859	9.98737185049156e-13	-27.6322847289021	56	oxygen-deprived	4.01502385949394e-14
20.5_20.5_2_1_0.5_0.3_0.2_0.1	2N	14	0.1	SUM-159_NLS_2N_O1_A6_seed	SUM-159_NLS_2N_O1_A6	150	6.48994974874372	9.98737185049156e-13	-27.6322847289021	56	oxygen-deprived	4.01502385949394e-14
20.5_20.5_2_1_0.5_0.3_0.2_0.1	2N	14	0.1	SUM-159_NLS_2N_O1_A6_seed	SUM-159_NLS_2N_O1_A6	151	6.53015075376884	9.98737185049156e-13	-27.6322847289021	56	oxygen-deprived	4.01502385949394e-14
20.5_20.5_2_1_0.5_0.3_0.2_0.1	2N	14	0.1	SUM-159_NLS_2N_O1_A6_seed	SUM-159_NLS_2N_O1_A6	152	6.57035175879397	9.98737185049156e-13	-27.6322847289021	56	oxygen-deprived	4.01502385949394e-14
20.5_20.5_2_1_0.5_0.3_0.2_0.1	2N	14	0.1	SUM-159_NLS_2N_O1_A6_seed	SUM-159_NLS_2N_O1_A6	153	6.6105527638191	9.98737185049156e-13	-27.6322847289021	56	oxygen-deprived	4.01502385949394e-14
20.5_20.5_2_1_0.5_0.3_0.2_0.1	2N	14	0.1	SUM-159_NLS_2N_O1_A6_seed	SUM-159_NLS_2N_O1_A6	154	6.65075376884422	9.98737185049156e-13	-27.6322847289021	56	oxygen-deprived	4.01502385949394e-14
20.5_20.5_2_1_0.5_0.3_0.2_0.1	2N	14	0.1	SUM-159_NLS_2N_O1_A6_seed	SUM-159_NLS_2N_O1_A6	155	6.69095477386935	9.98737185049156e-13	-27.6322847289021	56	oxygen-deprived	4.01502385949394e-14
20.5_20.5_2_1_0.5_0.3_0.2_0.1	2N	14	0.1	SUM-159_NLS_2N_O1_A6_seed	SUM-159_NLS_2N_O1_A6	156	6.73115577889447	9.98737185049156e-13	-27.6322847289021	56	oxygen-deprived	4.01502385949394e-14
20.5_20.5_2_1_0.5_0.3_0.2_0.1	2N	14	0.1	SUM-159_NLS_2N_O1_A6_seed	SUM-159_NLS_2N_O1_A6	157	6.7713567839196	9.98737185049156e-13	-27.6322847289021	56	oxygen-deprived	4.01502385949394e-14
20.5_20.5_2_1_0.5_0.3_0.2_0.1	2N	14	0.1	SUM-159_NLS_2N_O1_A6_seed	SUM-159_NLS_2N_O1_A6	158	6.81155778894472	9.98737185049156e-13	-27.6322847289021	56	oxygen-deprived	4.01502385949394e-14
20.5_20.5_2_1_0.5_0.3_0.2_0.1	2N	14	0.1	SUM-159_NLS_2N_O1_A6_seed	SUM-159_NLS_2N_O1_A6	159	6.85175879396985	9.98737185049156e-13	-27.6322847289021	56	oxygen-deprived	4.01502385949394e-14
20.5_20.5_2_1_0.5_0.3_0.2_0.1	2N	14	0.1	SUM-159_NLS_2N_O1_A6_seed	SUM-159_NLS_2N_O1_A6	160	6.89195979899498	9.98737185049156e-13	-27.6322847289021	56	oxygen-deprived	4.01502385949394e-14
20.5_20.5_2_1_0.5_0.3_0.2_0.1	2N	14	0.1	SUM-159_NLS_2N_O1_A6_seed	SUM-159_NLS_2N_O1_A6	161	6.9321608040201	9.98737185049156e-13	-27.6322847289021	56	oxygen-deprived	4.01502385949394e-14
20.5_20.5_2_1_0.5_0.3_0.2_0.1	2N	14	0.1	SUM-159_NLS_2N_O1_A6_seed	SUM-159_NLS_2N_O1_A6	162	6.97236180904523	9.98737185049156e-13	-27.6322847289021	56	oxygen-deprived	4.01502385949394e-14
20.5_20.5_2_1_0.5_0.3_0.2_0.1	2N	14	0.1	SUM-159_NLS_2N_O1_A6_seed	SUM-159_NLS_2N_O1_A6	163	7.01256281407035	9.98737185049156e-13	-27.6322847289021	56	oxygen-deprived	4.01502385949394e-14
20.5_20.5_2_1_0.5_0.3_0.2_0.1	2N	14	0.1	SUM-159_NLS_2N_O1_A6_seed	SUM-159_NLS_2N_O1_A6	164	7.05276381909548	9.98737185049156e-13	-27.6322847289021	56	oxygen-deprived	4.01502385949394e-14
20.5_20.5_2_1_0.5_0.3_0.2_0.1	2N	14	0.1	SUM-159_NLS_2N_O1_A6_seed	SUM-159_NLS_2N_O1_A6	165	7.0929648241206	9.98737185049156e-13	-27.6322847289021	56	oxygen-deprived	4.01502385949394e-14
20.5_20.5_2_1_0.5_0.3_0.2_0.1	2N	14	0.1	SUM-159_NLS_2N_O1_A6_seed	SUM-159_NLS_2N_O1_A6	166	7.13316582914573	9.98737185049156e-13	-27.6322847289021	56	oxygen-deprived	4.01502385949394e-14
20.5_20.5_2_1_0.5_0.3_0.2_0.1	2N	14	0.1	SUM-159_NLS_2N_O1_A6_seed	SUM-159_NLS_2N_O1_A6	167	7.17336683417085	9.98737185049156e-13	-27.6322847289021	56	oxygen-deprived	4.01502385949394e-14
20.5_20.5_2_1_0.5_0.3_0.2_0.1	2N	14	0.1	SUM-159_NLS_2N_O1_A6_seed	SUM-159_NLS_2N_O1_A6	168	7.21356783919598	9.98737185049156e-13	-27.6322847289021	56	oxygen-deprived	4.01502385949394e-14
20.5_20.5_2_1_0.5_0.3_0.2_0.1	2N	14	0.1	SUM-159_NLS_2N_O1_A6_seed	SUM-159_NLS_2N_O1_A6	169	7.25376884422111	9.98737185049156e-13	-27.6322847289021	56	oxygen-deprived	4.01502385949394e-14
20.5_20.5_2_1_0.5_0.3_0.2_0.1	2N	14	0.1	SUM-159_NLS_2N_O1_A6_seed	SUM-159_NLS_2N_O1_A6	170	7.29396984924623	9.98737185049156e-13	-27.6322847289021	56	oxygen-deprived	4.01502385949394e-14
20.5_20.5_2_1_0.5_0.3_0.2_0.1	2N	14	0.1	SUM-159_NLS_2N_O1_A6_seed	SUM-159_NLS_2N_O1_A6	171	7.33417085427136	9.98737185049156e-13	-27.6322847289021	56	oxygen-deprived	4.01502385949394e-14
20.5_20.5_2_1_0.5_0.3_0.2_0.1	2N	14	0.1	SUM-159_NLS_2N_O1_A6_seed	SUM-159_NLS_2N_O1_A6	172	7.37437185929648	9.98737185049156e-13	-27.6322847289021	56	oxygen-deprived	4.01502385949394e-14
20.5_20.5_2_1_0.5_0.3_0.2_0.1	2N	14	0.1	SUM-159_NLS_2N_O1_A6_seed	SUM-159_NLS_2N_O1_A6	173	7.41457286432161	9.98737185049156e-13	-27.6322847289021	56	oxygen-deprived	4.01502385949394e-14
20.5_20.5_2_1_0.5_0.3_0.2_0.1	2N	14	0.1	SUM-159_NLS_2N_O1_A6_seed	SUM-159_NLS_2N_O1_A6	174	7.45477386934673	9.98737185049156e-13	-27.6322847289021	56	oxygen-deprived	4.01502385949394e-14
20.5_20.5_2_1_0.5_0.3_0.2_0.1	2N	14	0.1	SUM-159_NLS_2N_O1_A6_seed	SUM-159_NLS_2N_O1_A6	175	7.49497487437186	9.98737185049156e-13	-27.6322847289021	56	oxygen-deprived	4.01502385949394e-14
20.5_20.5_2_1_0.5_0.3_0.2_0.1	2N	14	0.1	SUM-159_NLS_2N_O1_A6_seed	SUM-159_NLS_2N_O1_A6	176	7.53517587939699	9.98737185049156e-13	-27.6322847289021	56	oxygen-deprived	4.01502385949394e-14
20.5_20.5_2_1_0.5_0.3_0.2_0.1	2N	14	0.1	SUM-159_NLS_2N_O1_A6_seed	SUM-159_NLS_2N_O1_A6	177	7.57537688442211	9.98737185049156e-13	-27.6322847289021	56	oxygen-deprived	4.01502385949394e-14
20.5_20.5_2_1_0.5_0.3_0.2_0.1	2N	14	0.1	SUM-159_NLS_2N_O1_A6_seed	SUM-159_NLS_2N_O1_A6	178	7.61557788944724	9.98737185049156e-13	-27.6322847289021	56	oxygen-deprived	4.01502385949394e-14
20.5_20.5_2_1_0.5_0.3_0.2_0.1	2N	14	0.1	SUM-159_NLS_2N_O1_A6_seed	SUM-159_NLS_2N_O1_A6	179	7.65577889447236	9.98737185049156e-13	-27.6322847289021	56	oxygen-deprived	4.01502385949394e-14
20.5_20.5_2_1_0.5_0.3_0.2_0.1	2N	14	0.1	SUM-159_NLS_2N_O1_A6_seed	SUM-159_NLS_2N_O1_A6	180	7.69597989949749	9.98737185049156e-13	-27.6322847289021	56	oxygen-deprived	4.01502385949394e-14
20.5_20.5_2_1_0.5_0.3_0.2_0.1	2N	14	0.1	SUM-159_NLS_2N_O1_A6_seed	SUM-159_NLS_2N_O1_A6	181	7.73618090452261	9.98737185049156e-13	-27.6322847289021	56	oxygen-deprived	4.01502385949394e-14
20.5_20.5_2_1_0.5_0.3_0.2_0.1	2N	14	0.1	SUM-159_NLS_2N_O1_A6_seed	SUM-159_NLS_2N_O1_A6	182	7.77638190954774	9.98737185049156e-13	-27.6322847289021	56	oxygen-deprived	4.01502385949394e-14
20.5_20.5_2_1_0.5_0.3_0.2_0.1	2N	14	0.1	SUM-159_NLS_2N_O1_A6_seed	SUM-159_NLS_2N_O1_A6	183	7.81658291457286	9.98737185049156e-13	-27.6322847289021	56	oxygen-deprived	4.01502385949394e-14
20.5_20.5_2_1_0.5_0.3_0.2_0.1	2N	14	0.1	SUM-159_NLS_2N_O1_A6_seed	SUM-159_NLS_2N_O1_A6	184	7.85678391959799	9.98737185049156e-13	-27.6322847289021	56	oxygen-deprived	4.01502385949394e-14
20.5_20.5_2_1_0.5_0.3_0.2_0.1	2N	14	0.1	SUM-159_NLS_2N_O1_A6_seed	SUM-159_NLS_2N_O1_A6	185	7.89698492462312	9.98737185049156e-13	-27.6322847289021	56	oxygen-deprived	4.01502385949394e-14
20.5_20.5_2_1_0.5_0.3_0.2_0.1	2N	14	0.1	SUM-159_NLS_2N_O1_A6_seed	SUM-159_NLS_2N_O1_A6	186	7.93718592964824	9.98737185049156e-13	-27.6322847289021	56	oxygen-deprived	4.01502385949394e-14
20.5_20.5_2_1_0.5_0.3_0.2_0.1	2N	14	0.1	SUM-159_NLS_2N_O1_A6_seed	SUM-159_NLS_2N_O1_A6	187	7.97738693467337	9.98737185049156e-13	-27.6322847289021	56	oxygen-deprived	4.01502385949394e-14
20.5_20.5_2_1_0.5_0.3_0.2_0.1	2N	14	0.1	SUM-159_NLS_2N_O1_A6_seed	SUM-159_NLS_2N_O1_A6	188	8.01758793969849	9.98737185049156e-13	-27.6322847289021	56	oxygen-deprived	4.01502385949394e-14
20.5_20.5_2_1_0.5_0.3_0.2_0.1	2N	14	0.1	SUM-159_NLS_2N_O1_A6_seed	SUM-159_NLS_2N_O1_A6	189	8.05778894472362	9.98737185049156e-13	-27.6322847289021	56	oxygen-deprived	4.01502385949394e-14
20.5_20.5_2_1_0.5_0.3_0.2_0.1	2N	14	0.1	SUM-159_NLS_2N_O1_A6_seed	SUM-159_NLS_2N_O1_A6	190	8.09798994974874	9.98737185049156e-13	-27.6322847289021	56	oxygen-deprived	4.01502385949394e-14
20.5_20.5_2_1_0.5_0.3_0.2_0.1	2N	14	0.1	SUM-159_NLS_2N_O1_A6_seed	SUM-159_NLS_2N_O1_A6	191	8.13819095477387	9.98737185049156e-13	-27.6322847289021	56	oxygen-deprived	4.01502385949394e-14
20.5_20.5_2_1_0.5_0.3_0.2_0.1	2N	14	0.1	SUM-159_NLS_2N_O1_A6_seed	SUM-159_NLS_2N_O1_A6	192	8.178391959799	9.98737185049156e-13	-27.6322847289021	56	oxygen-deprived	4.01502385949394e-14
20.5_20.5_2_1_0.5_0.3_0.2_0.1	2N	14	0.1	SUM-159_NLS_2N_O1_A6_seed	SUM-159_NLS_2N_O1_A6	193	8.21859296482412	9.98737185049156e-13	-27.6322847289021	56	oxygen-deprived	4.01502385949394e-14
20.5_20.5_2_1_0.5_0.3_0.2_0.1	2N	14	0.1	SUM-159_NLS_2N_O1_A6_seed	SUM-159_NLS_2N_O1_A6	194	8.25879396984925	9.98737185049156e-13	-27.6322847289021	56	oxygen-deprived	4.01502385949394e-14
20.5_20.5_2_1_0.5_0.3_0.2_0.1	2N	14	0.1	SUM-159_NLS_2N_O1_A6_seed	SUM-159_NLS_2N_O1_A6	195	8.29899497487437	9.98737185049156e-13	-27.6322847289021	56	oxygen-deprived	4.01502385949394e-14
20.5_20.5_2_1_0.5_0.3_0.2_0.1	2N	14	0.1	SUM-159_NLS_2N_O1_A6_seed	SUM-159_NLS_2N_O1_A6	196	8.3391959798995	9.98737185049156e-13	-27.6322847289021	56	oxygen-deprived	4.01502385949394e-14
20.5_20.5_2_1_0.5_0.3_0.2_0.1	2N	14	0.1	SUM-159_NLS_2N_O1_A6_seed	SUM-159_NLS_2N_O1_A6	197	8.37939698492462	9.98737185049156e-13	-27.6322847289021	56	oxygen-deprived	4.01502385949394e-14
20.5_20.5_2_1_0.5_0.3_0.2_0.1	2N	14	0.1	SUM-159_NLS_2N_O1_A6_seed	SUM-159_NLS_2N_O1_A6	198	8.41959798994975	9.98737185049156e-13	-27.6322847289021	56	oxygen-deprived	4.01502385949394e-14
20.5_20.5_2_1_0.5_0.3_0.2_0.1	2N	14	0.1	SUM-159_NLS_2N_O1_A6_seed	SUM-159_NLS_2N_O1_A6	199	8.45979899497488	9.98737185049156e-13	-27.6322847289021	56	oxygen-deprived	4.01502385949394e-14
20.5_20.5_2_1_0.5_0.3_0.2_0.1	2N	14	0.1	SUM-159_NLS_2N_O1_A6_seed	SUM-159_NLS_2N_O1_A6	200	8.5	9.98737185049156e-13	-27.6322847289021	56	oxygen-deprived	4.01502385949394e-14
20.5_20.5_2_1_0.5_0.3_0.2_0.1	2N	14	0.1	SUM-159_NLS_2N_O2_A6_seed	SUM-159_NLS_2N_O2_A6	1	0.5	9.97943050424923e-13	-27.6330801839299	56	oxygen-deprived	4.01183135849198e-14
20.5_20.5_2_1_0.5_0.3_0.2_0.1	2N	14	0.1	SUM-159_NLS_2N_O2_A6_seed	SUM-159_NLS_2N_O2_A6	2	0.540201005025126	9.97943050424923e-13	-27.6330801839299	56	oxygen-deprived	4.01183135849198e-14
20.5_20.5_2_1_0.5_0.3_0.2_0.1	2N	14	0.1	SUM-159_NLS_2N_O2_A6_seed	SUM-159_NLS_2N_O2_A6	3	0.580402010050251	9.97943050424923e-13	-27.6330801839299	56	oxygen-deprived	4.01183135849198e-14
20.5_20.5_2_1_0.5_0.3_0.2_0.1	2N	14	0.1	SUM-159_NLS_2N_O2_A6_seed	SUM-159_NLS_2N_O2_A6	4	0.620603015075377	9.97943050424923e-13	-27.6330801839299	56	oxygen-deprived	4.01183135849198e-14
20.5_20.5_2_1_0.5_0.3_0.2_0.1	2N	14	0.1	SUM-159_NLS_2N_O2_A6_seed	SUM-159_NLS_2N_O2_A6	5	0.660804020100503	9.97943050424923e-13	-27.6330801839299	56	oxygen-deprived	4.01183135849198e-14
20.5_20.5_2_1_0.5_0.3_0.2_0.1	2N	14	0.1	SUM-159_NLS_2N_O2_A6_seed	SUM-159_NLS_2N_O2_A6	6	0.701005025125628	9.97943050424923e-13	-27.6330801839299	56	oxygen-deprived	4.01183135849198e-14
20.5_20.5_2_1_0.5_0.3_0.2_0.1	2N	14	0.1	SUM-159_NLS_2N_O2_A6_seed	SUM-159_NLS_2N_O2_A6	7	0.741206030150754	9.97943050424923e-13	-27.6330801839299	56	oxygen-deprived	4.01183135849198e-14
20.5_20.5_2_1_0.5_0.3_0.2_0.1	2N	14	0.1	SUM-159_NLS_2N_O2_A6_seed	SUM-159_NLS_2N_O2_A6	8	0.781407035175879	9.97943050424923e-13	-27.6330801839299	56	oxygen-deprived	4.01183135849198e-14
20.5_20.5_2_1_0.5_0.3_0.2_0.1	2N	14	0.1	SUM-159_NLS_2N_O2_A6_seed	SUM-159_NLS_2N_O2_A6	9	0.821608040201005	9.97943050424923e-13	-27.6330801839299	56	oxygen-deprived	4.01183135849198e-14
20.5_20.5_2_1_0.5_0.3_0.2_0.1	2N	14	0.1	SUM-159_NLS_2N_O2_A6_seed	SUM-159_NLS_2N_O2_A6	10	0.861809045226131	9.97943050424923e-13	-27.6330801839299	56	oxygen-deprived	4.01183135849198e-14
20.5_20.5_2_1_0.5_0.3_0.2_0.1	2N	14	0.1	SUM-159_NLS_2N_O2_A6_seed	SUM-159_NLS_2N_O2_A6	11	0.902010050251256	9.97943050424923e-13	-27.6330801839299	56	oxygen-deprived	4.01183135849198e-14
20.5_20.5_2_1_0.5_0.3_0.2_0.1	2N	14	0.1	SUM-159_NLS_2N_O2_A6_seed	SUM-159_NLS_2N_O2_A6	12	0.942211055276382	9.97943050424923e-13	-27.6330801839299	56	oxygen-deprived	4.01183135849198e-14
20.5_20.5_2_1_0.5_0.3_0.2_0.1	2N	14	0.1	SUM-159_NLS_2N_O2_A6_seed	SUM-159_NLS_2N_O2_A6	13	0.982412060301508	9.97943050424923e-13	-27.6330801839299	56	oxygen-deprived	4.01183135849198e-14
20.5_20.5_2_1_0.5_0.3_0.2_0.1	2N	14	0.1	SUM-159_NLS_2N_O2_A6_seed	SUM-159_NLS_2N_O2_A6	14	1.02261306532663	9.97943050424923e-13	-27.6330801839299	56	oxygen-deprived	4.01183135849198e-14
20.5_20.5_2_1_0.5_0.3_0.2_0.1	2N	14	0.1	SUM-159_NLS_2N_O2_A6_seed	SUM-159_NLS_2N_O2_A6	15	1.06281407035176	9.97943050424923e-13	-27.6330801839299	56	oxygen-deprived	4.01183135849198e-14
20.5_20.5_2_1_0.5_0.3_0.2_0.1	2N	14	0.1	SUM-159_NLS_2N_O2_A6_seed	SUM-159_NLS_2N_O2_A6	16	1.10301507537688	1.01212746334058e-08	-18.4086262291008	56	oxygen-deprived	4.06885412398206e-10
20.5_20.5_2_1_0.5_0.3_0.2_0.1	2N	14	0.1	SUM-159_NLS_2N_O2_A6_seed	SUM-159_NLS_2N_O2_A6	17	1.14321608040201	2.77595807470082e-05	-10.4919295252132	56	oxygen-deprived	1.11596304510581e-06
20.5_20.5_2_1_0.5_0.3_0.2_0.1	2N	14	0.1	SUM-159_NLS_2N_O2_A6_seed	SUM-159_NLS_2N_O2_A6	18	1.18341708542714	0.000191038985511532	-8.56303303811997	56	oxygen-deprived	7.67995921654368e-06
20.5_20.5_2_1_0.5_0.3_0.2_0.1	2N	14	0.1	SUM-159_NLS_2N_O2_A6_seed	SUM-159_NLS_2N_O2_A6	19	1.22361809045226	0.000519404273817881	-7.56282803039466	56	oxygen-deprived	2.08805738218235e-05
20.5_20.5_2_1_0.5_0.3_0.2_0.1	2N	14	0.1	SUM-159_NLS_2N_O2_A6_seed	SUM-159_NLS_2N_O2_A6	20	1.26381909547739	0.000473471476233111	-7.65541888742064	56	oxygen-deprived	1.90340291953001e-05
20.5_20.5_2_1_0.5_0.3_0.2_0.1	2N	14	0.1	SUM-159_NLS_2N_O2_A6_seed	SUM-159_NLS_2N_O2_A6	21	1.30402010050251	0.0019979244990343	-6.21564638774089	56	oxygen-deprived	8.03185728254961e-05
20.5_20.5_2_1_0.5_0.3_0.2_0.1	2N	14	0.1	SUM-159_NLS_2N_O2_A6_seed	SUM-159_NLS_2N_O2_A6	22	1.34422110552764	0.00738800519375699	-4.90789751364634	56	oxygen-deprived	0.000297005233919867
20.5_20.5_2_1_0.5_0.3_0.2_0.1	2N	14	0.1	SUM-159_NLS_2N_O2_A6_seed	SUM-159_NLS_2N_O2_A6	23	1.38442211055276	0.0199077182858494	-3.91664776888717	56	oxygen-deprived	0.000800310282848184
20.5_20.5_2_1_0.5_0.3_0.2_0.1	2N	14	0.1	SUM-159_NLS_2N_O2_A6_seed	SUM-159_NLS_2N_O2_A6	24	1.42462311557789	0.0455842820516298	-3.08819231373191	56	oxygen-deprived	0.00183253395182424
20.5_20.5_2_1_0.5_0.3_0.2_0.1	2N	14	0.1	SUM-159_NLS_2N_O2_A6_seed	SUM-159_NLS_2N_O2_A6	25	1.46482412060302	0.104903469176949	-2.25471469284981	56	oxygen-deprived	0.00421722489153546
20.5_20.5_2_1_0.5_0.3_0.2_0.1	2N	14	0.1	SUM-159_NLS_2N_O2_A6_seed	SUM-159_NLS_2N_O2_A6	26	1.50502512562814	0.214218508532212	-1.54075871698801	56	oxygen-deprived	0.00861179933797801
20.5_20.5_2_1_0.5_0.3_0.2_0.1	2N	14	0.1	SUM-159_NLS_2N_O2_A6_seed	SUM-159_NLS_2N_O2_A6	27	1.54522613065327	0.392487503490952	-0.935250580506133	56	oxygen-deprived	0.0157783921001381
20.5_20.5_2_1_0.5_0.3_0.2_0.1	2N	14	0.1	SUM-159_NLS_2N_O2_A6_seed	SUM-159_NLS_2N_O2_A6	28	1.58542713567839	0.65910087513459	-0.416878683152246	56	oxygen-deprived	0.0264965175933492
20.5_20.5_2_1_0.5_0.3_0.2_0.1	2N	14	0.1	SUM-159_NLS_2N_O2_A6_seed	SUM-159_NLS_2N_O2_A6	29	1.62562814070352	1.04183815459897	0.0409866093854926	56	oxygen-deprived	0.041882940888399
20.5_20.5_2_1_0.5_0.3_0.2_0.1	2N	14	0.1	SUM-159_NLS_2N_O2_A6_seed	SUM-159_NLS_2N_O2_A6	30	1.66582914572864	1.48559844472974	0.395817684158757	56	oxygen-deprived	0.0597225505418966
20.5_20.5_2_1_0.5_0.3_0.2_0.1	2N	14	0.1	SUM-159_NLS_2N_O2_A6_seed	SUM-159_NLS_2N_O2_A6	31	1.70603015075377	1.95161527374586	0.668657375197552	56	oxygen-deprived	0.078456895426966
20.5_20.5_2_1_0.5_0.3_0.2_0.1	2N	14	0.1	SUM-159_NLS_2N_O2_A6_seed	SUM-159_NLS_2N_O2_A6	32	1.74623115577889	2.36543513516763	0.860961994519961	56	oxygen-deprived	0.0950928697554786
20.5_20.5_2_1_0.5_0.3_0.2_0.1	2N	14	0.1	SUM-159_NLS_2N_O2_A6_seed	SUM-159_NLS_2N_O2_A6	33	1.78643216080402	2.64569588444975	0.97293412501695	56	oxygen-deprived	0.106359633545714
20.5_20.5_2_1_0.5_0.3_0.2_0.1	2N	14	0.1	SUM-159_NLS_2N_O2_A6_seed	SUM-159_NLS_2N_O2_A6	34	1.82663316582915	2.71844461576502	1.00005988431005	56	oxygen-deprived	0.109284205658891
20.5_20.5_2_1_0.5_0.3_0.2_0.1	2N	14	0.1	SUM-159_NLS_2N_O2_A6_seed	SUM-159_NLS_2N_O2_A6	35	1.86683417085427	2.57314934719314	0.945130575607791	56	oxygen-deprived	0.103443189836906
20.5_20.5_2_1_0.5_0.3_0.2_0.1	2N	14	0.1	SUM-159_NLS_2N_O2_A6_seed	SUM-159_NLS_2N_O2_A6	36	1.9070351758794	2.24898795029919	0.810480315158999	56	oxygen-deprived	0.090411575891421
20.5_20.5_2_1_0.5_0.3_0.2_0.1	2N	14	0.1	SUM-159_NLS_2N_O2_A6_seed	SUM-159_NLS_2N_O2_A6	37	1.94723618090452	1.83026117392281	0.604458674660695	56	oxygen-deprived	0.0735783386501601
20.5_20.5_2_1_0.5_0.3_0.2_0.1	2N	14	0.1	SUM-159_NLS_2N_O2_A6_seed	SUM-159_NLS_2N_O2_A6	38	1.98743718592965	1.3651222228845	0.31124396520313	56	oxygen-deprived	0.0548792853420881
20.5_20.5_2_1_0.5_0.3_0.2_0.1	2N	14	0.1	SUM-159_NLS_2N_O2_A6_seed	SUM-159_NLS_2N_O2_A6	39	2.02763819095477	0.947926741674934	-0.0534780564273193	56	oxygen-deprived	0.0381076077055234
20.5_20.5_2_1_0.5_0.3_0.2_0.1	2N	14	0.1	SUM-159_NLS_2N_O2_A6_seed	SUM-159_NLS_2N_O2_A6	40	2.0678391959799	0.617849719433851	-0.481510023532791	56	oxygen-deprived	0.0248381796757317
20.5_20.5_2_1_0.5_0.3_0.2_0.1	2N	14	0.1	SUM-159_NLS_2N_O2_A6_seed	SUM-159_NLS_2N_O2_A6	41	2.10804020100502	0.377898164945063	-0.973130524565812	56	oxygen-deprived	0.0151918860279416
20.5_20.5_2_1_0.5_0.3_0.2_0.1	2N	14	0.1	SUM-159_NLS_2N_O2_A6_seed	SUM-159_NLS_2N_O2_A6	42	2.14824120603015	0.214759812495181	-1.5382350265182	56	oxygen-deprived	0.00863356030131345
20.5_20.5_2_1_0.5_0.3_0.2_0.1	2N	14	0.1	SUM-159_NLS_2N_O2_A6_seed	SUM-159_NLS_2N_O2_A6	43	2.18844221105528	0.110866759753668	-2.19942616126157	56	oxygen-deprived	0.00445695516597642
20.5_20.5_2_1_0.5_0.3_0.2_0.1	2N	14	0.1	SUM-159_NLS_2N_O2_A6_seed	SUM-159_NLS_2N_O2_A6	44	2.2286432160804	0.0577516221270725	-2.85160384119424	56	oxygen-deprived	0.0023216732513395
20.5_20.5_2_1_0.5_0.3_0.2_0.1	2N	14	0.1	SUM-159_NLS_2N_O2_A6_seed	SUM-159_NLS_2N_O2_A6	45	2.26884422110553	0.0283226338146964	-3.56409401254966	56	oxygen-deprived	0.00113859834430936
20.5_20.5_2_1_0.5_0.3_0.2_0.1	2N	14	0.1	SUM-159_NLS_2N_O2_A6_seed	SUM-159_NLS_2N_O2_A6	46	2.30904522613065	0.0127723543010622	-4.36047226406164	56	oxygen-deprived	0.000513461479439665
20.5_20.5_2_1_0.5_0.3_0.2_0.1	2N	14	0.1	SUM-159_NLS_2N_O2_A6_seed	SUM-159_NLS_2N_O2_A6	47	2.34924623115578	0.00566822869604616	-5.17287860933569	56	oxygen-deprived	0.000227868490293303
20.5_20.5_2_1_0.5_0.3_0.2_0.1	2N	14	0.1	SUM-159_NLS_2N_O2_A6_seed	SUM-159_NLS_2N_O2_A6	48	2.3894472361809	0.00232513185431826	-6.06397853001612	56	oxygen-deprived	9.34726373595241e-05
20.5_20.5_2_1_0.5_0.3_0.2_0.1	2N	14	0.1	SUM-159_NLS_2N_O2_A6_seed	SUM-159_NLS_2N_O2_A6	49	2.42964824120603	0.000953622285508804	-6.95524289205545	56	oxygen-deprived	3.83365742918096e-05
20.5_20.5_2_1_0.5_0.3_0.2_0.1	2N	14	0.1	SUM-159_NLS_2N_O2_A6_seed	SUM-159_NLS_2N_O2_A6	50	2.46984924623116	0.000389946284885506	-7.84950155938918	56	oxygen-deprived	1.56762325582106e-05
20.5_20.5_2_1_0.5_0.3_0.2_0.1	2N	14	0.1	SUM-159_NLS_2N_O2_A6_seed	SUM-159_NLS_2N_O2_A6	51	2.51005025125628	0.000193857714978352	-8.54838609593744	56	oxygen-deprived	7.79327497400377e-06
20.5_20.5_2_1_0.5_0.3_0.2_0.1	2N	14	0.1	SUM-159_NLS_2N_O2_A6_seed	SUM-159_NLS_2N_O2_A6	52	2.55025125628141	0.000100737318086362	-9.20299424013374	56	oxygen-deprived	4.04974143060735e-06
20.5_20.5_2_1_0.5_0.3_0.2_0.1	2N	14	0.1	SUM-159_NLS_2N_O2_A6_seed	SUM-159_NLS_2N_O2_A6	53	2.59045226130653	3.48787613822084e-05	-10.2636324703852	56	oxygen-deprived	1.40216126159626e-06
20.5_20.5_2_1_0.5_0.3_0.2_0.1	2N	14	0.1	SUM-159_NLS_2N_O2_A6_seed	SUM-159_NLS_2N_O2_A6	54	2.63065326633166	6.0401950058184e-06	-12.0170742608072	56	oxygen-deprived	2.42821909781634e-07
20.5_20.5_2_1_0.5_0.3_0.2_0.1	2N	14	0.1	SUM-159_NLS_2N_O2_A6_seed	SUM-159_NLS_2N_O2_A6	55	2.67085427135678	2.0381722524829e-11	-24.6163825713509	56	oxygen-deprived	8.19365729641333e-13
20.5_20.5_2_1_0.5_0.3_0.2_0.1	2N	14	0.1	SUM-159_NLS_2N_O2_A6_seed	SUM-159_NLS_2N_O2_A6	56	2.71105527638191	9.97943050424923e-13	-27.6330801839299	56	oxygen-deprived	4.01183135849198e-14
20.5_20.5_2_1_0.5_0.3_0.2_0.1	2N	14	0.1	SUM-159_NLS_2N_O2_A6_seed	SUM-159_NLS_2N_O2_A6	57	2.75125628140704	9.97943050424923e-13	-27.6330801839299	56	oxygen-deprived	4.01183135849198e-14
20.5_20.5_2_1_0.5_0.3_0.2_0.1	2N	14	0.1	SUM-159_NLS_2N_O2_A6_seed	SUM-159_NLS_2N_O2_A6	58	2.79145728643216	9.97943050424923e-13	-27.6330801839299	56	oxygen-deprived	4.01183135849198e-14
20.5_20.5_2_1_0.5_0.3_0.2_0.1	2N	14	0.1	SUM-159_NLS_2N_O2_A6_seed	SUM-159_NLS_2N_O2_A6	59	2.83165829145729	9.97943050424923e-13	-27.6330801839299	56	oxygen-deprived	4.01183135849198e-14
20.5_20.5_2_1_0.5_0.3_0.2_0.1	2N	14	0.1	SUM-159_NLS_2N_O2_A6_seed	SUM-159_NLS_2N_O2_A6	60	2.87185929648241	9.97943050424923e-13	-27.6330801839299	56	oxygen-deprived	4.01183135849198e-14
20.5_20.5_2_1_0.5_0.3_0.2_0.1	2N	14	0.1	SUM-159_NLS_2N_O2_A6_seed	SUM-159_NLS_2N_O2_A6	61	2.91206030150754	1.52137517119629e-07	-15.6984810072184	56	oxygen-deprived	6.11608109023609e-09
20.5_20.5_2_1_0.5_0.3_0.2_0.1	2N	14	0.1	SUM-159_NLS_2N_O2_A6_seed	SUM-159_NLS_2N_O2_A6	62	2.95226130653266	4.46708892609759e-05	-10.0161885154562	56	oxygen-deprived	1.79581464365725e-06
20.5_20.5_2_1_0.5_0.3_0.2_0.1	2N	14	0.1	SUM-159_NLS_2N_O2_A6_seed	SUM-159_NLS_2N_O2_A6	63	2.99246231155779	1.37343708285641e-07	-15.8007792333492	56	oxygen-deprived	5.52135510696021e-09
20.5_20.5_2_1_0.5_0.3_0.2_0.1	2N	14	0.1	SUM-159_NLS_2N_O2_A6_seed	SUM-159_NLS_2N_O2_A6	64	3.03266331658291	4.49801237199589e-05	-10.009289860882	56	oxygen-deprived	1.80824617969676e-06
20.5_20.5_2_1_0.5_0.3_0.2_0.1	2N	14	0.1	SUM-159_NLS_2N_O2_A6_seed	SUM-159_NLS_2N_O2_A6	65	3.07286432160804	0.000227552449788306	-8.38812979762547	56	oxygen-deprived	9.14783717741895e-06
20.5_20.5_2_1_0.5_0.3_0.2_0.1	2N	14	0.1	SUM-159_NLS_2N_O2_A6_seed	SUM-159_NLS_2N_O2_A6	66	3.11306532663317	0.000115589488000761	-9.06546554011024	56	oxygen-deprived	4.6468135879701e-06
20.5_20.5_2_1_0.5_0.3_0.2_0.1	2N	14	0.1	SUM-159_NLS_2N_O2_A6_seed	SUM-159_NLS_2N_O2_A6	67	3.15326633165829	0.000725947730407927	-7.22803254241466	56	oxygen-deprived	2.91838283581064e-05
20.5_20.5_2_1_0.5_0.3_0.2_0.1	2N	14	0.1	SUM-159_NLS_2N_O2_A6_seed	SUM-159_NLS_2N_O2_A6	68	3.19346733668342	0.00160197823619696	-6.43651601582341	56	oxygen-deprived	6.44011351234932e-05
20.5_20.5_2_1_0.5_0.3_0.2_0.1	2N	14	0.1	SUM-159_NLS_2N_O2_A6_seed	SUM-159_NLS_2N_O2_A6	69	3.23366834170854	0.00321979686643553	-5.73843700637367	56	oxygen-deprived	0.000129439070007453
20.5_20.5_2_1_0.5_0.3_0.2_0.1	2N	14	0.1	SUM-159_NLS_2N_O2_A6_seed	SUM-159_NLS_2N_O2_A6	70	3.27386934673367	0.00550684615454175	-5.20176320543817	56	oxygen-deprived	0.000221380749931317
20.5_20.5_2_1_0.5_0.3_0.2_0.1	2N	14	0.1	SUM-159_NLS_2N_O2_A6_seed	SUM-159_NLS_2N_O2_A6	71	3.31407035175879	0.00875471690293024	-4.73816264924054	56	oxygen-deprived	0.000351948418208236
20.5_20.5_2_1_0.5_0.3_0.2_0.1	2N	14	0.1	SUM-159_NLS_2N_O2_A6_seed	SUM-159_NLS_2N_O2_A6	72	3.35427135678392	0.0146516194577889	-4.22320440643473	56	oxygen-deprived	0.000589009827448775
20.5_20.5_2_1_0.5_0.3_0.2_0.1	2N	14	0.1	SUM-159_NLS_2N_O2_A6_seed	SUM-159_NLS_2N_O2_A6	73	3.39447236180905	0.020955579598624	-3.86535033878341	56	oxygen-deprived	0.000842435360748668
20.5_20.5_2_1_0.5_0.3_0.2_0.1	2N	14	0.1	SUM-159_NLS_2N_O2_A6_seed	SUM-159_NLS_2N_O2_A6	74	3.43467336683417	0.029282484283084	-3.53076574775448	56	oxygen-deprived	0.00117718529781237
20.5_20.5_2_1_0.5_0.3_0.2_0.1	2N	14	0.1	SUM-159_NLS_2N_O2_A6_seed	SUM-159_NLS_2N_O2_A6	75	3.4748743718593	0.0376485512854057	-3.27946080395183	56	oxygen-deprived	0.00151350959941323
20.5_20.5_2_1_0.5_0.3_0.2_0.1	2N	14	0.1	SUM-159_NLS_2N_O2_A6_seed	SUM-159_NLS_2N_O2_A6	76	3.51507537688442	0.0479194091004054	-3.03823465621079	56	oxygen-deprived	0.00192640840604637
20.5_20.5_2_1_0.5_0.3_0.2_0.1	2N	14	0.1	SUM-159_NLS_2N_O2_A6_seed	SUM-159_NLS_2N_O2_A6	77	3.55527638190955	0.0563629961655281	-2.87594243215941	56	oxygen-deprived	0.00226584909208144
20.5_20.5_2_1_0.5_0.3_0.2_0.1	2N	14	0.1	SUM-159_NLS_2N_O2_A6_seed	SUM-159_NLS_2N_O2_A6	78	3.59547738693467	0.0678326581437436	-2.69071151647202	56	oxygen-deprived	0.00272694103090415
20.5_20.5_2_1_0.5_0.3_0.2_0.1	2N	14	0.1	SUM-159_NLS_2N_O2_A6_seed	SUM-159_NLS_2N_O2_A6	79	3.6356783919598	0.0724656541206943	-2.62464256563627	56	oxygen-deprived	0.00291319212545493
20.5_20.5_2_1_0.5_0.3_0.2_0.1	2N	14	0.1	SUM-159_NLS_2N_O2_A6_seed	SUM-159_NLS_2N_O2_A6	80	3.67587939698492	0.0757560616489191	-2.58023681602632	56	oxygen-deprived	0.0030454698150318
20.5_20.5_2_1_0.5_0.3_0.2_0.1	2N	14	0.1	SUM-159_NLS_2N_O2_A6_seed	SUM-159_NLS_2N_O2_A6	81	3.71608040201005	0.0745107675461888	-2.59681163321887	56	oxygen-deprived	0.00299540774055018
20.5_20.5_2_1_0.5_0.3_0.2_0.1	2N	14	0.1	SUM-159_NLS_2N_O2_A6_seed	SUM-159_NLS_2N_O2_A6	82	3.75628140703518	0.0680015662150242	-2.68822454149739	56	oxygen-deprived	0.00273373130512649
20.5_20.5_2_1_0.5_0.3_0.2_0.1	2N	14	0.1	SUM-159_NLS_2N_O2_A6_seed	SUM-159_NLS_2N_O2_A6	83	3.7964824120603	0.0589174945379983	-2.83161721140796	56	oxygen-deprived	0.00236854249398978
20.5_20.5_2_1_0.5_0.3_0.2_0.1	2N	14	0.1	SUM-159_NLS_2N_O2_A6_seed	SUM-159_NLS_2N_O2_A6	84	3.83668341708543	0.0516081927600583	-2.96407484467821	56	oxygen-deprived	0.00207470121648467
20.5_20.5_2_1_0.5_0.3_0.2_0.1	2N	14	0.1	SUM-159_NLS_2N_O2_A6_seed	SUM-159_NLS_2N_O2_A6	85	3.87688442211055	0.0399449004541092	-3.22025426312511	56	oxygen-deprived	0.00160582514388372
20.5_20.5_2_1_0.5_0.3_0.2_0.1	2N	14	0.1	SUM-159_NLS_2N_O2_A6_seed	SUM-159_NLS_2N_O2_A6	86	3.91708542713568	0.0292911787685753	-3.53046887420749	56	oxygen-deprived	0.0011775348248673
20.5_20.5_2_1_0.5_0.3_0.2_0.1	2N	14	0.1	SUM-159_NLS_2N_O2_A6_seed	SUM-159_NLS_2N_O2_A6	87	3.9572864321608	0.0203238360683625	-3.89596089119725	56	oxygen-deprived	0.000817038635914036
20.5_20.5_2_1_0.5_0.3_0.2_0.1	2N	14	0.1	SUM-159_NLS_2N_O2_A6_seed	SUM-159_NLS_2N_O2_A6	88	3.99748743718593	0.0137772878941935	-4.28473384741205	56	oxygen-deprived	0.000553860819867052
20.5_20.5_2_1_0.5_0.3_0.2_0.1	2N	14	0.1	SUM-159_NLS_2N_O2_A6_seed	SUM-159_NLS_2N_O2_A6	89	4.03768844221106	0.0089096285126397	-4.72062273167504	56	oxygen-deprived	0.000358176020608616
20.5_20.5_2_1_0.5_0.3_0.2_0.1	2N	14	0.1	SUM-159_NLS_2N_O2_A6_seed	SUM-159_NLS_2N_O2_A6	90	4.07788944723618	0.00556006153709084	-5.1921461029588	56	oxygen-deprived	0.000223520061792587
20.5_20.5_2_1_0.5_0.3_0.2_0.1	2N	14	0.1	SUM-159_NLS_2N_O2_A6_seed	SUM-159_NLS_2N_O2_A6	91	4.11809045226131	0.00372919987566667	-5.59156157888222	56	oxygen-deprived	0.000149917582941367
20.5_20.5_2_1_0.5_0.3_0.2_0.1	2N	14	0.1	SUM-159_NLS_2N_O2_A6_seed	SUM-159_NLS_2N_O2_A6	92	4.15829145728643	0.00241594405351939	-6.02566515583357	56	oxygen-deprived	9.71233790359513e-05
20.5_20.5_2_1_0.5_0.3_0.2_0.1	2N	14	0.1	SUM-159_NLS_2N_O2_A6_seed	SUM-159_NLS_2N_O2_A6	93	4.19849246231156	0.00138977428956677	-6.5786139266315	56	oxygen-deprived	5.58703231986618e-05
20.5_20.5_2_1_0.5_0.3_0.2_0.1	2N	14	0.1	SUM-159_NLS_2N_O2_A6_seed	SUM-159_NLS_2N_O2_A6	94	4.23869346733668	0.000868214242551099	-7.04907205054421	56	oxygen-deprived	3.49030851276809e-05
20.5_20.5_2_1_0.5_0.3_0.2_0.1	2N	14	0.1	SUM-159_NLS_2N_O2_A6_seed	SUM-159_NLS_2N_O2_A6	95	4.27889447236181	0.000626585171361029	-7.37522584496555	56	oxygen-deprived	2.51893536225529e-05
20.5_20.5_2_1_0.5_0.3_0.2_0.1	2N	14	0.1	SUM-159_NLS_2N_O2_A6_seed	SUM-159_NLS_2N_O2_A6	96	4.31909547738693	0.000338050998707846	-7.99231379011204	56	oxygen-deprived	1.35899898978023e-05
20.5_20.5_2_1_0.5_0.3_0.2_0.1	2N	14	0.1	SUM-159_NLS_2N_O2_A6_seed	SUM-159_NLS_2N_O2_A6	97	4.35929648241206	0.000244121784907001	-8.31784333871795	56	oxygen-deprived	9.81394110178857e-06
20.5_20.5_2_1_0.5_0.3_0.2_0.1	2N	14	0.1	SUM-159_NLS_2N_O2_A6_seed	SUM-159_NLS_2N_O2_A6	98	4.39949748743719	0.000205926495960903	-8.48799126857234	56	oxygen-deprived	8.27845209893043e-06
20.5_20.5_2_1_0.5_0.3_0.2_0.1	2N	14	0.1	SUM-159_NLS_2N_O2_A6_seed	SUM-159_NLS_2N_O2_A6	99	4.43969849246231	0.000257669091438424	-8.26383438759083	56	oxygen-deprived	1.03585564397352e-05
20.5_20.5_2_1_0.5_0.3_0.2_0.1	2N	14	0.1	SUM-159_NLS_2N_O2_A6_seed	SUM-159_NLS_2N_O2_A6	100	4.47989949748744	3.34056847622213e-05	-10.3067844700027	56	oxygen-deprived	1.34294210099377e-06
20.5_20.5_2_1_0.5_0.3_0.2_0.1	2N	14	0.1	SUM-159_NLS_2N_O2_A6_seed	SUM-159_NLS_2N_O2_A6	101	4.52010050251256	4.62274559553743e-05	-9.98193665164547	56	oxygen-deprived	1.8583901891607e-06
20.5_20.5_2_1_0.5_0.3_0.2_0.1	2N	14	0.1	SUM-159_NLS_2N_O2_A6_seed	SUM-159_NLS_2N_O2_A6	102	4.56030150753769	3.52844581554946e-05	-10.2520679698574	56	oxygen-deprived	1.41847067961781e-06
20.5_20.5_2_1_0.5_0.3_0.2_0.1	2N	14	0.1	SUM-159_NLS_2N_O2_A6_seed	SUM-159_NLS_2N_O2_A6	103	4.60050251256281	2.65389339968145e-05	-10.5368976957744	56	oxygen-deprived	1.06689181896737e-06
20.5_20.5_2_1_0.5_0.3_0.2_0.1	2N	14	0.1	SUM-159_NLS_2N_O2_A6_seed	SUM-159_NLS_2N_O2_A6	104	4.64070351758794	8.26983188172795e-06	-11.702896377826	56	oxygen-deprived	3.32455553034276e-07
20.5_20.5_2_1_0.5_0.3_0.2_0.1	2N	14	0.1	SUM-159_NLS_2N_O2_A6_seed	SUM-159_NLS_2N_O2_A6	105	4.68090452261307	6.8383172727114e-08	-16.4981390553455	56	oxygen-deprived	2.74907227043663e-09
20.5_20.5_2_1_0.5_0.3_0.2_0.1	2N	14	0.1	SUM-159_NLS_2N_O2_A6_seed	SUM-159_NLS_2N_O2_A6	106	4.72110552763819	4.38419456311065e-05	-10.0349195360377	56	oxygen-deprived	1.76249027662732e-06
20.5_20.5_2_1_0.5_0.3_0.2_0.1	2N	14	0.1	SUM-159_NLS_2N_O2_A6_seed	SUM-159_NLS_2N_O2_A6	107	4.76130653266332	1.55534760133573e-07	-15.6763965924715	56	oxygen-deprived	6.25265367371122e-09
20.5_20.5_2_1_0.5_0.3_0.2_0.1	2N	14	0.1	SUM-159_NLS_2N_O2_A6_seed	SUM-159_NLS_2N_O2_A6	108	4.80150753768844	9.97943050424923e-13	-27.6330801839299	56	oxygen-deprived	4.01183135849198e-14
20.5_20.5_2_1_0.5_0.3_0.2_0.1	2N	14	0.1	SUM-159_NLS_2N_O2_A6_seed	SUM-159_NLS_2N_O2_A6	109	4.84170854271357	9.97943050424923e-13	-27.6330801839299	56	oxygen-deprived	4.01183135849198e-14
20.5_20.5_2_1_0.5_0.3_0.2_0.1	2N	14	0.1	SUM-159_NLS_2N_O2_A6_seed	SUM-159_NLS_2N_O2_A6	110	4.88190954773869	9.97943050424923e-13	-27.6330801839299	56	oxygen-deprived	4.01183135849198e-14
20.5_20.5_2_1_0.5_0.3_0.2_0.1	2N	14	0.1	SUM-159_NLS_2N_O2_A6_seed	SUM-159_NLS_2N_O2_A6	111	4.92211055276382	9.97943050424923e-13	-27.6330801839299	56	oxygen-deprived	4.01183135849198e-14
20.5_20.5_2_1_0.5_0.3_0.2_0.1	2N	14	0.1	SUM-159_NLS_2N_O2_A6_seed	SUM-159_NLS_2N_O2_A6	112	4.96231155778894	9.97943050424923e-13	-27.6330801839299	56	oxygen-deprived	4.01183135849198e-14
20.5_20.5_2_1_0.5_0.3_0.2_0.1	2N	14	0.1	SUM-159_NLS_2N_O2_A6_seed	SUM-159_NLS_2N_O2_A6	113	5.00251256281407	9.97943050424923e-13	-27.6330801839299	56	oxygen-deprived	4.01183135849198e-14
20.5_20.5_2_1_0.5_0.3_0.2_0.1	2N	14	0.1	SUM-159_NLS_2N_O2_A6_seed	SUM-159_NLS_2N_O2_A6	114	5.0427135678392	9.97943050424923e-13	-27.6330801839299	56	oxygen-deprived	4.01183135849198e-14
20.5_20.5_2_1_0.5_0.3_0.2_0.1	2N	14	0.1	SUM-159_NLS_2N_O2_A6_seed	SUM-159_NLS_2N_O2_A6	115	5.08291457286432	9.97943050424923e-13	-27.6330801839299	56	oxygen-deprived	4.01183135849198e-14
20.5_20.5_2_1_0.5_0.3_0.2_0.1	2N	14	0.1	SUM-159_NLS_2N_O2_A6_seed	SUM-159_NLS_2N_O2_A6	116	5.12311557788945	9.97943050424923e-13	-27.6330801839299	56	oxygen-deprived	4.01183135849198e-14
20.5_20.5_2_1_0.5_0.3_0.2_0.1	2N	14	0.1	SUM-159_NLS_2N_O2_A6_seed	SUM-159_NLS_2N_O2_A6	117	5.16331658291457	9.97943050424923e-13	-27.6330801839299	56	oxygen-deprived	4.01183135849198e-14
20.5_20.5_2_1_0.5_0.3_0.2_0.1	2N	14	0.1	SUM-159_NLS_2N_O2_A6_seed	SUM-159_NLS_2N_O2_A6	118	5.2035175879397	9.97943050424923e-13	-27.6330801839299	56	oxygen-deprived	4.01183135849198e-14
20.5_20.5_2_1_0.5_0.3_0.2_0.1	2N	14	0.1	SUM-159_NLS_2N_O2_A6_seed	SUM-159_NLS_2N_O2_A6	119	5.24371859296482	9.97943050424923e-13	-27.6330801839299	56	oxygen-deprived	4.01183135849198e-14
20.5_20.5_2_1_0.5_0.3_0.2_0.1	2N	14	0.1	SUM-159_NLS_2N_O2_A6_seed	SUM-159_NLS_2N_O2_A6	120	5.28391959798995	9.97943050424923e-13	-27.6330801839299	56	oxygen-deprived	4.01183135849198e-14
20.5_20.5_2_1_0.5_0.3_0.2_0.1	2N	14	0.1	SUM-159_NLS_2N_O2_A6_seed	SUM-159_NLS_2N_O2_A6	121	5.32412060301508	9.97943050424923e-13	-27.6330801839299	56	oxygen-deprived	4.01183135849198e-14
20.5_20.5_2_1_0.5_0.3_0.2_0.1	2N	14	0.1	SUM-159_NLS_2N_O2_A6_seed	SUM-159_NLS_2N_O2_A6	122	5.3643216080402	9.97943050424923e-13	-27.6330801839299	56	oxygen-deprived	4.01183135849198e-14
20.5_20.5_2_1_0.5_0.3_0.2_0.1	2N	14	0.1	SUM-159_NLS_2N_O2_A6_seed	SUM-159_NLS_2N_O2_A6	123	5.40452261306533	9.97943050424923e-13	-27.6330801839299	56	oxygen-deprived	4.01183135849198e-14
20.5_20.5_2_1_0.5_0.3_0.2_0.1	2N	14	0.1	SUM-159_NLS_2N_O2_A6_seed	SUM-159_NLS_2N_O2_A6	124	5.44472361809045	9.97943050424923e-13	-27.6330801839299	56	oxygen-deprived	4.01183135849198e-14
20.5_20.5_2_1_0.5_0.3_0.2_0.1	2N	14	0.1	SUM-159_NLS_2N_O2_A6_seed	SUM-159_NLS_2N_O2_A6	125	5.48492462311558	9.97943050424923e-13	-27.6330801839299	56	oxygen-deprived	4.01183135849198e-14
20.5_20.5_2_1_0.5_0.3_0.2_0.1	2N	14	0.1	SUM-159_NLS_2N_O2_A6_seed	SUM-159_NLS_2N_O2_A6	126	5.5251256281407	9.97943050424923e-13	-27.6330801839299	56	oxygen-deprived	4.01183135849198e-14
20.5_20.5_2_1_0.5_0.3_0.2_0.1	2N	14	0.1	SUM-159_NLS_2N_O2_A6_seed	SUM-159_NLS_2N_O2_A6	127	5.56532663316583	9.97943050424923e-13	-27.6330801839299	56	oxygen-deprived	4.01183135849198e-14
20.5_20.5_2_1_0.5_0.3_0.2_0.1	2N	14	0.1	SUM-159_NLS_2N_O2_A6_seed	SUM-159_NLS_2N_O2_A6	128	5.60552763819095	9.97943050424923e-13	-27.6330801839299	56	oxygen-deprived	4.01183135849198e-14
20.5_20.5_2_1_0.5_0.3_0.2_0.1	2N	14	0.1	SUM-159_NLS_2N_O2_A6_seed	SUM-159_NLS_2N_O2_A6	129	5.64572864321608	9.97943050424923e-13	-27.6330801839299	56	oxygen-deprived	4.01183135849198e-14
20.5_20.5_2_1_0.5_0.3_0.2_0.1	2N	14	0.1	SUM-159_NLS_2N_O2_A6_seed	SUM-159_NLS_2N_O2_A6	130	5.68592964824121	9.97943050424923e-13	-27.6330801839299	56	oxygen-deprived	4.01183135849198e-14
20.5_20.5_2_1_0.5_0.3_0.2_0.1	2N	14	0.1	SUM-159_NLS_2N_O2_A6_seed	SUM-159_NLS_2N_O2_A6	131	5.72613065326633	9.97943050424923e-13	-27.6330801839299	56	oxygen-deprived	4.01183135849198e-14
20.5_20.5_2_1_0.5_0.3_0.2_0.1	2N	14	0.1	SUM-159_NLS_2N_O2_A6_seed	SUM-159_NLS_2N_O2_A6	132	5.76633165829146	9.97943050424923e-13	-27.6330801839299	56	oxygen-deprived	4.01183135849198e-14
20.5_20.5_2_1_0.5_0.3_0.2_0.1	2N	14	0.1	SUM-159_NLS_2N_O2_A6_seed	SUM-159_NLS_2N_O2_A6	133	5.80653266331658	9.97943050424923e-13	-27.6330801839299	56	oxygen-deprived	4.01183135849198e-14
20.5_20.5_2_1_0.5_0.3_0.2_0.1	2N	14	0.1	SUM-159_NLS_2N_O2_A6_seed	SUM-159_NLS_2N_O2_A6	134	5.84673366834171	9.97943050424923e-13	-27.6330801839299	56	oxygen-deprived	4.01183135849198e-14
20.5_20.5_2_1_0.5_0.3_0.2_0.1	2N	14	0.1	SUM-159_NLS_2N_O2_A6_seed	SUM-159_NLS_2N_O2_A6	135	5.88693467336683	9.97943050424923e-13	-27.6330801839299	56	oxygen-deprived	4.01183135849198e-14
20.5_20.5_2_1_0.5_0.3_0.2_0.1	2N	14	0.1	SUM-159_NLS_2N_O2_A6_seed	SUM-159_NLS_2N_O2_A6	136	5.92713567839196	9.97943050424923e-13	-27.6330801839299	56	oxygen-deprived	4.01183135849198e-14
20.5_20.5_2_1_0.5_0.3_0.2_0.1	2N	14	0.1	SUM-159_NLS_2N_O2_A6_seed	SUM-159_NLS_2N_O2_A6	137	5.96733668341709	9.97943050424923e-13	-27.6330801839299	56	oxygen-deprived	4.01183135849198e-14
20.5_20.5_2_1_0.5_0.3_0.2_0.1	2N	14	0.1	SUM-159_NLS_2N_O2_A6_seed	SUM-159_NLS_2N_O2_A6	138	6.00753768844221	9.97943050424923e-13	-27.6330801839299	56	oxygen-deprived	4.01183135849198e-14
20.5_20.5_2_1_0.5_0.3_0.2_0.1	2N	14	0.1	SUM-159_NLS_2N_O2_A6_seed	SUM-159_NLS_2N_O2_A6	139	6.04773869346734	9.97943050424923e-13	-27.6330801839299	56	oxygen-deprived	4.01183135849198e-14
20.5_20.5_2_1_0.5_0.3_0.2_0.1	2N	14	0.1	SUM-159_NLS_2N_O2_A6_seed	SUM-159_NLS_2N_O2_A6	140	6.08793969849246	9.97943050424923e-13	-27.6330801839299	56	oxygen-deprived	4.01183135849198e-14
20.5_20.5_2_1_0.5_0.3_0.2_0.1	2N	14	0.1	SUM-159_NLS_2N_O2_A6_seed	SUM-159_NLS_2N_O2_A6	141	6.12814070351759	9.97943050424923e-13	-27.6330801839299	56	oxygen-deprived	4.01183135849198e-14
20.5_20.5_2_1_0.5_0.3_0.2_0.1	2N	14	0.1	SUM-159_NLS_2N_O2_A6_seed	SUM-159_NLS_2N_O2_A6	142	6.16834170854271	9.97943050424923e-13	-27.6330801839299	56	oxygen-deprived	4.01183135849198e-14
20.5_20.5_2_1_0.5_0.3_0.2_0.1	2N	14	0.1	SUM-159_NLS_2N_O2_A6_seed	SUM-159_NLS_2N_O2_A6	143	6.20854271356784	9.97943050424923e-13	-27.6330801839299	56	oxygen-deprived	4.01183135849198e-14
20.5_20.5_2_1_0.5_0.3_0.2_0.1	2N	14	0.1	SUM-159_NLS_2N_O2_A6_seed	SUM-159_NLS_2N_O2_A6	144	6.24874371859296	9.97943050424923e-13	-27.6330801839299	56	oxygen-deprived	4.01183135849198e-14
20.5_20.5_2_1_0.5_0.3_0.2_0.1	2N	14	0.1	SUM-159_NLS_2N_O2_A6_seed	SUM-159_NLS_2N_O2_A6	145	6.28894472361809	9.97943050424923e-13	-27.6330801839299	56	oxygen-deprived	4.01183135849198e-14
20.5_20.5_2_1_0.5_0.3_0.2_0.1	2N	14	0.1	SUM-159_NLS_2N_O2_A6_seed	SUM-159_NLS_2N_O2_A6	146	6.32914572864322	9.97943050424923e-13	-27.6330801839299	56	oxygen-deprived	4.01183135849198e-14
20.5_20.5_2_1_0.5_0.3_0.2_0.1	2N	14	0.1	SUM-159_NLS_2N_O2_A6_seed	SUM-159_NLS_2N_O2_A6	147	6.36934673366834	9.97943050424923e-13	-27.6330801839299	56	oxygen-deprived	4.01183135849198e-14
20.5_20.5_2_1_0.5_0.3_0.2_0.1	2N	14	0.1	SUM-159_NLS_2N_O2_A6_seed	SUM-159_NLS_2N_O2_A6	148	6.40954773869347	9.97943050424923e-13	-27.6330801839299	56	oxygen-deprived	4.01183135849198e-14
20.5_20.5_2_1_0.5_0.3_0.2_0.1	2N	14	0.1	SUM-159_NLS_2N_O2_A6_seed	SUM-159_NLS_2N_O2_A6	149	6.44974874371859	9.97943050424923e-13	-27.6330801839299	56	oxygen-deprived	4.01183135849198e-14
20.5_20.5_2_1_0.5_0.3_0.2_0.1	2N	14	0.1	SUM-159_NLS_2N_O2_A6_seed	SUM-159_NLS_2N_O2_A6	150	6.48994974874372	9.97943050424923e-13	-27.6330801839299	56	oxygen-deprived	4.01183135849198e-14
20.5_20.5_2_1_0.5_0.3_0.2_0.1	2N	14	0.1	SUM-159_NLS_2N_O2_A6_seed	SUM-159_NLS_2N_O2_A6	151	6.53015075376884	9.97943050424923e-13	-27.6330801839299	56	oxygen-deprived	4.01183135849198e-14
20.5_20.5_2_1_0.5_0.3_0.2_0.1	2N	14	0.1	SUM-159_NLS_2N_O2_A6_seed	SUM-159_NLS_2N_O2_A6	152	6.57035175879397	9.97943050424923e-13	-27.6330801839299	56	oxygen-deprived	4.01183135849198e-14
20.5_20.5_2_1_0.5_0.3_0.2_0.1	2N	14	0.1	SUM-159_NLS_2N_O2_A6_seed	SUM-159_NLS_2N_O2_A6	153	6.6105527638191	9.97943050424923e-13	-27.6330801839299	56	oxygen-deprived	4.01183135849198e-14
20.5_20.5_2_1_0.5_0.3_0.2_0.1	2N	14	0.1	SUM-159_NLS_2N_O2_A6_seed	SUM-159_NLS_2N_O2_A6	154	6.65075376884422	9.97943050424923e-13	-27.6330801839299	56	oxygen-deprived	4.01183135849198e-14
20.5_20.5_2_1_0.5_0.3_0.2_0.1	2N	14	0.1	SUM-159_NLS_2N_O2_A6_seed	SUM-159_NLS_2N_O2_A6	155	6.69095477386935	9.97943050424923e-13	-27.6330801839299	56	oxygen-deprived	4.01183135849198e-14
20.5_20.5_2_1_0.5_0.3_0.2_0.1	2N	14	0.1	SUM-159_NLS_2N_O2_A6_seed	SUM-159_NLS_2N_O2_A6	156	6.73115577889447	9.97943050424923e-13	-27.6330801839299	56	oxygen-deprived	4.01183135849198e-14
20.5_20.5_2_1_0.5_0.3_0.2_0.1	2N	14	0.1	SUM-159_NLS_2N_O2_A6_seed	SUM-159_NLS_2N_O2_A6	157	6.7713567839196	9.97943050424923e-13	-27.6330801839299	56	oxygen-deprived	4.01183135849198e-14
20.5_20.5_2_1_0.5_0.3_0.2_0.1	2N	14	0.1	SUM-159_NLS_2N_O2_A6_seed	SUM-159_NLS_2N_O2_A6	158	6.81155778894472	9.97943050424923e-13	-27.6330801839299	56	oxygen-deprived	4.01183135849198e-14
20.5_20.5_2_1_0.5_0.3_0.2_0.1	2N	14	0.1	SUM-159_NLS_2N_O2_A6_seed	SUM-159_NLS_2N_O2_A6	159	6.85175879396985	9.97943050424923e-13	-27.6330801839299	56	oxygen-deprived	4.01183135849198e-14
20.5_20.5_2_1_0.5_0.3_0.2_0.1	2N	14	0.1	SUM-159_NLS_2N_O2_A6_seed	SUM-159_NLS_2N_O2_A6	160	6.89195979899498	9.97943050424923e-13	-27.6330801839299	56	oxygen-deprived	4.01183135849198e-14
20.5_20.5_2_1_0.5_0.3_0.2_0.1	2N	14	0.1	SUM-159_NLS_2N_O2_A6_seed	SUM-159_NLS_2N_O2_A6	161	6.9321608040201	9.97943050424923e-13	-27.6330801839299	56	oxygen-deprived	4.01183135849198e-14
20.5_20.5_2_1_0.5_0.3_0.2_0.1	2N	14	0.1	SUM-159_NLS_2N_O2_A6_seed	SUM-159_NLS_2N_O2_A6	162	6.97236180904523	9.97943050424923e-13	-27.6330801839299	56	oxygen-deprived	4.01183135849198e-14
20.5_20.5_2_1_0.5_0.3_0.2_0.1	2N	14	0.1	SUM-159_NLS_2N_O2_A6_seed	SUM-159_NLS_2N_O2_A6	163	7.01256281407035	9.97943050424923e-13	-27.6330801839299	56	oxygen-deprived	4.01183135849198e-14
20.5_20.5_2_1_0.5_0.3_0.2_0.1	2N	14	0.1	SUM-159_NLS_2N_O2_A6_seed	SUM-159_NLS_2N_O2_A6	164	7.05276381909548	9.97943050424923e-13	-27.6330801839299	56	oxygen-deprived	4.01183135849198e-14
20.5_20.5_2_1_0.5_0.3_0.2_0.1	2N	14	0.1	SUM-159_NLS_2N_O2_A6_seed	SUM-159_NLS_2N_O2_A6	165	7.0929648241206	9.97943050424923e-13	-27.6330801839299	56	oxygen-deprived	4.01183135849198e-14
20.5_20.5_2_1_0.5_0.3_0.2_0.1	2N	14	0.1	SUM-159_NLS_2N_O2_A6_seed	SUM-159_NLS_2N_O2_A6	166	7.13316582914573	9.97943050424923e-13	-27.6330801839299	56	oxygen-deprived	4.01183135849198e-14
20.5_20.5_2_1_0.5_0.3_0.2_0.1	2N	14	0.1	SUM-159_NLS_2N_O2_A6_seed	SUM-159_NLS_2N_O2_A6	167	7.17336683417085	9.97943050424923e-13	-27.6330801839299	56	oxygen-deprived	4.01183135849198e-14
20.5_20.5_2_1_0.5_0.3_0.2_0.1	2N	14	0.1	SUM-159_NLS_2N_O2_A6_seed	SUM-159_NLS_2N_O2_A6	168	7.21356783919598	9.97943050424923e-13	-27.6330801839299	56	oxygen-deprived	4.01183135849198e-14
20.5_20.5_2_1_0.5_0.3_0.2_0.1	2N	14	0.1	SUM-159_NLS_2N_O2_A6_seed	SUM-159_NLS_2N_O2_A6	169	7.25376884422111	9.97943050424923e-13	-27.6330801839299	56	oxygen-deprived	4.01183135849198e-14
20.5_20.5_2_1_0.5_0.3_0.2_0.1	2N	14	0.1	SUM-159_NLS_2N_O2_A6_seed	SUM-159_NLS_2N_O2_A6	170	7.29396984924623	9.97943050424923e-13	-27.6330801839299	56	oxygen-deprived	4.01183135849198e-14
20.5_20.5_2_1_0.5_0.3_0.2_0.1	2N	14	0.1	SUM-159_NLS_2N_O2_A6_seed	SUM-159_NLS_2N_O2_A6	171	7.33417085427136	9.97943050424923e-13	-27.6330801839299	56	oxygen-deprived	4.01183135849198e-14
20.5_20.5_2_1_0.5_0.3_0.2_0.1	2N	14	0.1	SUM-159_NLS_2N_O2_A6_seed	SUM-159_NLS_2N_O2_A6	172	7.37437185929648	9.97943050424923e-13	-27.6330801839299	56	oxygen-deprived	4.01183135849198e-14
20.5_20.5_2_1_0.5_0.3_0.2_0.1	2N	14	0.1	SUM-159_NLS_2N_O2_A6_seed	SUM-159_NLS_2N_O2_A6	173	7.41457286432161	9.97943050424923e-13	-27.6330801839299	56	oxygen-deprived	4.01183135849198e-14
20.5_20.5_2_1_0.5_0.3_0.2_0.1	2N	14	0.1	SUM-159_NLS_2N_O2_A6_seed	SUM-159_NLS_2N_O2_A6	174	7.45477386934673	9.97943050424923e-13	-27.6330801839299	56	oxygen-deprived	4.01183135849198e-14
20.5_20.5_2_1_0.5_0.3_0.2_0.1	2N	14	0.1	SUM-159_NLS_2N_O2_A6_seed	SUM-159_NLS_2N_O2_A6	175	7.49497487437186	9.97943050424923e-13	-27.6330801839299	56	oxygen-deprived	4.01183135849198e-14
20.5_20.5_2_1_0.5_0.3_0.2_0.1	2N	14	0.1	SUM-159_NLS_2N_O2_A6_seed	SUM-159_NLS_2N_O2_A6	176	7.53517587939699	9.97943050424923e-13	-27.6330801839299	56	oxygen-deprived	4.01183135849198e-14
20.5_20.5_2_1_0.5_0.3_0.2_0.1	2N	14	0.1	SUM-159_NLS_2N_O2_A6_seed	SUM-159_NLS_2N_O2_A6	177	7.57537688442211	9.97943050424923e-13	-27.6330801839299	56	oxygen-deprived	4.01183135849198e-14
20.5_20.5_2_1_0.5_0.3_0.2_0.1	2N	14	0.1	SUM-159_NLS_2N_O2_A6_seed	SUM-159_NLS_2N_O2_A6	178	7.61557788944724	9.97943050424923e-13	-27.6330801839299	56	oxygen-deprived	4.01183135849198e-14
20.5_20.5_2_1_0.5_0.3_0.2_0.1	2N	14	0.1	SUM-159_NLS_2N_O2_A6_seed	SUM-159_NLS_2N_O2_A6	179	7.65577889447236	9.97943050424923e-13	-27.6330801839299	56	oxygen-deprived	4.01183135849198e-14
20.5_20.5_2_1_0.5_0.3_0.2_0.1	2N	14	0.1	SUM-159_NLS_2N_O2_A6_seed	SUM-159_NLS_2N_O2_A6	180	7.69597989949749	9.97943050424923e-13	-27.6330801839299	56	oxygen-deprived	4.01183135849198e-14
20.5_20.5_2_1_0.5_0.3_0.2_0.1	2N	14	0.1	SUM-159_NLS_2N_O2_A6_seed	SUM-159_NLS_2N_O2_A6	181	7.73618090452261	9.97943050424923e-13	-27.6330801839299	56	oxygen-deprived	4.01183135849198e-14
20.5_20.5_2_1_0.5_0.3_0.2_0.1	2N	14	0.1	SUM-159_NLS_2N_O2_A6_seed	SUM-159_NLS_2N_O2_A6	182	7.77638190954774	9.97943050424923e-13	-27.6330801839299	56	oxygen-deprived	4.01183135849198e-14
20.5_20.5_2_1_0.5_0.3_0.2_0.1	2N	14	0.1	SUM-159_NLS_2N_O2_A6_seed	SUM-159_NLS_2N_O2_A6	183	7.81658291457286	9.97943050424923e-13	-27.6330801839299	56	oxygen-deprived	4.01183135849198e-14
20.5_20.5_2_1_0.5_0.3_0.2_0.1	2N	14	0.1	SUM-159_NLS_2N_O2_A6_seed	SUM-159_NLS_2N_O2_A6	184	7.85678391959799	9.97943050424923e-13	-27.6330801839299	56	oxygen-deprived	4.01183135849198e-14
20.5_20.5_2_1_0.5_0.3_0.2_0.1	2N	14	0.1	SUM-159_NLS_2N_O2_A6_seed	SUM-159_NLS_2N_O2_A6	185	7.89698492462312	9.97943050424923e-13	-27.6330801839299	56	oxygen-deprived	4.01183135849198e-14
20.5_20.5_2_1_0.5_0.3_0.2_0.1	2N	14	0.1	SUM-159_NLS_2N_O2_A6_seed	SUM-159_NLS_2N_O2_A6	186	7.93718592964824	9.97943050424923e-13	-27.6330801839299	56	oxygen-deprived	4.01183135849198e-14
20.5_20.5_2_1_0.5_0.3_0.2_0.1	2N	14	0.1	SUM-159_NLS_2N_O2_A6_seed	SUM-159_NLS_2N_O2_A6	187	7.97738693467337	9.97943050424923e-13	-27.6330801839299	56	oxygen-deprived	4.01183135849198e-14
20.5_20.5_2_1_0.5_0.3_0.2_0.1	2N	14	0.1	SUM-159_NLS_2N_O2_A6_seed	SUM-159_NLS_2N_O2_A6	188	8.01758793969849	9.97943050424923e-13	-27.6330801839299	56	oxygen-deprived	4.01183135849198e-14
20.5_20.5_2_1_0.5_0.3_0.2_0.1	2N	14	0.1	SUM-159_NLS_2N_O2_A6_seed	SUM-159_NLS_2N_O2_A6	189	8.05778894472362	9.97943050424923e-13	-27.6330801839299	56	oxygen-deprived	4.01183135849198e-14
20.5_20.5_2_1_0.5_0.3_0.2_0.1	2N	14	0.1	SUM-159_NLS_2N_O2_A6_seed	SUM-159_NLS_2N_O2_A6	190	8.09798994974874	9.97943050424923e-13	-27.6330801839299	56	oxygen-deprived	4.01183135849198e-14
20.5_20.5_2_1_0.5_0.3_0.2_0.1	2N	14	0.1	SUM-159_NLS_2N_O2_A6_seed	SUM-159_NLS_2N_O2_A6	191	8.13819095477387	9.97943050424923e-13	-27.6330801839299	56	oxygen-deprived	4.01183135849198e-14
20.5_20.5_2_1_0.5_0.3_0.2_0.1	2N	14	0.1	SUM-159_NLS_2N_O2_A6_seed	SUM-159_NLS_2N_O2_A6	192	8.178391959799	9.97943050424923e-13	-27.6330801839299	56	oxygen-deprived	4.01183135849198e-14
20.5_20.5_2_1_0.5_0.3_0.2_0.1	2N	14	0.1	SUM-159_NLS_2N_O2_A6_seed	SUM-159_NLS_2N_O2_A6	193	8.21859296482412	9.97943050424923e-13	-27.6330801839299	56	oxygen-deprived	4.01183135849198e-14
20.5_20.5_2_1_0.5_0.3_0.2_0.1	2N	14	0.1	SUM-159_NLS_2N_O2_A6_seed	SUM-159_NLS_2N_O2_A6	194	8.25879396984925	9.97943050424923e-13	-27.6330801839299	56	oxygen-deprived	4.01183135849198e-14
20.5_20.5_2_1_0.5_0.3_0.2_0.1	2N	14	0.1	SUM-159_NLS_2N_O2_A6_seed	SUM-159_NLS_2N_O2_A6	195	8.29899497487437	9.97943050424923e-13	-27.6330801839299	56	oxygen-deprived	4.01183135849198e-14
20.5_20.5_2_1_0.5_0.3_0.2_0.1	2N	14	0.1	SUM-159_NLS_2N_O2_A6_seed	SUM-159_NLS_2N_O2_A6	196	8.3391959798995	9.97943050424923e-13	-27.6330801839299	56	oxygen-deprived	4.01183135849198e-14
20.5_20.5_2_1_0.5_0.3_0.2_0.1	2N	14	0.1	SUM-159_NLS_2N_O2_A6_seed	SUM-159_NLS_2N_O2_A6	197	8.37939698492462	9.97943050424923e-13	-27.6330801839299	56	oxygen-deprived	4.01183135849198e-14
20.5_20.5_2_1_0.5_0.3_0.2_0.1	2N	14	0.1	SUM-159_NLS_2N_O2_A6_seed	SUM-159_NLS_2N_O2_A6	198	8.41959798994975	9.97943050424923e-13	-27.6330801839299	56	oxygen-deprived	4.01183135849198e-14
20.5_20.5_2_1_0.5_0.3_0.2_0.1	2N	14	0.1	SUM-159_NLS_2N_O2_A6_seed	SUM-159_NLS_2N_O2_A6	199	8.45979899497488	9.97943050424923e-13	-27.6330801839299	56	oxygen-deprived	4.01183135849198e-14
20.5_20.5_2_1_0.5_0.3_0.2_0.1	2N	14	0.1	SUM-159_NLS_2N_O2_A6_seed	SUM-159_NLS_2N_O2_A6	200	8.5	9.97943050424923e-13	-27.6330801839299	56	oxygen-deprived	4.01183135849198e-14
20.5_20.5_20.5_20.5_20.5_20.5_20.5_20.5_20.5_20.5_20.5_20.5_20.5_20.5	2N	26	20.5	SUM-159_NLS_2N_C_A12_seed	SUM-159_NLS_2N_C_A12	1	0.5	9.91513173733009e-13	-27.6395441603694	57	control	3.98598260797174e-14
20.5_20.5_20.5_20.5_20.5_20.5_20.5_20.5_20.5_20.5_20.5_20.5_20.5_20.5	2N	26	20.5	SUM-159_NLS_2N_C_A12_seed	SUM-159_NLS_2N_C_A12	2	0.540201005025126	9.91513173733009e-13	-27.6395441603694	57	control	3.98598260797174e-14
20.5_20.5_20.5_20.5_20.5_20.5_20.5_20.5_20.5_20.5_20.5_20.5_20.5_20.5	2N	26	20.5	SUM-159_NLS_2N_C_A12_seed	SUM-159_NLS_2N_C_A12	3	0.580402010050251	9.91513173733009e-13	-27.6395441603694	57	control	3.98598260797174e-14
20.5_20.5_20.5_20.5_20.5_20.5_20.5_20.5_20.5_20.5_20.5_20.5_20.5_20.5	2N	26	20.5	SUM-159_NLS_2N_C_A12_seed	SUM-159_NLS_2N_C_A12	4	0.620603015075377	9.91513173733009e-13	-27.6395441603694	57	control	3.98598260797174e-14
20.5_20.5_20.5_20.5_20.5_20.5_20.5_20.5_20.5_20.5_20.5_20.5_20.5_20.5	2N	26	20.5	SUM-159_NLS_2N_C_A12_seed	SUM-159_NLS_2N_C_A12	5	0.660804020100503	9.91513173733009e-13	-27.6395441603694	57	control	3.98598260797174e-14
20.5_20.5_20.5_20.5_20.5_20.5_20.5_20.5_20.5_20.5_20.5_20.5_20.5_20.5	2N	26	20.5	SUM-159_NLS_2N_C_A12_seed	SUM-159_NLS_2N_C_A12	6	0.701005025125628	9.91513173733009e-13	-27.6395441603694	57	control	3.98598260797174e-14
20.5_20.5_20.5_20.5_20.5_20.5_20.5_20.5_20.5_20.5_20.5_20.5_20.5_20.5	2N	26	20.5	SUM-159_NLS_2N_C_A12_seed	SUM-159_NLS_2N_C_A12	7	0.741206030150754	9.91513173733009e-13	-27.6395441603694	57	control	3.98598260797174e-14
20.5_20.5_20.5_20.5_20.5_20.5_20.5_20.5_20.5_20.5_20.5_20.5_20.5_20.5	2N	26	20.5	SUM-159_NLS_2N_C_A12_seed	SUM-159_NLS_2N_C_A12	8	0.781407035175879	9.91513173733009e-13	-27.6395441603694	57	control	3.98598260797174e-14
20.5_20.5_20.5_20.5_20.5_20.5_20.5_20.5_20.5_20.5_20.5_20.5_20.5_20.5	2N	26	20.5	SUM-159_NLS_2N_C_A12_seed	SUM-159_NLS_2N_C_A12	9	0.821608040201005	9.91513173733009e-13	-27.6395441603694	57	control	3.98598260797174e-14
20.5_20.5_20.5_20.5_20.5_20.5_20.5_20.5_20.5_20.5_20.5_20.5_20.5_20.5	2N	26	20.5	SUM-159_NLS_2N_C_A12_seed	SUM-159_NLS_2N_C_A12	10	0.861809045226131	9.91513173733009e-13	-27.6395441603694	57	control	3.98598260797174e-14
20.5_20.5_20.5_20.5_20.5_20.5_20.5_20.5_20.5_20.5_20.5_20.5_20.5_20.5	2N	26	20.5	SUM-159_NLS_2N_C_A12_seed	SUM-159_NLS_2N_C_A12	11	0.902010050251256	1.71899432620087e-08	-17.8789413181965	57	control	6.91052995457609e-10
20.5_20.5_20.5_20.5_20.5_20.5_20.5_20.5_20.5_20.5_20.5_20.5_20.5_20.5	2N	26	20.5	SUM-159_NLS_2N_C_A12_seed	SUM-159_NLS_2N_C_A12	12	0.942211055276382	4.66584567947257e-05	-9.97265636532715	57	control	1.8757168560693e-06
20.5_20.5_20.5_20.5_20.5_20.5_20.5_20.5_20.5_20.5_20.5_20.5_20.5_20.5	2N	26	20.5	SUM-159_NLS_2N_C_A12_seed	SUM-159_NLS_2N_C_A12	13	0.982412060301508	1.7671208048857e-05	-10.9435739067451	57	control	7.10400323572113e-07
20.5_20.5_20.5_20.5_20.5_20.5_20.5_20.5_20.5_20.5_20.5_20.5_20.5_20.5	2N	26	20.5	SUM-159_NLS_2N_C_A12_seed	SUM-159_NLS_2N_C_A12	14	1.02261306532663	0.000234178101967171	-8.35942861259332	57	control	9.41419505395625e-06
20.5_20.5_20.5_20.5_20.5_20.5_20.5_20.5_20.5_20.5_20.5_20.5_20.5_20.5	2N	26	20.5	SUM-159_NLS_2N_C_A12_seed	SUM-159_NLS_2N_C_A12	15	1.06281407035176	0.000606538942705451	-7.40774162272894	57	control	2.43834750836353e-05
20.5_20.5_20.5_20.5_20.5_20.5_20.5_20.5_20.5_20.5_20.5_20.5_20.5_20.5	2N	26	20.5	SUM-159_NLS_2N_C_A12_seed	SUM-159_NLS_2N_C_A12	16	1.10301507537688	0.00125086535431555	-6.68391968373314	57	control	5.0286044394593e-05
20.5_20.5_20.5_20.5_20.5_20.5_20.5_20.5_20.5_20.5_20.5_20.5_20.5_20.5	2N	26	20.5	SUM-159_NLS_2N_C_A12_seed	SUM-159_NLS_2N_C_A12	17	1.14321608040201	0.00201321677043177	-6.20802145286044	57	control	8.09333375047916e-05
20.5_20.5_20.5_20.5_20.5_20.5_20.5_20.5_20.5_20.5_20.5_20.5_20.5_20.5	2N	26	20.5	SUM-159_NLS_2N_C_A12_seed	SUM-159_NLS_2N_C_A12	18	1.18341708542714	0.00189731979848262	-6.26731302106582	57	control	7.62741627530672e-05
20.5_20.5_20.5_20.5_20.5_20.5_20.5_20.5_20.5_20.5_20.5_20.5_20.5_20.5	2N	26	20.5	SUM-159_NLS_2N_C_A12_seed	SUM-159_NLS_2N_C_A12	19	1.22361809045226	0.00144388249271451	-6.54041961805922	57	control	5.80455273453047e-05
20.5_20.5_20.5_20.5_20.5_20.5_20.5_20.5_20.5_20.5_20.5_20.5_20.5_20.5	2N	26	20.5	SUM-159_NLS_2N_C_A12_seed	SUM-159_NLS_2N_C_A12	20	1.26381909547739	0.00149675697542654	-6.50445452778782	57	control	6.01711346905118e-05
20.5_20.5_20.5_20.5_20.5_20.5_20.5_20.5_20.5_20.5_20.5_20.5_20.5_20.5	2N	26	20.5	SUM-159_NLS_2N_C_A12_seed	SUM-159_NLS_2N_C_A12	21	1.30402010050251	0.00328132872609436	-5.71950683919769	57	control	0.000131912712606803
20.5_20.5_20.5_20.5_20.5_20.5_20.5_20.5_20.5_20.5_20.5_20.5_20.5_20.5	2N	26	20.5	SUM-159_NLS_2N_C_A12_seed	SUM-159_NLS_2N_C_A12	22	1.34422110552764	0.00877362167945153	-4.73600559553433	57	control	0.000352708409224168
20.5_20.5_20.5_20.5_20.5_20.5_20.5_20.5_20.5_20.5_20.5_20.5_20.5_20.5	2N	26	20.5	SUM-159_NLS_2N_C_A12_seed	SUM-159_NLS_2N_C_A12	23	1.38442211055276	0.022111932741648	-3.81163787311424	57	control	0.000888921919262196
20.5_20.5_20.5_20.5_20.5_20.5_20.5_20.5_20.5_20.5_20.5_20.5_20.5_20.5	2N	26	20.5	SUM-159_NLS_2N_C_A12_seed	SUM-159_NLS_2N_C_A12	24	1.42462311557789	0.05366405347254	-2.92501189690959	57	control	0.00215734888331811
20.5_20.5_20.5_20.5_20.5_20.5_20.5_20.5_20.5_20.5_20.5_20.5_20.5_20.5	2N	26	20.5	SUM-159_NLS_2N_C_A12_seed	SUM-159_NLS_2N_C_A12	25	1.46482412060302	0.124618169857483	-2.08250085775882	57	control	0.00500977567266244
20.5_20.5_20.5_20.5_20.5_20.5_20.5_20.5_20.5_20.5_20.5_20.5_20.5_20.5	2N	26	20.5	SUM-159_NLS_2N_C_A12_seed	SUM-159_NLS_2N_C_A12	26	1.50502512562814	0.254517430219539	-1.36838595724427	57	control	0.0102318564912373
20.5_20.5_20.5_20.5_20.5_20.5_20.5_20.5_20.5_20.5_20.5_20.5_20.5_20.5	2N	26	20.5	SUM-159_NLS_2N_C_A12_seed	SUM-159_NLS_2N_C_A12	27	1.54522613065327	0.495082731674225	-0.703030395683489	57	control	0.0199028233838877
20.5_20.5_20.5_20.5_20.5_20.5_20.5_20.5_20.5_20.5_20.5_20.5_20.5_20.5	2N	26	20.5	SUM-159_NLS_2N_C_A12_seed	SUM-159_NLS_2N_C_A12	28	1.58542713567839	0.851105430049851	-0.161219268482151	57	control	0.0342152936703444
20.5_20.5_20.5_20.5_20.5_20.5_20.5_20.5_20.5_20.5_20.5_20.5_20.5_20.5	2N	26	20.5	SUM-159_NLS_2N_C_A12_seed	SUM-159_NLS_2N_C_A12	29	1.62562814070352	1.34405940159441	0.295694438739162	57	control	0.0540325387575621
20.5_20.5_20.5_20.5_20.5_20.5_20.5_20.5_20.5_20.5_20.5_20.5_20.5_20.5	2N	26	20.5	SUM-159_NLS_2N_C_A12_seed	SUM-159_NLS_2N_C_A12	30	1.66582914572864	1.94839442327078	0.667005660736538	57	control	0.0783274140008323
20.5_20.5_20.5_20.5_20.5_20.5_20.5_20.5_20.5_20.5_20.5_20.5_20.5_20.5	2N	26	20.5	SUM-159_NLS_2N_C_A12_seed	SUM-159_NLS_2N_C_A12	31	1.70603015075377	2.48256424566825	0.909291996025586	57	control	0.0998015777153026
20.5_20.5_20.5_20.5_20.5_20.5_20.5_20.5_20.5_20.5_20.5_20.5_20.5_20.5	2N	26	20.5	SUM-159_NLS_2N_C_A12_seed	SUM-159_NLS_2N_C_A12	32	1.74623115577889	2.87122440713269	1.05473856148826	57	control	0.1154261068194
20.5_20.5_20.5_20.5_20.5_20.5_20.5_20.5_20.5_20.5_20.5_20.5_20.5_20.5	2N	26	20.5	SUM-159_NLS_2N_C_A12_seed	SUM-159_NLS_2N_C_A12	33	1.78643216080402	3.04804700914521	1.11450106065337	57	control	0.122534553131461
20.5_20.5_20.5_20.5_20.5_20.5_20.5_20.5_20.5_20.5_20.5_20.5_20.5_20.5	2N	26	20.5	SUM-159_NLS_2N_C_A12_seed	SUM-159_NLS_2N_C_A12	34	1.82663316582915	2.89729231573109	1.06377661660714	57	control	0.116474062943959
20.5_20.5_20.5_20.5_20.5_20.5_20.5_20.5_20.5_20.5_20.5_20.5_20.5_20.5	2N	26	20.5	SUM-159_NLS_2N_C_A12_seed	SUM-159_NLS_2N_C_A12	35	1.86683417085427	2.52097687359533	0.924646474659274	57	control	0.101345803963627
20.5_20.5_20.5_20.5_20.5_20.5_20.5_20.5_20.5_20.5_20.5_20.5_20.5_20.5	2N	26	20.5	SUM-159_NLS_2N_C_A12_seed	SUM-159_NLS_2N_C_A12	36	1.9070351758794	2.00361793821043	0.694954515451082	57	control	0.0805474548024262
20.5_20.5_20.5_20.5_20.5_20.5_20.5_20.5_20.5_20.5_20.5_20.5_20.5_20.5	2N	26	20.5	SUM-159_NLS_2N_C_A12_seed	SUM-159_NLS_2N_C_A12	37	1.94723618090452	1.45871163707608	0.377553605781699	57	control	0.0586416738523024
20.5_20.5_20.5_20.5_20.5_20.5_20.5_20.5_20.5_20.5_20.5_20.5_20.5_20.5	2N	26	20.5	SUM-159_NLS_2N_C_A12_seed	SUM-159_NLS_2N_C_A12	38	1.98743718592965	0.980647647472939	-0.019542060824174	57	control	0.0394230210039357
20.5_20.5_20.5_20.5_20.5_20.5_20.5_20.5_20.5_20.5_20.5_20.5_20.5_20.5	2N	26	20.5	SUM-159_NLS_2N_C_A12_seed	SUM-159_NLS_2N_C_A12	39	2.02763819095477	0.593528913085031	-0.521669349884756	57	control	0.0238604588174877
20.5_20.5_20.5_20.5_20.5_20.5_20.5_20.5_20.5_20.5_20.5_20.5_20.5_20.5	2N	26	20.5	SUM-159_NLS_2N_C_A12_seed	SUM-159_NLS_2N_C_A12	40	2.0678391959799	0.349374443681978	-1.05161102739754	57	control	0.0140452037661091
20.5_20.5_20.5_20.5_20.5_20.5_20.5_20.5_20.5_20.5_20.5_20.5_20.5_20.5	2N	26	20.5	SUM-159_NLS_2N_C_A12_seed	SUM-159_NLS_2N_C_A12	41	2.10804020100502	0.185333107753954	-1.68560049055533	57	control	0.00745057719613856
20.5_20.5_20.5_20.5_20.5_20.5_20.5_20.5_20.5_20.5_20.5_20.5_20.5_20.5	2N	26	20.5	SUM-159_NLS_2N_C_A12_seed	SUM-159_NLS_2N_C_A12	42	2.14824120603015	0.100230831417906	-2.30027943887944	57	control	0.0040293801575036
20.5_20.5_20.5_20.5_20.5_20.5_20.5_20.5_20.5_20.5_20.5_20.5_20.5_20.5	2N	26	20.5	SUM-159_NLS_2N_C_A12_seed	SUM-159_NLS_2N_C_A12	43	2.18844221105528	0.0452802289766645	-3.09488478819486	57	control	0.00182031071262966
20.5_20.5_20.5_20.5_20.5_20.5_20.5_20.5_20.5_20.5_20.5_20.5_20.5_20.5	2N	26	20.5	SUM-159_NLS_2N_C_A12_seed	SUM-159_NLS_2N_C_A12	44	2.2286432160804	0.0216166198427747	-3.83429282299154	57	control	0.000869009842925582
20.5_20.5_20.5_20.5_20.5_20.5_20.5_20.5_20.5_20.5_20.5_20.5_20.5_20.5	2N	26	20.5	SUM-159_NLS_2N_C_A12_seed	SUM-159_NLS_2N_C_A12	45	2.26884422110553	0.0105212269777717	-4.55436044560563	57	control	0.000422963898603871
20.5_20.5_20.5_20.5_20.5_20.5_20.5_20.5_20.5_20.5_20.5_20.5_20.5_20.5	2N	26	20.5	SUM-159_NLS_2N_C_A12_seed	SUM-159_NLS_2N_C_A12	46	2.30904522613065	0.00557296929197044	-5.18982728055339	57	control	0.000224038966511366
20.5_20.5_20.5_20.5_20.5_20.5_20.5_20.5_20.5_20.5_20.5_20.5_20.5_20.5	2N	26	20.5	SUM-159_NLS_2N_C_A12_seed	SUM-159_NLS_2N_C_A12	47	2.34924623115578	0.00298621398718205	-5.81374891894254	57	control	0.000120048803504801
20.5_20.5_20.5_20.5_20.5_20.5_20.5_20.5_20.5_20.5_20.5_20.5_20.5_20.5	2N	26	20.5	SUM-159_NLS_2N_C_A12_seed	SUM-159_NLS_2N_C_A12	48	2.3894472361809	0.00125755209904292	-6.67858822619817	57	control	5.05548582529797e-05
20.5_20.5_20.5_20.5_20.5_20.5_20.5_20.5_20.5_20.5_20.5_20.5_20.5_20.5	2N	26	20.5	SUM-159_NLS_2N_C_A12_seed	SUM-159_NLS_2N_C_A12	49	2.42964824120603	0.000976547101392736	-6.93148757389761	57	control	3.92581749303597e-05
20.5_20.5_20.5_20.5_20.5_20.5_20.5_20.5_20.5_20.5_20.5_20.5_20.5_20.5	2N	26	20.5	SUM-159_NLS_2N_C_A12_seed	SUM-159_NLS_2N_C_A12	50	2.46984924623116	0.000459161670979237	-7.68610818556453	57	control	1.84587606423807e-05
20.5_20.5_20.5_20.5_20.5_20.5_20.5_20.5_20.5_20.5_20.5_20.5_20.5_20.5	2N	26	20.5	SUM-159_NLS_2N_C_A12_seed	SUM-159_NLS_2N_C_A12	51	2.51005025125628	8.4332004280842e-06	-11.6833342105388	57	control	3.39023132787291e-07
20.5_20.5_20.5_20.5_20.5_20.5_20.5_20.5_20.5_20.5_20.5_20.5_20.5_20.5	2N	26	20.5	SUM-159_NLS_2N_C_A12_seed	SUM-159_NLS_2N_C_A12	52	2.55025125628141	4.03511779053104e-05	-10.1178899714734	57	control	1.62215790574106e-06
20.5_20.5_20.5_20.5_20.5_20.5_20.5_20.5_20.5_20.5_20.5_20.5_20.5_20.5	2N	26	20.5	SUM-159_NLS_2N_C_A12_seed	SUM-159_NLS_2N_C_A12	53	2.59045226130653	2.40515117150018e-05	-10.6353127062153	57	control	9.66894943316617e-07
20.5_20.5_20.5_20.5_20.5_20.5_20.5_20.5_20.5_20.5_20.5_20.5_20.5_20.5	2N	26	20.5	SUM-159_NLS_2N_C_A12_seed	SUM-159_NLS_2N_C_A12	54	2.63065326633166	8.1381903964149e-06	-11.7189427126871	57	control	3.27163433021692e-07
20.5_20.5_20.5_20.5_20.5_20.5_20.5_20.5_20.5_20.5_20.5_20.5_20.5_20.5	2N	26	20.5	SUM-159_NLS_2N_C_A12_seed	SUM-159_NLS_2N_C_A12	55	2.67085427135678	1.81051928270346e-12	-27.0374074152765	57	control	7.27846947820458e-14
20.5_20.5_20.5_20.5_20.5_20.5_20.5_20.5_20.5_20.5_20.5_20.5_20.5_20.5	2N	26	20.5	SUM-159_NLS_2N_C_A12_seed	SUM-159_NLS_2N_C_A12	56	2.71105527638191	9.91513173733009e-13	-27.6395441603694	57	control	3.98598260797174e-14
20.5_20.5_20.5_20.5_20.5_20.5_20.5_20.5_20.5_20.5_20.5_20.5_20.5_20.5	2N	26	20.5	SUM-159_NLS_2N_C_A12_seed	SUM-159_NLS_2N_C_A12	57	2.75125628140704	9.91513173733009e-13	-27.6395441603694	57	control	3.98598260797174e-14
20.5_20.5_20.5_20.5_20.5_20.5_20.5_20.5_20.5_20.5_20.5_20.5_20.5_20.5	2N	26	20.5	SUM-159_NLS_2N_C_A12_seed	SUM-159_NLS_2N_C_A12	58	2.79145728643216	9.91513173733009e-13	-27.6395441603694	57	control	3.98598260797174e-14
20.5_20.5_20.5_20.5_20.5_20.5_20.5_20.5_20.5_20.5_20.5_20.5_20.5_20.5	2N	26	20.5	SUM-159_NLS_2N_C_A12_seed	SUM-159_NLS_2N_C_A12	59	2.83165829145729	9.91513173733009e-13	-27.6395441603694	57	control	3.98598260797174e-14
20.5_20.5_20.5_20.5_20.5_20.5_20.5_20.5_20.5_20.5_20.5_20.5_20.5_20.5	2N	26	20.5	SUM-159_NLS_2N_C_A12_seed	SUM-159_NLS_2N_C_A12	60	2.87185929648241	9.91513173733009e-13	-27.6395441603694	57	control	3.98598260797174e-14
20.5_20.5_20.5_20.5_20.5_20.5_20.5_20.5_20.5_20.5_20.5_20.5_20.5_20.5	2N	26	20.5	SUM-159_NLS_2N_C_A12_seed	SUM-159_NLS_2N_C_A12	61	2.91206030150754	9.91513173733009e-13	-27.6395441603694	57	control	3.98598260797174e-14
20.5_20.5_20.5_20.5_20.5_20.5_20.5_20.5_20.5_20.5_20.5_20.5_20.5_20.5	2N	26	20.5	SUM-159_NLS_2N_C_A12_seed	SUM-159_NLS_2N_C_A12	62	2.95226130653266	1.60562025255564e-08	-17.9471706118326	57	control	6.45475478414302e-10
20.5_20.5_20.5_20.5_20.5_20.5_20.5_20.5_20.5_20.5_20.5_20.5_20.5_20.5	2N	26	20.5	SUM-159_NLS_2N_C_A12_seed	SUM-159_NLS_2N_C_A12	63	2.99246231155779	5.29363377979106e-05	-9.84642054002373	57	control	2.12809398182547e-06
20.5_20.5_20.5_20.5_20.5_20.5_20.5_20.5_20.5_20.5_20.5_20.5_20.5_20.5	2N	26	20.5	SUM-159_NLS_2N_C_A12_seed	SUM-159_NLS_2N_C_A12	64	3.03266331658291	3.45118845574245e-05	-10.2742068133212	57	control	1.38741244451952e-06
20.5_20.5_20.5_20.5_20.5_20.5_20.5_20.5_20.5_20.5_20.5_20.5_20.5_20.5	2N	26	20.5	SUM-159_NLS_2N_C_A12_seed	SUM-159_NLS_2N_C_A12	65	3.07286432160804	0.000150899749682945	-8.79889485101925	57	control	6.06632159529403e-06
20.5_20.5_20.5_20.5_20.5_20.5_20.5_20.5_20.5_20.5_20.5_20.5_20.5_20.5	2N	26	20.5	SUM-159_NLS_2N_C_A12_seed	SUM-159_NLS_2N_C_A12	66	3.11306532663317	0.00035194283275453	-7.95204180250297	57	control	1.41484555881213e-05
20.5_20.5_20.5_20.5_20.5_20.5_20.5_20.5_20.5_20.5_20.5_20.5_20.5_20.5	2N	26	20.5	SUM-159_NLS_2N_C_A12_seed	SUM-159_NLS_2N_C_A12	67	3.15326633165829	0.000728035251863853	-7.22516108805003	57	control	2.92677488186462e-05
20.5_20.5_20.5_20.5_20.5_20.5_20.5_20.5_20.5_20.5_20.5_20.5_20.5_20.5	2N	26	20.5	SUM-159_NLS_2N_C_A12_seed	SUM-159_NLS_2N_C_A12	68	3.19346733668342	0.0011179852555218	-6.79622709259934	57	control	4.49441308752465e-05
20.5_20.5_20.5_20.5_20.5_20.5_20.5_20.5_20.5_20.5_20.5_20.5_20.5_20.5	2N	26	20.5	SUM-159_NLS_2N_C_A12_seed	SUM-159_NLS_2N_C_A12	69	3.23366834170854	0.00160437640643354	-6.43502012971531	57	control	6.44975439772252e-05
20.5_20.5_20.5_20.5_20.5_20.5_20.5_20.5_20.5_20.5_20.5_20.5_20.5_20.5	2N	26	20.5	SUM-159_NLS_2N_C_A12_seed	SUM-159_NLS_2N_C_A12	70	3.27386934673367	0.00221434653564656	-6.11279793677813	57	control	8.90189562068934e-05
20.5_20.5_20.5_20.5_20.5_20.5_20.5_20.5_20.5_20.5_20.5_20.5_20.5_20.5	2N	26	20.5	SUM-159_NLS_2N_C_A12_seed	SUM-159_NLS_2N_C_A12	71	3.31407035175879	0.00302789887036036	-5.79988634212835	57	control	0.000121724577702924
20.5_20.5_20.5_20.5_20.5_20.5_20.5_20.5_20.5_20.5_20.5_20.5_20.5_20.5	2N	26	20.5	SUM-159_NLS_2N_C_A12_seed	SUM-159_NLS_2N_C_A12	72	3.35427135678392	0.00607957190720068	-5.10282099548285	57	control	0.000244404900791978
20.5_20.5_20.5_20.5_20.5_20.5_20.5_20.5_20.5_20.5_20.5_20.5_20.5_20.5	2N	26	20.5	SUM-159_NLS_2N_C_A12_seed	SUM-159_NLS_2N_C_A12	73	3.39447236180905	0.0064188598159098	-5.04851477582074	57	control	0.000258044615714957
20.5_20.5_20.5_20.5_20.5_20.5_20.5_20.5_20.5_20.5_20.5_20.5_20.5_20.5	2N	26	20.5	SUM-159_NLS_2N_C_A12_seed	SUM-159_NLS_2N_C_A12	74	3.43467336683417	0.00986799811494541	-4.61845827134206	57	control	0.000396703441806835
20.5_20.5_20.5_20.5_20.5_20.5_20.5_20.5_20.5_20.5_20.5_20.5_20.5_20.5	2N	26	20.5	SUM-159_NLS_2N_C_A12_seed	SUM-159_NLS_2N_C_A12	75	3.4748743718593	0.0112475637892855	-4.487603725846	57	control	0.00045216336841347
20.5_20.5_20.5_20.5_20.5_20.5_20.5_20.5_20.5_20.5_20.5_20.5_20.5_20.5	2N	26	20.5	SUM-159_NLS_2N_C_A12_seed	SUM-159_NLS_2N_C_A12	76	3.51507537688442	0.0136583895156848	-4.29340132961687	57	control	0.000549080985555146
20.5_20.5_20.5_20.5_20.5_20.5_20.5_20.5_20.5_20.5_20.5_20.5_20.5_20.5	2N	26	20.5	SUM-159_NLS_2N_C_A12_seed	SUM-159_NLS_2N_C_A12	77	3.55527638190955	0.0152132984157186	-4.18558533785717	57	control	0.000611589886059015
20.5_20.5_20.5_20.5_20.5_20.5_20.5_20.5_20.5_20.5_20.5_20.5_20.5_20.5	2N	26	20.5	SUM-159_NLS_2N_C_A12_seed	SUM-159_NLS_2N_C_A12	78	3.59547738693467	0.0169450769350531	-4.07777793365293	57	control	0.000681209123017183
20.5_20.5_20.5_20.5_20.5_20.5_20.5_20.5_20.5_20.5_20.5_20.5_20.5_20.5	2N	26	20.5	SUM-159_NLS_2N_C_A12_seed	SUM-159_NLS_2N_C_A12	79	3.6356783919598	0.015702418601948	-4.15394052741303	57	control	0.000631253009123513
20.5_20.5_20.5_20.5_20.5_20.5_20.5_20.5_20.5_20.5_20.5_20.5_20.5_20.5	2N	26	20.5	SUM-159_NLS_2N_C_A12_seed	SUM-159_NLS_2N_C_A12	80	3.67587939698492	0.0159518461810396	-4.13818070842201	57	control	0.000641280248483979
20.5_20.5_20.5_20.5_20.5_20.5_20.5_20.5_20.5_20.5_20.5_20.5_20.5_20.5	2N	26	20.5	SUM-159_NLS_2N_C_A12_seed	SUM-159_NLS_2N_C_A12	81	3.71608040201005	0.0132888003933491	-4.32083367418736	57	control	0.000534223131390898
20.5_20.5_20.5_20.5_20.5_20.5_20.5_20.5_20.5_20.5_20.5_20.5_20.5_20.5	2N	26	20.5	SUM-159_NLS_2N_C_A12_seed	SUM-159_NLS_2N_C_A12	82	3.75628140703518	0.0110374440156196	-4.50646178526247	57	control	0.000443716342336449
20.5_20.5_20.5_20.5_20.5_20.5_20.5_20.5_20.5_20.5_20.5_20.5_20.5_20.5	2N	26	20.5	SUM-159_NLS_2N_C_A12_seed	SUM-159_NLS_2N_C_A12	83	3.7964824120603	0.0100056552081594	-4.60460482501879	57	control	0.000402237395302875
20.5_20.5_20.5_20.5_20.5_20.5_20.5_20.5_20.5_20.5_20.5_20.5_20.5_20.5	2N	26	20.5	SUM-159_NLS_2N_C_A12_seed	SUM-159_NLS_2N_C_A12	84	3.83668341708543	0.00769047253843817	-4.86777304892097	57	control	0.000309164725163331
20.5_20.5_20.5_20.5_20.5_20.5_20.5_20.5_20.5_20.5_20.5_20.5_20.5_20.5	2N	26	20.5	SUM-159_NLS_2N_C_A12_seed	SUM-159_NLS_2N_C_A12	85	3.87688442211055	0.0055091288420144	-5.20134877321478	57	control	0.000221472516261877
20.5_20.5_20.5_20.5_20.5_20.5_20.5_20.5_20.5_20.5_20.5_20.5_20.5_20.5	2N	26	20.5	SUM-159_NLS_2N_C_A12_seed	SUM-159_NLS_2N_C_A12	86	3.91708542713568	0.00447801672532301	-5.40857502581411	57	control	0.0001800207728773
20.5_20.5_20.5_20.5_20.5_20.5_20.5_20.5_20.5_20.5_20.5_20.5_20.5_20.5	2N	26	20.5	SUM-159_NLS_2N_C_A12_seed	SUM-159_NLS_2N_C_A12	87	3.9572864321608	0.00221804356838904	-6.11112974714993	57	control	8.91675806387519e-05
20.5_20.5_20.5_20.5_20.5_20.5_20.5_20.5_20.5_20.5_20.5_20.5_20.5_20.5	2N	26	20.5	SUM-159_NLS_2N_C_A12_seed	SUM-159_NLS_2N_C_A12	88	3.99748743718593	0.00244226057844152	-6.0148312020079	57	control	9.81813297865899e-05
20.5_20.5_20.5_20.5_20.5_20.5_20.5_20.5_20.5_20.5_20.5_20.5_20.5_20.5	2N	26	20.5	SUM-159_NLS_2N_C_A12_seed	SUM-159_NLS_2N_C_A12	89	4.03768844221106	0.00125470053560074	-6.68085835192317	57	control	5.04402225367112e-05
20.5_20.5_20.5_20.5_20.5_20.5_20.5_20.5_20.5_20.5_20.5_20.5_20.5_20.5	2N	26	20.5	SUM-159_NLS_2N_C_A12_seed	SUM-159_NLS_2N_C_A12	90	4.07788944723618	0.000689413021560232	-7.2796700158089	57	control	2.77150963441288e-05
20.5_20.5_20.5_20.5_20.5_20.5_20.5_20.5_20.5_20.5_20.5_20.5_20.5_20.5	2N	26	20.5	SUM-159_NLS_2N_C_A12_seed	SUM-159_NLS_2N_C_A12	91	4.11809045226131	0.000439069304820597	-7.73085328759843	57	control	1.76510273294705e-05
20.5_20.5_20.5_20.5_20.5_20.5_20.5_20.5_20.5_20.5_20.5_20.5_20.5_20.5	2N	26	20.5	SUM-159_NLS_2N_C_A12_seed	SUM-159_NLS_2N_C_A12	92	4.15829145728643	0.000219072795430419	-8.4261064841545	57	control	8.80694654996625e-06
20.5_20.5_20.5_20.5_20.5_20.5_20.5_20.5_20.5_20.5_20.5_20.5_20.5_20.5	2N	26	20.5	SUM-159_NLS_2N_C_A12_seed	SUM-159_NLS_2N_C_A12	93	4.19849246231156	0.000156042648746281	-8.76538119867957	57	control	6.27307130638291e-06
20.5_20.5_20.5_20.5_20.5_20.5_20.5_20.5_20.5_20.5_20.5_20.5_20.5_20.5	2N	26	20.5	SUM-159_NLS_2N_C_A12_seed	SUM-159_NLS_2N_C_A12	94	4.23869346733668	2.76568073314886e-05	-10.4956386638601	57	control	1.11183145051206e-06
20.5_20.5_20.5_20.5_20.5_20.5_20.5_20.5_20.5_20.5_20.5_20.5_20.5_20.5	2N	26	20.5	SUM-159_NLS_2N_C_A12_seed	SUM-159_NLS_2N_C_A12	95	4.27889447236181	3.31705497216729e-06	-12.6164332252795	57	control	1.3334894360471e-07
20.5_20.5_20.5_20.5_20.5_20.5_20.5_20.5_20.5_20.5_20.5_20.5_20.5_20.5	2N	26	20.5	SUM-159_NLS_2N_C_A12_seed	SUM-159_NLS_2N_C_A12	96	4.31909547738693	4.40453673416422e-05	-10.0302903792933	57	control	1.77066803383479e-06
20.5_20.5_20.5_20.5_20.5_20.5_20.5_20.5_20.5_20.5_20.5_20.5_20.5_20.5	2N	26	20.5	SUM-159_NLS_2N_C_A12_seed	SUM-159_NLS_2N_C_A12	97	4.35929648241206	2.21833281796198e-08	-17.6239248130971	57	control	8.91792087622872e-10
20.5_20.5_20.5_20.5_20.5_20.5_20.5_20.5_20.5_20.5_20.5_20.5_20.5_20.5	2N	26	20.5	SUM-159_NLS_2N_C_A12_seed	SUM-159_NLS_2N_C_A12	98	4.39949748743719	4.48871695326084e-05	-10.0113585605643	57	control	1.80450932794399e-06
20.5_20.5_20.5_20.5_20.5_20.5_20.5_20.5_20.5_20.5_20.5_20.5_20.5_20.5	2N	26	20.5	SUM-159_NLS_2N_C_A12_seed	SUM-159_NLS_2N_C_A12	99	4.43969849246231	5.11022382823863e-05	-9.88168225971025	57	control	2.0543613379853e-06
20.5_20.5_20.5_20.5_20.5_20.5_20.5_20.5_20.5_20.5_20.5_20.5_20.5_20.5	2N	26	20.5	SUM-159_NLS_2N_C_A12_seed	SUM-159_NLS_2N_C_A12	100	4.47989949748744	3.76698560639857e-05	-10.1866503572396	57	control	1.51436607292399e-06
20.5_20.5_20.5_20.5_20.5_20.5_20.5_20.5_20.5_20.5_20.5_20.5_20.5_20.5	2N	26	20.5	SUM-159_NLS_2N_C_A12_seed	SUM-159_NLS_2N_C_A12	101	4.52010050251256	2.80323823754008e-06	-12.7847352956224	57	control	1.12692994473969e-07
20.5_20.5_20.5_20.5_20.5_20.5_20.5_20.5_20.5_20.5_20.5_20.5_20.5_20.5	2N	26	20.5	SUM-159_NLS_2N_C_A12_seed	SUM-159_NLS_2N_C_A12	102	4.56030150753769	3.58445210938916e-05	-10.2363198312204	57	control	1.4409857726187e-06
20.5_20.5_20.5_20.5_20.5_20.5_20.5_20.5_20.5_20.5_20.5_20.5_20.5_20.5	2N	26	20.5	SUM-159_NLS_2N_C_A12_seed	SUM-159_NLS_2N_C_A12	103	4.60050251256281	3.52492670542043e-05	-10.2530658217107	57	control	1.41705596197801e-06
20.5_20.5_20.5_20.5_20.5_20.5_20.5_20.5_20.5_20.5_20.5_20.5_20.5_20.5	2N	26	20.5	SUM-159_NLS_2N_C_A12_seed	SUM-159_NLS_2N_C_A12	104	4.64070351758794	4.81697544141562e-06	-12.2433643286444	57	control	1.93647253926248e-07
20.5_20.5_20.5_20.5_20.5_20.5_20.5_20.5_20.5_20.5_20.5_20.5_20.5_20.5	2N	26	20.5	SUM-159_NLS_2N_C_A12_seed	SUM-159_NLS_2N_C_A12	105	4.68090452261307	9.91513173733009e-13	-27.6395441603694	57	control	3.98598260797174e-14
20.5_20.5_20.5_20.5_20.5_20.5_20.5_20.5_20.5_20.5_20.5_20.5_20.5_20.5	2N	26	20.5	SUM-159_NLS_2N_C_A12_seed	SUM-159_NLS_2N_C_A12	106	4.72110552763819	9.91513173733009e-13	-27.6395441603694	57	control	3.98598260797174e-14
20.5_20.5_20.5_20.5_20.5_20.5_20.5_20.5_20.5_20.5_20.5_20.5_20.5_20.5	2N	26	20.5	SUM-159_NLS_2N_C_A12_seed	SUM-159_NLS_2N_C_A12	107	4.76130653266332	9.91513173733009e-13	-27.6395441603694	57	control	3.98598260797174e-14
20.5_20.5_20.5_20.5_20.5_20.5_20.5_20.5_20.5_20.5_20.5_20.5_20.5_20.5	2N	26	20.5	SUM-159_NLS_2N_C_A12_seed	SUM-159_NLS_2N_C_A12	108	4.80150753768844	9.91513173733009e-13	-27.6395441603694	57	control	3.98598260797174e-14
20.5_20.5_20.5_20.5_20.5_20.5_20.5_20.5_20.5_20.5_20.5_20.5_20.5_20.5	2N	26	20.5	SUM-159_NLS_2N_C_A12_seed	SUM-159_NLS_2N_C_A12	109	4.84170854271357	9.91513173733009e-13	-27.6395441603694	57	control	3.98598260797174e-14
20.5_20.5_20.5_20.5_20.5_20.5_20.5_20.5_20.5_20.5_20.5_20.5_20.5_20.5	2N	26	20.5	SUM-159_NLS_2N_C_A12_seed	SUM-159_NLS_2N_C_A12	110	4.88190954773869	9.91513173733009e-13	-27.6395441603694	57	control	3.98598260797174e-14
20.5_20.5_20.5_20.5_20.5_20.5_20.5_20.5_20.5_20.5_20.5_20.5_20.5_20.5	2N	26	20.5	SUM-159_NLS_2N_C_A12_seed	SUM-159_NLS_2N_C_A12	111	4.92211055276382	9.91513173733009e-13	-27.6395441603694	57	control	3.98598260797174e-14
20.5_20.5_20.5_20.5_20.5_20.5_20.5_20.5_20.5_20.5_20.5_20.5_20.5_20.5	2N	26	20.5	SUM-159_NLS_2N_C_A12_seed	SUM-159_NLS_2N_C_A12	112	4.96231155778894	9.91513173733009e-13	-27.6395441603694	57	control	3.98598260797174e-14
20.5_20.5_20.5_20.5_20.5_20.5_20.5_20.5_20.5_20.5_20.5_20.5_20.5_20.5	2N	26	20.5	SUM-159_NLS_2N_C_A12_seed	SUM-159_NLS_2N_C_A12	113	5.00251256281407	9.91513173733009e-13	-27.6395441603694	57	control	3.98598260797174e-14
20.5_20.5_20.5_20.5_20.5_20.5_20.5_20.5_20.5_20.5_20.5_20.5_20.5_20.5	2N	26	20.5	SUM-159_NLS_2N_C_A12_seed	SUM-159_NLS_2N_C_A12	114	5.0427135678392	9.91513173733009e-13	-27.6395441603694	57	control	3.98598260797174e-14
20.5_20.5_20.5_20.5_20.5_20.5_20.5_20.5_20.5_20.5_20.5_20.5_20.5_20.5	2N	26	20.5	SUM-159_NLS_2N_C_A12_seed	SUM-159_NLS_2N_C_A12	115	5.08291457286432	9.91513173733009e-13	-27.6395441603694	57	control	3.98598260797174e-14
20.5_20.5_20.5_20.5_20.5_20.5_20.5_20.5_20.5_20.5_20.5_20.5_20.5_20.5	2N	26	20.5	SUM-159_NLS_2N_C_A12_seed	SUM-159_NLS_2N_C_A12	116	5.12311557788945	9.91513173733009e-13	-27.6395441603694	57	control	3.98598260797174e-14
20.5_20.5_20.5_20.5_20.5_20.5_20.5_20.5_20.5_20.5_20.5_20.5_20.5_20.5	2N	26	20.5	SUM-159_NLS_2N_C_A12_seed	SUM-159_NLS_2N_C_A12	117	5.16331658291457	9.91513173733009e-13	-27.6395441603694	57	control	3.98598260797174e-14
20.5_20.5_20.5_20.5_20.5_20.5_20.5_20.5_20.5_20.5_20.5_20.5_20.5_20.5	2N	26	20.5	SUM-159_NLS_2N_C_A12_seed	SUM-159_NLS_2N_C_A12	118	5.2035175879397	9.91513173733009e-13	-27.6395441603694	57	control	3.98598260797174e-14
20.5_20.5_20.5_20.5_20.5_20.5_20.5_20.5_20.5_20.5_20.5_20.5_20.5_20.5	2N	26	20.5	SUM-159_NLS_2N_C_A12_seed	SUM-159_NLS_2N_C_A12	119	5.24371859296482	9.91513173733009e-13	-27.6395441603694	57	control	3.98598260797174e-14
20.5_20.5_20.5_20.5_20.5_20.5_20.5_20.5_20.5_20.5_20.5_20.5_20.5_20.5	2N	26	20.5	SUM-159_NLS_2N_C_A12_seed	SUM-159_NLS_2N_C_A12	120	5.28391959798995	9.91513173733009e-13	-27.6395441603694	57	control	3.98598260797174e-14
20.5_20.5_20.5_20.5_20.5_20.5_20.5_20.5_20.5_20.5_20.5_20.5_20.5_20.5	2N	26	20.5	SUM-159_NLS_2N_C_A12_seed	SUM-159_NLS_2N_C_A12	121	5.32412060301508	9.91513173733009e-13	-27.6395441603694	57	control	3.98598260797174e-14
20.5_20.5_20.5_20.5_20.5_20.5_20.5_20.5_20.5_20.5_20.5_20.5_20.5_20.5	2N	26	20.5	SUM-159_NLS_2N_C_A12_seed	SUM-159_NLS_2N_C_A12	122	5.3643216080402	9.91513173733009e-13	-27.6395441603694	57	control	3.98598260797174e-14
20.5_20.5_20.5_20.5_20.5_20.5_20.5_20.5_20.5_20.5_20.5_20.5_20.5_20.5	2N	26	20.5	SUM-159_NLS_2N_C_A12_seed	SUM-159_NLS_2N_C_A12	123	5.40452261306533	9.91513173733009e-13	-27.6395441603694	57	control	3.98598260797174e-14
20.5_20.5_20.5_20.5_20.5_20.5_20.5_20.5_20.5_20.5_20.5_20.5_20.5_20.5	2N	26	20.5	SUM-159_NLS_2N_C_A12_seed	SUM-159_NLS_2N_C_A12	124	5.44472361809045	9.91513173733009e-13	-27.6395441603694	57	control	3.98598260797174e-14
20.5_20.5_20.5_20.5_20.5_20.5_20.5_20.5_20.5_20.5_20.5_20.5_20.5_20.5	2N	26	20.5	SUM-159_NLS_2N_C_A12_seed	SUM-159_NLS_2N_C_A12	125	5.48492462311558	9.91513173733009e-13	-27.6395441603694	57	control	3.98598260797174e-14
20.5_20.5_20.5_20.5_20.5_20.5_20.5_20.5_20.5_20.5_20.5_20.5_20.5_20.5	2N	26	20.5	SUM-159_NLS_2N_C_A12_seed	SUM-159_NLS_2N_C_A12	126	5.5251256281407	9.91513173733009e-13	-27.6395441603694	57	control	3.98598260797174e-14
20.5_20.5_20.5_20.5_20.5_20.5_20.5_20.5_20.5_20.5_20.5_20.5_20.5_20.5	2N	26	20.5	SUM-159_NLS_2N_C_A12_seed	SUM-159_NLS_2N_C_A12	127	5.56532663316583	9.91513173733009e-13	-27.6395441603694	57	control	3.98598260797174e-14
20.5_20.5_20.5_20.5_20.5_20.5_20.5_20.5_20.5_20.5_20.5_20.5_20.5_20.5	2N	26	20.5	SUM-159_NLS_2N_C_A12_seed	SUM-159_NLS_2N_C_A12	128	5.60552763819095	9.91513173733009e-13	-27.6395441603694	57	control	3.98598260797174e-14
20.5_20.5_20.5_20.5_20.5_20.5_20.5_20.5_20.5_20.5_20.5_20.5_20.5_20.5	2N	26	20.5	SUM-159_NLS_2N_C_A12_seed	SUM-159_NLS_2N_C_A12	129	5.64572864321608	9.91513173733009e-13	-27.6395441603694	57	control	3.98598260797174e-14
20.5_20.5_20.5_20.5_20.5_20.5_20.5_20.5_20.5_20.5_20.5_20.5_20.5_20.5	2N	26	20.5	SUM-159_NLS_2N_C_A12_seed	SUM-159_NLS_2N_C_A12	130	5.68592964824121	9.91513173733009e-13	-27.6395441603694	57	control	3.98598260797174e-14
20.5_20.5_20.5_20.5_20.5_20.5_20.5_20.5_20.5_20.5_20.5_20.5_20.5_20.5	2N	26	20.5	SUM-159_NLS_2N_C_A12_seed	SUM-159_NLS_2N_C_A12	131	5.72613065326633	9.91513173733009e-13	-27.6395441603694	57	control	3.98598260797174e-14
20.5_20.5_20.5_20.5_20.5_20.5_20.5_20.5_20.5_20.5_20.5_20.5_20.5_20.5	2N	26	20.5	SUM-159_NLS_2N_C_A12_seed	SUM-159_NLS_2N_C_A12	132	5.76633165829146	9.91513173733009e-13	-27.6395441603694	57	control	3.98598260797174e-14
20.5_20.5_20.5_20.5_20.5_20.5_20.5_20.5_20.5_20.5_20.5_20.5_20.5_20.5	2N	26	20.5	SUM-159_NLS_2N_C_A12_seed	SUM-159_NLS_2N_C_A12	133	5.80653266331658	9.91513173733009e-13	-27.6395441603694	57	control	3.98598260797174e-14
20.5_20.5_20.5_20.5_20.5_20.5_20.5_20.5_20.5_20.5_20.5_20.5_20.5_20.5	2N	26	20.5	SUM-159_NLS_2N_C_A12_seed	SUM-159_NLS_2N_C_A12	134	5.84673366834171	9.91513173733009e-13	-27.6395441603694	57	control	3.98598260797174e-14
20.5_20.5_20.5_20.5_20.5_20.5_20.5_20.5_20.5_20.5_20.5_20.5_20.5_20.5	2N	26	20.5	SUM-159_NLS_2N_C_A12_seed	SUM-159_NLS_2N_C_A12	135	5.88693467336683	9.91513173733009e-13	-27.6395441603694	57	control	3.98598260797174e-14
20.5_20.5_20.5_20.5_20.5_20.5_20.5_20.5_20.5_20.5_20.5_20.5_20.5_20.5	2N	26	20.5	SUM-159_NLS_2N_C_A12_seed	SUM-159_NLS_2N_C_A12	136	5.92713567839196	9.91513173733009e-13	-27.6395441603694	57	control	3.98598260797174e-14
20.5_20.5_20.5_20.5_20.5_20.5_20.5_20.5_20.5_20.5_20.5_20.5_20.5_20.5	2N	26	20.5	SUM-159_NLS_2N_C_A12_seed	SUM-159_NLS_2N_C_A12	137	5.96733668341709	9.91513173733009e-13	-27.6395441603694	57	control	3.98598260797174e-14
20.5_20.5_20.5_20.5_20.5_20.5_20.5_20.5_20.5_20.5_20.5_20.5_20.5_20.5	2N	26	20.5	SUM-159_NLS_2N_C_A12_seed	SUM-159_NLS_2N_C_A12	138	6.00753768844221	9.91513173733009e-13	-27.6395441603694	57	control	3.98598260797174e-14
20.5_20.5_20.5_20.5_20.5_20.5_20.5_20.5_20.5_20.5_20.5_20.5_20.5_20.5	2N	26	20.5	SUM-159_NLS_2N_C_A12_seed	SUM-159_NLS_2N_C_A12	139	6.04773869346734	9.91513173733009e-13	-27.6395441603694	57	control	3.98598260797174e-14
20.5_20.5_20.5_20.5_20.5_20.5_20.5_20.5_20.5_20.5_20.5_20.5_20.5_20.5	2N	26	20.5	SUM-159_NLS_2N_C_A12_seed	SUM-159_NLS_2N_C_A12	140	6.08793969849246	9.91513173733009e-13	-27.6395441603694	57	control	3.98598260797174e-14
20.5_20.5_20.5_20.5_20.5_20.5_20.5_20.5_20.5_20.5_20.5_20.5_20.5_20.5	2N	26	20.5	SUM-159_NLS_2N_C_A12_seed	SUM-159_NLS_2N_C_A12	141	6.12814070351759	9.91513173733009e-13	-27.6395441603694	57	control	3.98598260797174e-14
20.5_20.5_20.5_20.5_20.5_20.5_20.5_20.5_20.5_20.5_20.5_20.5_20.5_20.5	2N	26	20.5	SUM-159_NLS_2N_C_A12_seed	SUM-159_NLS_2N_C_A12	142	6.16834170854271	9.91513173733009e-13	-27.6395441603694	57	control	3.98598260797174e-14
20.5_20.5_20.5_20.5_20.5_20.5_20.5_20.5_20.5_20.5_20.5_20.5_20.5_20.5	2N	26	20.5	SUM-159_NLS_2N_C_A12_seed	SUM-159_NLS_2N_C_A12	143	6.20854271356784	9.91513173733009e-13	-27.6395441603694	57	control	3.98598260797174e-14
20.5_20.5_20.5_20.5_20.5_20.5_20.5_20.5_20.5_20.5_20.5_20.5_20.5_20.5	2N	26	20.5	SUM-159_NLS_2N_C_A12_seed	SUM-159_NLS_2N_C_A12	144	6.24874371859296	9.91513173733009e-13	-27.6395441603694	57	control	3.98598260797174e-14
20.5_20.5_20.5_20.5_20.5_20.5_20.5_20.5_20.5_20.5_20.5_20.5_20.5_20.5	2N	26	20.5	SUM-159_NLS_2N_C_A12_seed	SUM-159_NLS_2N_C_A12	145	6.28894472361809	9.91513173733009e-13	-27.6395441603694	57	control	3.98598260797174e-14
20.5_20.5_20.5_20.5_20.5_20.5_20.5_20.5_20.5_20.5_20.5_20.5_20.5_20.5	2N	26	20.5	SUM-159_NLS_2N_C_A12_seed	SUM-159_NLS_2N_C_A12	146	6.32914572864322	9.91513173733009e-13	-27.6395441603694	57	control	3.98598260797174e-14
20.5_20.5_20.5_20.5_20.5_20.5_20.5_20.5_20.5_20.5_20.5_20.5_20.5_20.5	2N	26	20.5	SUM-159_NLS_2N_C_A12_seed	SUM-159_NLS_2N_C_A12	147	6.36934673366834	9.91513173733009e-13	-27.6395441603694	57	control	3.98598260797174e-14
20.5_20.5_20.5_20.5_20.5_20.5_20.5_20.5_20.5_20.5_20.5_20.5_20.5_20.5	2N	26	20.5	SUM-159_NLS_2N_C_A12_seed	SUM-159_NLS_2N_C_A12	148	6.40954773869347	9.91513173733009e-13	-27.6395441603694	57	control	3.98598260797174e-14
20.5_20.5_20.5_20.5_20.5_20.5_20.5_20.5_20.5_20.5_20.5_20.5_20.5_20.5	2N	26	20.5	SUM-159_NLS_2N_C_A12_seed	SUM-159_NLS_2N_C_A12	149	6.44974874371859	9.91513173733009e-13	-27.6395441603694	57	control	3.98598260797174e-14
20.5_20.5_20.5_20.5_20.5_20.5_20.5_20.5_20.5_20.5_20.5_20.5_20.5_20.5	2N	26	20.5	SUM-159_NLS_2N_C_A12_seed	SUM-159_NLS_2N_C_A12	150	6.48994974874372	9.91513173733009e-13	-27.6395441603694	57	control	3.98598260797174e-14
20.5_20.5_20.5_20.5_20.5_20.5_20.5_20.5_20.5_20.5_20.5_20.5_20.5_20.5	2N	26	20.5	SUM-159_NLS_2N_C_A12_seed	SUM-159_NLS_2N_C_A12	151	6.53015075376884	9.91513173733009e-13	-27.6395441603694	57	control	3.98598260797174e-14
20.5_20.5_20.5_20.5_20.5_20.5_20.5_20.5_20.5_20.5_20.5_20.5_20.5_20.5	2N	26	20.5	SUM-159_NLS_2N_C_A12_seed	SUM-159_NLS_2N_C_A12	152	6.57035175879397	9.91513173733009e-13	-27.6395441603694	57	control	3.98598260797174e-14
20.5_20.5_20.5_20.5_20.5_20.5_20.5_20.5_20.5_20.5_20.5_20.5_20.5_20.5	2N	26	20.5	SUM-159_NLS_2N_C_A12_seed	SUM-159_NLS_2N_C_A12	153	6.6105527638191	9.91513173733009e-13	-27.6395441603694	57	control	3.98598260797174e-14
20.5_20.5_20.5_20.5_20.5_20.5_20.5_20.5_20.5_20.5_20.5_20.5_20.5_20.5	2N	26	20.5	SUM-159_NLS_2N_C_A12_seed	SUM-159_NLS_2N_C_A12	154	6.65075376884422	9.91513173733009e-13	-27.6395441603694	57	control	3.98598260797174e-14
20.5_20.5_20.5_20.5_20.5_20.5_20.5_20.5_20.5_20.5_20.5_20.5_20.5_20.5	2N	26	20.5	SUM-159_NLS_2N_C_A12_seed	SUM-159_NLS_2N_C_A12	155	6.69095477386935	9.91513173733009e-13	-27.6395441603694	57	control	3.98598260797174e-14
20.5_20.5_20.5_20.5_20.5_20.5_20.5_20.5_20.5_20.5_20.5_20.5_20.5_20.5	2N	26	20.5	SUM-159_NLS_2N_C_A12_seed	SUM-159_NLS_2N_C_A12	156	6.73115577889447	9.91513173733009e-13	-27.6395441603694	57	control	3.98598260797174e-14
20.5_20.5_20.5_20.5_20.5_20.5_20.5_20.5_20.5_20.5_20.5_20.5_20.5_20.5	2N	26	20.5	SUM-159_NLS_2N_C_A12_seed	SUM-159_NLS_2N_C_A12	157	6.7713567839196	9.91513173733009e-13	-27.6395441603694	57	control	3.98598260797174e-14
20.5_20.5_20.5_20.5_20.5_20.5_20.5_20.5_20.5_20.5_20.5_20.5_20.5_20.5	2N	26	20.5	SUM-159_NLS_2N_C_A12_seed	SUM-159_NLS_2N_C_A12	158	6.81155778894472	9.91513173733009e-13	-27.6395441603694	57	control	3.98598260797174e-14
20.5_20.5_20.5_20.5_20.5_20.5_20.5_20.5_20.5_20.5_20.5_20.5_20.5_20.5	2N	26	20.5	SUM-159_NLS_2N_C_A12_seed	SUM-159_NLS_2N_C_A12	159	6.85175879396985	9.91513173733009e-13	-27.6395441603694	57	control	3.98598260797174e-14
20.5_20.5_20.5_20.5_20.5_20.5_20.5_20.5_20.5_20.5_20.5_20.5_20.5_20.5	2N	26	20.5	SUM-159_NLS_2N_C_A12_seed	SUM-159_NLS_2N_C_A12	160	6.89195979899498	9.91513173733009e-13	-27.6395441603694	57	control	3.98598260797174e-14
20.5_20.5_20.5_20.5_20.5_20.5_20.5_20.5_20.5_20.5_20.5_20.5_20.5_20.5	2N	26	20.5	SUM-159_NLS_2N_C_A12_seed	SUM-159_NLS_2N_C_A12	161	6.9321608040201	9.91513173733009e-13	-27.6395441603694	57	control	3.98598260797174e-14
20.5_20.5_20.5_20.5_20.5_20.5_20.5_20.5_20.5_20.5_20.5_20.5_20.5_20.5	2N	26	20.5	SUM-159_NLS_2N_C_A12_seed	SUM-159_NLS_2N_C_A12	162	6.97236180904523	9.91513173733009e-13	-27.6395441603694	57	control	3.98598260797174e-14
20.5_20.5_20.5_20.5_20.5_20.5_20.5_20.5_20.5_20.5_20.5_20.5_20.5_20.5	2N	26	20.5	SUM-159_NLS_2N_C_A12_seed	SUM-159_NLS_2N_C_A12	163	7.01256281407035	9.91513173733009e-13	-27.6395441603694	57	control	3.98598260797174e-14
20.5_20.5_20.5_20.5_20.5_20.5_20.5_20.5_20.5_20.5_20.5_20.5_20.5_20.5	2N	26	20.5	SUM-159_NLS_2N_C_A12_seed	SUM-159_NLS_2N_C_A12	164	7.05276381909548	9.91513173733009e-13	-27.6395441603694	57	control	3.98598260797174e-14
20.5_20.5_20.5_20.5_20.5_20.5_20.5_20.5_20.5_20.5_20.5_20.5_20.5_20.5	2N	26	20.5	SUM-159_NLS_2N_C_A12_seed	SUM-159_NLS_2N_C_A12	165	7.0929648241206	9.91513173733009e-13	-27.6395441603694	57	control	3.98598260797174e-14
20.5_20.5_20.5_20.5_20.5_20.5_20.5_20.5_20.5_20.5_20.5_20.5_20.5_20.5	2N	26	20.5	SUM-159_NLS_2N_C_A12_seed	SUM-159_NLS_2N_C_A12	166	7.13316582914573	9.91513173733009e-13	-27.6395441603694	57	control	3.98598260797174e-14
20.5_20.5_20.5_20.5_20.5_20.5_20.5_20.5_20.5_20.5_20.5_20.5_20.5_20.5	2N	26	20.5	SUM-159_NLS_2N_C_A12_seed	SUM-159_NLS_2N_C_A12	167	7.17336683417085	9.91513173733009e-13	-27.6395441603694	57	control	3.98598260797174e-14
20.5_20.5_20.5_20.5_20.5_20.5_20.5_20.5_20.5_20.5_20.5_20.5_20.5_20.5	2N	26	20.5	SUM-159_NLS_2N_C_A12_seed	SUM-159_NLS_2N_C_A12	168	7.21356783919598	9.91513173733009e-13	-27.6395441603694	57	control	3.98598260797174e-14
20.5_20.5_20.5_20.5_20.5_20.5_20.5_20.5_20.5_20.5_20.5_20.5_20.5_20.5	2N	26	20.5	SUM-159_NLS_2N_C_A12_seed	SUM-159_NLS_2N_C_A12	169	7.25376884422111	9.91513173733009e-13	-27.6395441603694	57	control	3.98598260797174e-14
20.5_20.5_20.5_20.5_20.5_20.5_20.5_20.5_20.5_20.5_20.5_20.5_20.5_20.5	2N	26	20.5	SUM-159_NLS_2N_C_A12_seed	SUM-159_NLS_2N_C_A12	170	7.29396984924623	9.91513173733009e-13	-27.6395441603694	57	control	3.98598260797174e-14
20.5_20.5_20.5_20.5_20.5_20.5_20.5_20.5_20.5_20.5_20.5_20.5_20.5_20.5	2N	26	20.5	SUM-159_NLS_2N_C_A12_seed	SUM-159_NLS_2N_C_A12	171	7.33417085427136	9.91513173733009e-13	-27.6395441603694	57	control	3.98598260797174e-14
20.5_20.5_20.5_20.5_20.5_20.5_20.5_20.5_20.5_20.5_20.5_20.5_20.5_20.5	2N	26	20.5	SUM-159_NLS_2N_C_A12_seed	SUM-159_NLS_2N_C_A12	172	7.37437185929648	9.91513173733009e-13	-27.6395441603694	57	control	3.98598260797174e-14
20.5_20.5_20.5_20.5_20.5_20.5_20.5_20.5_20.5_20.5_20.5_20.5_20.5_20.5	2N	26	20.5	SUM-159_NLS_2N_C_A12_seed	SUM-159_NLS_2N_C_A12	173	7.41457286432161	9.91513173733009e-13	-27.6395441603694	57	control	3.98598260797174e-14
20.5_20.5_20.5_20.5_20.5_20.5_20.5_20.5_20.5_20.5_20.5_20.5_20.5_20.5	2N	26	20.5	SUM-159_NLS_2N_C_A12_seed	SUM-159_NLS_2N_C_A12	174	7.45477386934673	9.91513173733009e-13	-27.6395441603694	57	control	3.98598260797174e-14
20.5_20.5_20.5_20.5_20.5_20.5_20.5_20.5_20.5_20.5_20.5_20.5_20.5_20.5	2N	26	20.5	SUM-159_NLS_2N_C_A12_seed	SUM-159_NLS_2N_C_A12	175	7.49497487437186	9.91513173733009e-13	-27.6395441603694	57	control	3.98598260797174e-14
20.5_20.5_20.5_20.5_20.5_20.5_20.5_20.5_20.5_20.5_20.5_20.5_20.5_20.5	2N	26	20.5	SUM-159_NLS_2N_C_A12_seed	SUM-159_NLS_2N_C_A12	176	7.53517587939699	9.91513173733009e-13	-27.6395441603694	57	control	3.98598260797174e-14
20.5_20.5_20.5_20.5_20.5_20.5_20.5_20.5_20.5_20.5_20.5_20.5_20.5_20.5	2N	26	20.5	SUM-159_NLS_2N_C_A12_seed	SUM-159_NLS_2N_C_A12	177	7.57537688442211	9.91513173733009e-13	-27.6395441603694	57	control	3.98598260797174e-14
20.5_20.5_20.5_20.5_20.5_20.5_20.5_20.5_20.5_20.5_20.5_20.5_20.5_20.5	2N	26	20.5	SUM-159_NLS_2N_C_A12_seed	SUM-159_NLS_2N_C_A12	178	7.61557788944724	9.91513173733009e-13	-27.6395441603694	57	control	3.98598260797174e-14
20.5_20.5_20.5_20.5_20.5_20.5_20.5_20.5_20.5_20.5_20.5_20.5_20.5_20.5	2N	26	20.5	SUM-159_NLS_2N_C_A12_seed	SUM-159_NLS_2N_C_A12	179	7.65577889447236	9.91513173733009e-13	-27.6395441603694	57	control	3.98598260797174e-14
20.5_20.5_20.5_20.5_20.5_20.5_20.5_20.5_20.5_20.5_20.5_20.5_20.5_20.5	2N	26	20.5	SUM-159_NLS_2N_C_A12_seed	SUM-159_NLS_2N_C_A12	180	7.69597989949749	9.91513173733009e-13	-27.6395441603694	57	control	3.98598260797174e-14
20.5_20.5_20.5_20.5_20.5_20.5_20.5_20.5_20.5_20.5_20.5_20.5_20.5_20.5	2N	26	20.5	SUM-159_NLS_2N_C_A12_seed	SUM-159_NLS_2N_C_A12	181	7.73618090452261	9.91513173733009e-13	-27.6395441603694	57	control	3.98598260797174e-14
20.5_20.5_20.5_20.5_20.5_20.5_20.5_20.5_20.5_20.5_20.5_20.5_20.5_20.5	2N	26	20.5	SUM-159_NLS_2N_C_A12_seed	SUM-159_NLS_2N_C_A12	182	7.77638190954774	9.91513173733009e-13	-27.6395441603694	57	control	3.98598260797174e-14
20.5_20.5_20.5_20.5_20.5_20.5_20.5_20.5_20.5_20.5_20.5_20.5_20.5_20.5	2N	26	20.5	SUM-159_NLS_2N_C_A12_seed	SUM-159_NLS_2N_C_A12	183	7.81658291457286	9.91513173733009e-13	-27.6395441603694	57	control	3.98598260797174e-14
20.5_20.5_20.5_20.5_20.5_20.5_20.5_20.5_20.5_20.5_20.5_20.5_20.5_20.5	2N	26	20.5	SUM-159_NLS_2N_C_A12_seed	SUM-159_NLS_2N_C_A12	184	7.85678391959799	9.91513173733009e-13	-27.6395441603694	57	control	3.98598260797174e-14
20.5_20.5_20.5_20.5_20.5_20.5_20.5_20.5_20.5_20.5_20.5_20.5_20.5_20.5	2N	26	20.5	SUM-159_NLS_2N_C_A12_seed	SUM-159_NLS_2N_C_A12	185	7.89698492462312	9.91513173733009e-13	-27.6395441603694	57	control	3.98598260797174e-14
20.5_20.5_20.5_20.5_20.5_20.5_20.5_20.5_20.5_20.5_20.5_20.5_20.5_20.5	2N	26	20.5	SUM-159_NLS_2N_C_A12_seed	SUM-159_NLS_2N_C_A12	186	7.93718592964824	9.91513173733009e-13	-27.6395441603694	57	control	3.98598260797174e-14
20.5_20.5_20.5_20.5_20.5_20.5_20.5_20.5_20.5_20.5_20.5_20.5_20.5_20.5	2N	26	20.5	SUM-159_NLS_2N_C_A12_seed	SUM-159_NLS_2N_C_A12	187	7.97738693467337	9.91513173733009e-13	-27.6395441603694	57	control	3.98598260797174e-14
20.5_20.5_20.5_20.5_20.5_20.5_20.5_20.5_20.5_20.5_20.5_20.5_20.5_20.5	2N	26	20.5	SUM-159_NLS_2N_C_A12_seed	SUM-159_NLS_2N_C_A12	188	8.01758793969849	9.91513173733009e-13	-27.6395441603694	57	control	3.98598260797174e-14
20.5_20.5_20.5_20.5_20.5_20.5_20.5_20.5_20.5_20.5_20.5_20.5_20.5_20.5	2N	26	20.5	SUM-159_NLS_2N_C_A12_seed	SUM-159_NLS_2N_C_A12	189	8.05778894472362	9.91513173733009e-13	-27.6395441603694	57	control	3.98598260797174e-14
20.5_20.5_20.5_20.5_20.5_20.5_20.5_20.5_20.5_20.5_20.5_20.5_20.5_20.5	2N	26	20.5	SUM-159_NLS_2N_C_A12_seed	SUM-159_NLS_2N_C_A12	190	8.09798994974874	9.91513173733009e-13	-27.6395441603694	57	control	3.98598260797174e-14
20.5_20.5_20.5_20.5_20.5_20.5_20.5_20.5_20.5_20.5_20.5_20.5_20.5_20.5	2N	26	20.5	SUM-159_NLS_2N_C_A12_seed	SUM-159_NLS_2N_C_A12	191	8.13819095477387	9.91513173733009e-13	-27.6395441603694	57	control	3.98598260797174e-14
20.5_20.5_20.5_20.5_20.5_20.5_20.5_20.5_20.5_20.5_20.5_20.5_20.5_20.5	2N	26	20.5	SUM-159_NLS_2N_C_A12_seed	SUM-159_NLS_2N_C_A12	192	8.178391959799	9.91513173733009e-13	-27.6395441603694	57	control	3.98598260797174e-14
20.5_20.5_20.5_20.5_20.5_20.5_20.5_20.5_20.5_20.5_20.5_20.5_20.5_20.5	2N	26	20.5	SUM-159_NLS_2N_C_A12_seed	SUM-159_NLS_2N_C_A12	193	8.21859296482412	9.91513173733009e-13	-27.6395441603694	57	control	3.98598260797174e-14
20.5_20.5_20.5_20.5_20.5_20.5_20.5_20.5_20.5_20.5_20.5_20.5_20.5_20.5	2N	26	20.5	SUM-159_NLS_2N_C_A12_seed	SUM-159_NLS_2N_C_A12	194	8.25879396984925	9.91513173733009e-13	-27.6395441603694	57	control	3.98598260797174e-14
20.5_20.5_20.5_20.5_20.5_20.5_20.5_20.5_20.5_20.5_20.5_20.5_20.5_20.5	2N	26	20.5	SUM-159_NLS_2N_C_A12_seed	SUM-159_NLS_2N_C_A12	195	8.29899497487437	9.91513173733009e-13	-27.6395441603694	57	control	3.98598260797174e-14
20.5_20.5_20.5_20.5_20.5_20.5_20.5_20.5_20.5_20.5_20.5_20.5_20.5_20.5	2N	26	20.5	SUM-159_NLS_2N_C_A12_seed	SUM-159_NLS_2N_C_A12	196	8.3391959798995	9.91513173733009e-13	-27.6395441603694	57	control	3.98598260797174e-14
20.5_20.5_20.5_20.5_20.5_20.5_20.5_20.5_20.5_20.5_20.5_20.5_20.5_20.5	2N	26	20.5	SUM-159_NLS_2N_C_A12_seed	SUM-159_NLS_2N_C_A12	197	8.37939698492462	9.91513173733009e-13	-27.6395441603694	57	control	3.98598260797174e-14
20.5_20.5_20.5_20.5_20.5_20.5_20.5_20.5_20.5_20.5_20.5_20.5_20.5_20.5	2N	26	20.5	SUM-159_NLS_2N_C_A12_seed	SUM-159_NLS_2N_C_A12	198	8.41959798994975	9.91513173733009e-13	-27.6395441603694	57	control	3.98598260797174e-14
20.5_20.5_20.5_20.5_20.5_20.5_20.5_20.5_20.5_20.5_20.5_20.5_20.5_20.5	2N	26	20.5	SUM-159_NLS_2N_C_A12_seed	SUM-159_NLS_2N_C_A12	199	8.45979899497488	9.91513173733009e-13	-27.6395441603694	57	control	3.98598260797174e-14
20.5_20.5_20.5_20.5_20.5_20.5_20.5_20.5_20.5_20.5_20.5_20.5_20.5_20.5	2N	26	20.5	SUM-159_NLS_2N_C_A12_seed	SUM-159_NLS_2N_C_A12	200	8.5	9.91513173733009e-13	-27.6395441603694	57	control	3.98598260797174e-14
20.5_20.5_2_1_0.5_0.3_0.2_0.1_0_0_0_0_0_0	2N	27	0	SUM-159_NLS_2N_O1_A12_seed	SUM-159_NLS_2N_O1_A12	1	0.5	9.99956180692343e-13	-27.6310649361963	89	oxygen-deprived	4.01992434449169e-14
20.5_20.5_2_1_0.5_0.3_0.2_0.1_0_0_0_0_0_0	2N	27	0	SUM-159_NLS_2N_O1_A12_seed	SUM-159_NLS_2N_O1_A12	2	0.540201005025126	9.99956180692343e-13	-27.6310649361963	89	oxygen-deprived	4.01992434449169e-14
20.5_20.5_2_1_0.5_0.3_0.2_0.1_0_0_0_0_0_0	2N	27	0	SUM-159_NLS_2N_O1_A12_seed	SUM-159_NLS_2N_O1_A12	3	0.580402010050251	9.99956180692343e-13	-27.6310649361963	89	oxygen-deprived	4.01992434449169e-14
20.5_20.5_2_1_0.5_0.3_0.2_0.1_0_0_0_0_0_0	2N	27	0	SUM-159_NLS_2N_O1_A12_seed	SUM-159_NLS_2N_O1_A12	4	0.620603015075377	9.99956180692343e-13	-27.6310649361963	89	oxygen-deprived	4.01992434449169e-14
20.5_20.5_2_1_0.5_0.3_0.2_0.1_0_0_0_0_0_0	2N	27	0	SUM-159_NLS_2N_O1_A12_seed	SUM-159_NLS_2N_O1_A12	5	0.660804020100503	9.99956180692343e-13	-27.6310649361963	89	oxygen-deprived	4.01992434449169e-14
20.5_20.5_2_1_0.5_0.3_0.2_0.1_0_0_0_0_0_0	2N	27	0	SUM-159_NLS_2N_O1_A12_seed	SUM-159_NLS_2N_O1_A12	6	0.701005025125628	9.99956180692343e-13	-27.6310649361963	89	oxygen-deprived	4.01992434449169e-14
20.5_20.5_2_1_0.5_0.3_0.2_0.1_0_0_0_0_0_0	2N	27	0	SUM-159_NLS_2N_O1_A12_seed	SUM-159_NLS_2N_O1_A12	7	0.741206030150754	9.99956180692343e-13	-27.6310649361963	89	oxygen-deprived	4.01992434449169e-14
20.5_20.5_2_1_0.5_0.3_0.2_0.1_0_0_0_0_0_0	2N	27	0	SUM-159_NLS_2N_O1_A12_seed	SUM-159_NLS_2N_O1_A12	8	0.781407035175879	9.99956180692343e-13	-27.6310649361963	89	oxygen-deprived	4.01992434449169e-14
20.5_20.5_2_1_0.5_0.3_0.2_0.1_0_0_0_0_0_0	2N	27	0	SUM-159_NLS_2N_O1_A12_seed	SUM-159_NLS_2N_O1_A12	9	0.821608040201005	9.99956180692343e-13	-27.6310649361963	89	oxygen-deprived	4.01992434449169e-14
20.5_20.5_2_1_0.5_0.3_0.2_0.1_0_0_0_0_0_0	2N	27	0	SUM-159_NLS_2N_O1_A12_seed	SUM-159_NLS_2N_O1_A12	10	0.861809045226131	9.99956180692343e-13	-27.6310649361963	89	oxygen-deprived	4.01992434449169e-14
20.5_20.5_2_1_0.5_0.3_0.2_0.1_0_0_0_0_0_0	2N	27	0	SUM-159_NLS_2N_O1_A12_seed	SUM-159_NLS_2N_O1_A12	11	0.902010050251256	9.99956180692343e-13	-27.6310649361963	89	oxygen-deprived	4.01992434449169e-14
20.5_20.5_2_1_0.5_0.3_0.2_0.1_0_0_0_0_0_0	2N	27	0	SUM-159_NLS_2N_O1_A12_seed	SUM-159_NLS_2N_O1_A12	12	0.942211055276382	9.99956180692343e-13	-27.6310649361963	89	oxygen-deprived	4.01992434449169e-14
20.5_20.5_2_1_0.5_0.3_0.2_0.1_0_0_0_0_0_0	2N	27	0	SUM-159_NLS_2N_O1_A12_seed	SUM-159_NLS_2N_O1_A12	13	0.982412060301508	9.99956180692343e-13	-27.6310649361963	89	oxygen-deprived	4.01992434449169e-14
20.5_20.5_2_1_0.5_0.3_0.2_0.1_0_0_0_0_0_0	2N	27	0	SUM-159_NLS_2N_O1_A12_seed	SUM-159_NLS_2N_O1_A12	14	1.02261306532663	9.99956180692343e-13	-27.6310649361963	89	oxygen-deprived	4.01992434449169e-14
20.5_20.5_2_1_0.5_0.3_0.2_0.1_0_0_0_0_0_0	2N	27	0	SUM-159_NLS_2N_O1_A12_seed	SUM-159_NLS_2N_O1_A12	15	1.06281407035176	9.99956180692343e-13	-27.6310649361963	89	oxygen-deprived	4.01992434449169e-14
20.5_20.5_2_1_0.5_0.3_0.2_0.1_0_0_0_0_0_0	2N	27	0	SUM-159_NLS_2N_O1_A12_seed	SUM-159_NLS_2N_O1_A12	16	1.10301507537688	9.99956180692343e-13	-27.6310649361963	89	oxygen-deprived	4.01992434449169e-14
20.5_20.5_2_1_0.5_0.3_0.2_0.1_0_0_0_0_0_0	2N	27	0	SUM-159_NLS_2N_O1_A12_seed	SUM-159_NLS_2N_O1_A12	17	1.14321608040201	4.38442096491595e-12	-26.1529635478736	89	oxygen-deprived	1.76258129242846e-13
20.5_20.5_2_1_0.5_0.3_0.2_0.1_0_0_0_0_0_0	2N	27	0	SUM-159_NLS_2N_O1_A12_seed	SUM-159_NLS_2N_O1_A12	18	1.18341708542714	1.18235531059996e-07	-15.9505871759615	89	oxygen-deprived	4.75318717829113e-09
20.5_20.5_2_1_0.5_0.3_0.2_0.1_0_0_0_0_0_0	2N	27	0	SUM-159_NLS_2N_O1_A12_seed	SUM-159_NLS_2N_O1_A12	19	1.22361809045226	1.4597653126961e-05	-11.1346497868995	89	oxygen-deprived	5.8684032671198e-07
20.5_20.5_2_1_0.5_0.3_0.2_0.1_0_0_0_0_0_0	2N	27	0	SUM-159_NLS_2N_O1_A12_seed	SUM-159_NLS_2N_O1_A12	20	1.26381909547739	6.53366191828087e-05	-9.63595789505213	89	oxygen-deprived	2.62659775609272e-06
20.5_20.5_2_1_0.5_0.3_0.2_0.1_0_0_0_0_0_0	2N	27	0	SUM-159_NLS_2N_O1_A12_seed	SUM-159_NLS_2N_O1_A12	21	1.30402010050251	0.000119153142207926	-9.03510098290048	89	oxygen-deprived	4.79007606866018e-06
20.5_20.5_2_1_0.5_0.3_0.2_0.1_0_0_0_0_0_0	2N	27	0	SUM-159_NLS_2N_O1_A12_seed	SUM-159_NLS_2N_O1_A12	22	1.34422110552764	0.000413783986273028	-7.79016649259686	89	oxygen-deprived	1.66345321114779e-05
20.5_20.5_2_1_0.5_0.3_0.2_0.1_0_0_0_0_0_0	2N	27	0	SUM-159_NLS_2N_O1_A12_seed	SUM-159_NLS_2N_O1_A12	23	1.38442211055276	0.00119497175022425	-6.7296327338578	89	oxygen-deprived	4.80390653356466e-05
20.5_20.5_2_1_0.5_0.3_0.2_0.1_0_0_0_0_0_0	2N	27	0	SUM-159_NLS_2N_O1_A12_seed	SUM-159_NLS_2N_O1_A12	24	1.42462311557789	0.0036570836805316	-5.61108925778749	89	oxygen-deprived	0.000147018439418351
20.5_20.5_2_1_0.5_0.3_0.2_0.1_0_0_0_0_0_0	2N	27	0	SUM-159_NLS_2N_O1_A12_seed	SUM-159_NLS_2N_O1_A12	25	1.46482412060302	0.00934136750046195	-4.67330262413308	89	oxygen-deprived	0.000375532361827603
20.5_20.5_2_1_0.5_0.3_0.2_0.1_0_0_0_0_0_0	2N	27	0	SUM-159_NLS_2N_O1_A12_seed	SUM-159_NLS_2N_O1_A12	26	1.50502512562814	0.0227950058056174	-3.78121381062857	89	oxygen-deprived	0.000916382142939361
20.5_20.5_2_1_0.5_0.3_0.2_0.1_0_0_0_0_0_0	2N	27	0	SUM-159_NLS_2N_O1_A12_seed	SUM-159_NLS_2N_O1_A12	27	1.54522613065327	0.0499517486310509	-2.99669776687168	89	oxygen-deprived	0.00200811049773062
20.5_20.5_2_1_0.5_0.3_0.2_0.1_0_0_0_0_0_0	2N	27	0	SUM-159_NLS_2N_O1_A12_seed	SUM-159_NLS_2N_O1_A12	28	1.58542713567839	0.101115129699851	-2.291495513313	89	oxygen-deprived	0.0040649298371798
20.5_20.5_2_1_0.5_0.3_0.2_0.1_0_0_0_0_0_0	2N	27	0	SUM-159_NLS_2N_O1_A12_seed	SUM-159_NLS_2N_O1_A12	29	1.62562814070352	0.19509466091176	-1.63427039763342	89	oxygen-deprived	0.00784300144368857
20.5_20.5_2_1_0.5_0.3_0.2_0.1_0_0_0_0_0_0	2N	27	0	SUM-159_NLS_2N_O1_A12_seed	SUM-159_NLS_2N_O1_A12	30	1.66582914572864	0.343140603089269	-1.06961499426802	89	oxygen-deprived	0.0137945971091159
20.5_20.5_2_1_0.5_0.3_0.2_0.1_0_0_0_0_0_0	2N	27	0	SUM-159_NLS_2N_O1_A12_seed	SUM-159_NLS_2N_O1_A12	31	1.70603015075377	0.562099519453312	-0.576076363887634	89	oxygen-deprived	0.0225969656061625
20.5_20.5_2_1_0.5_0.3_0.2_0.1_0_0_0_0_0_0	2N	27	0	SUM-159_NLS_2N_O1_A12_seed	SUM-159_NLS_2N_O1_A12	32	1.74623115577889	0.850013425049745	-0.162503135446331	89	oxygen-deprived	0.0341713939718479
20.5_20.5_2_1_0.5_0.3_0.2_0.1_0_0_0_0_0_0	2N	27	0	SUM-159_NLS_2N_O1_A12_seed	SUM-159_NLS_2N_O1_A12	33	1.78643216080402	1.19967392550975	0.182049791127132	89	oxygen-deprived	0.048228097507928
20.5_20.5_2_1_0.5_0.3_0.2_0.1_0_0_0_0_0_0	2N	27	0	SUM-159_NLS_2N_O1_A12_seed	SUM-159_NLS_2N_O1_A12	34	1.82663316582915	1.54853350103747	0.43730835470628	89	oxygen-deprived	0.0622526030567805
20.5_20.5_2_1_0.5_0.3_0.2_0.1_0_0_0_0_0_0	2N	27	0	SUM-159_NLS_2N_O1_A12_seed	SUM-159_NLS_2N_O1_A12	35	1.86683417085427	1.85676226039999	0.618834250696128	89	oxygen-deprived	0.074643708960801
20.5_20.5_2_1_0.5_0.3_0.2_0.1_0_0_0_0_0_0	2N	27	0	SUM-159_NLS_2N_O1_A12_seed	SUM-159_NLS_2N_O1_A12	36	1.9070351758794	2.05117348383938	0.718412060515272	89	oxygen-deprived	0.0824592355312285
20.5_20.5_2_1_0.5_0.3_0.2_0.1_0_0_0_0_0_0	2N	27	0	SUM-159_NLS_2N_O1_A12_seed	SUM-159_NLS_2N_O1_A12	37	1.94723618090452	2.09105872143082	0.737670502993745	89	oxygen-deprived	0.0840626621680702
20.5_20.5_2_1_0.5_0.3_0.2_0.1_0_0_0_0_0_0	2N	27	0	SUM-159_NLS_2N_O1_A12_seed	SUM-159_NLS_2N_O1_A12	38	1.98743718592965	1.96385894114635	0.674911385126024	89	oxygen-deprived	0.0789491031616596
20.5_20.5_2_1_0.5_0.3_0.2_0.1_0_0_0_0_0_0	2N	27	0	SUM-159_NLS_2N_O1_A12_seed	SUM-159_NLS_2N_O1_A12	39	2.02763819095477	1.71211925925337	0.537731936072191	89	oxygen-deprived	0.0688289149448567
20.5_20.5_2_1_0.5_0.3_0.2_0.1_0_0_0_0_0_0	2N	27	0	SUM-159_NLS_2N_O1_A12_seed	SUM-159_NLS_2N_O1_A12	40	2.0678391959799	1.39299663763718	0.331457281038242	89	oxygen-deprived	0.0559998648296334
20.5_20.5_2_1_0.5_0.3_0.2_0.1_0_0_0_0_0_0	2N	27	0	SUM-159_NLS_2N_O1_A12_seed	SUM-159_NLS_2N_O1_A12	41	2.10804020100502	1.04815067838369	0.0470273526475875	89	oxygen-deprived	0.0421367106887901
20.5_20.5_2_1_0.5_0.3_0.2_0.1_0_0_0_0_0_0	2N	27	0	SUM-159_NLS_2N_O1_A12_seed	SUM-159_NLS_2N_O1_A12	42	2.14824120603015	0.739155190176227	-0.302247379842432	89	oxygen-deprived	0.0297147815146212
20.5_20.5_2_1_0.5_0.3_0.2_0.1_0_0_0_0_0_0	2N	27	0	SUM-159_NLS_2N_O1_A12_seed	SUM-159_NLS_2N_O1_A12	43	2.18844221105528	0.49027501653154	-0.712788787096322	89	oxygen-deprived	0.0197095484032773
20.5_20.5_2_1_0.5_0.3_0.2_0.1_0_0_0_0_0_0	2N	27	0	SUM-159_NLS_2N_O1_A12_seed	SUM-159_NLS_2N_O1_A12	44	2.2286432160804	0.3061003946605	-1.18384214371275	89	oxygen-deprived	0.0123055435039393
20.5_20.5_2_1_0.5_0.3_0.2_0.1_0_0_0_0_0_0	2N	27	0	SUM-159_NLS_2N_O1_A12_seed	SUM-159_NLS_2N_O1_A12	45	2.26884422110553	0.182039438054276	-1.70353192277388	89	oxygen-deprived	0.00731816836399074
20.5_20.5_2_1_0.5_0.3_0.2_0.1_0_0_0_0_0_0	2N	27	0	SUM-159_NLS_2N_O1_A12_seed	SUM-159_NLS_2N_O1_A12	46	2.30904522613065	0.0996046613783666	-2.3065463144991	89	oxygen-deprived	0.00400420749259751
20.5_20.5_2_1_0.5_0.3_0.2_0.1_0_0_0_0_0_0	2N	27	0	SUM-159_NLS_2N_O1_A12_seed	SUM-159_NLS_2N_O1_A12	47	2.34924623115578	0.0538307952714256	-2.9219095727598	89	oxygen-deprived	0.00216405207121301
20.5_20.5_2_1_0.5_0.3_0.2_0.1_0_0_0_0_0_0	2N	27	0	SUM-159_NLS_2N_O1_A12_seed	SUM-159_NLS_2N_O1_A12	48	2.3894472361809	0.0290679808726974	-3.53811802424718	89	oxygen-deprived	0.00116856204513352
20.5_20.5_2_1_0.5_0.3_0.2_0.1_0_0_0_0_0_0	2N	27	0	SUM-159_NLS_2N_O1_A12_seed	SUM-159_NLS_2N_O1_A12	49	2.42964824120603	0.0143160704570933	-4.24637256452765	89	oxygen-deprived	0.00057552042038564
20.5_20.5_2_1_0.5_0.3_0.2_0.1_0_0_0_0_0_0	2N	27	0	SUM-159_NLS_2N_O1_A12_seed	SUM-159_NLS_2N_O1_A12	50	2.46984924623116	0.00696012335815215	-4.96755808092044	89	oxygen-deprived	0.000279803954096559
20.5_20.5_2_1_0.5_0.3_0.2_0.1_0_0_0_0_0_0	2N	27	0	SUM-159_NLS_2N_O1_A12_seed	SUM-159_NLS_2N_O1_A12	51	2.51005025125628	0.00343049929366609	-5.67504946173159	89	oxygen-deprived	0.000137909519343356
20.5_20.5_2_1_0.5_0.3_0.2_0.1_0_0_0_0_0_0	2N	27	0	SUM-159_NLS_2N_O1_A12_seed	SUM-159_NLS_2N_O1_A12	52	2.55025125628141	0.00179257575132872	-6.32410172622794	89	oxygen-deprived	7.20633467870817e-05
20.5_20.5_2_1_0.5_0.3_0.2_0.1_0_0_0_0_0_0	2N	27	0	SUM-159_NLS_2N_O1_A12_seed	SUM-159_NLS_2N_O1_A12	53	2.59045226130653	0.000672762655318416	-7.3041179572099	89	oxygen-deprived	2.70457348871716e-05
20.5_20.5_2_1_0.5_0.3_0.2_0.1_0_0_0_0_0_0	2N	27	0	SUM-159_NLS_2N_O1_A12_seed	SUM-159_NLS_2N_O1_A12	54	2.63065326633166	0.000174028852363372	-8.65628945431576	89	oxygen-deprived	6.99613476837652e-06
20.5_20.5_2_1_0.5_0.3_0.2_0.1_0_0_0_0_0_0	2N	27	0	SUM-159_NLS_2N_O1_A12_seed	SUM-159_NLS_2N_O1_A12	55	2.67085427135678	5.99127804967227e-05	-9.72262071171652	89	oxygen-deprived	2.40855398981791e-06
20.5_20.5_2_1_0.5_0.3_0.2_0.1_0_0_0_0_0_0	2N	27	0	SUM-159_NLS_2N_O1_A12_seed	SUM-159_NLS_2N_O1_A12	56	2.71105527638191	7.7887366389102e-05	-9.46024679552982	89	oxygen-deprived	3.13115040760198e-06
20.5_20.5_2_1_0.5_0.3_0.2_0.1_0_0_0_0_0_0	2N	27	0	SUM-159_NLS_2N_O1_A12_seed	SUM-159_NLS_2N_O1_A12	57	2.75125628140704	9.84294277484239e-06	-11.5287558291264	89	oxygen-deprived	3.95696191953449e-07
20.5_20.5_2_1_0.5_0.3_0.2_0.1_0_0_0_0_0_0	2N	27	0	SUM-159_NLS_2N_O1_A12_seed	SUM-159_NLS_2N_O1_A12	58	2.79145728643216	4.06512145770719e-08	-17.0182371225042	89	oxygen-deprived	1.63421968149027e-09
20.5_20.5_2_1_0.5_0.3_0.2_0.1_0_0_0_0_0_0	2N	27	0	SUM-159_NLS_2N_O1_A12_seed	SUM-159_NLS_2N_O1_A12	59	2.83165829145729	4.71341164400948e-12	-26.0806091295542	89	oxygen-deprived	1.89483885186304e-13
20.5_20.5_2_1_0.5_0.3_0.2_0.1_0_0_0_0_0_0	2N	27	0	SUM-159_NLS_2N_O1_A12_seed	SUM-159_NLS_2N_O1_A12	60	2.87185929648241	9.99956180692343e-13	-27.6310649361963	89	oxygen-deprived	4.01992434449169e-14
20.5_20.5_2_1_0.5_0.3_0.2_0.1_0_0_0_0_0_0	2N	27	0	SUM-159_NLS_2N_O1_A12_seed	SUM-159_NLS_2N_O1_A12	61	2.91206030150754	9.99956180692343e-13	-27.6310649361963	89	oxygen-deprived	4.01992434449169e-14
20.5_20.5_2_1_0.5_0.3_0.2_0.1_0_0_0_0_0_0	2N	27	0	SUM-159_NLS_2N_O1_A12_seed	SUM-159_NLS_2N_O1_A12	62	2.95226130653266	1.77092202331843e-08	-17.8491804158678	89	oxygen-deprived	7.11928451585274e-10
20.5_20.5_2_1_0.5_0.3_0.2_0.1_0_0_0_0_0_0	2N	27	0	SUM-159_NLS_2N_O1_A12_seed	SUM-159_NLS_2N_O1_A12	63	2.99246231155779	4.85665752182095e-06	-12.235160109374	89	oxygen-deprived	1.95242513440031e-07
20.5_20.5_2_1_0.5_0.3_0.2_0.1_0_0_0_0_0_0	2N	27	0	SUM-159_NLS_2N_O1_A12_seed	SUM-159_NLS_2N_O1_A12	64	3.03266331658291	6.92773079244138e-05	-9.57739315236904	89	oxygen-deprived	2.78501740399644e-06
20.5_20.5_2_1_0.5_0.3_0.2_0.1_0_0_0_0_0_0	2N	27	0	SUM-159_NLS_2N_O1_A12_seed	SUM-159_NLS_2N_O1_A12	65	3.07286432160804	0.000114309750946406	-9.07659868068492	89	oxygen-deprived	4.59536687221717e-06
20.5_20.5_2_1_0.5_0.3_0.2_0.1_0_0_0_0_0_0	2N	27	0	SUM-159_NLS_2N_O1_A12_seed	SUM-159_NLS_2N_O1_A12	66	3.11306532663317	0.00021049051420079	-8.46606996903636	89	oxygen-deprived	8.46193021912694e-06
20.5_20.5_2_1_0.5_0.3_0.2_0.1_0_0_0_0_0_0	2N	27	0	SUM-159_NLS_2N_O1_A12_seed	SUM-159_NLS_2N_O1_A12	67	3.15326633165829	0.000750043690896381	-7.19537909860214	89	oxygen-deprived	3.01525101867881e-05
20.5_20.5_2_1_0.5_0.3_0.2_0.1_0_0_0_0_0_0	2N	27	0	SUM-159_NLS_2N_O1_A12_seed	SUM-159_NLS_2N_O1_A12	68	3.19346733668342	0.0017080300260575	-6.37241460411132	89	oxygen-deprived	6.86645236606006e-05
20.5_20.5_2_1_0.5_0.3_0.2_0.1_0_0_0_0_0_0	2N	27	0	SUM-159_NLS_2N_O1_A12_seed	SUM-159_NLS_2N_O1_A12	69	3.23366834170854	0.00316440648171583	-5.75578976649533	89	oxygen-deprived	0.000127212320872994
20.5_20.5_2_1_0.5_0.3_0.2_0.1_0_0_0_0_0_0	2N	27	0	SUM-159_NLS_2N_O1_A12_seed	SUM-159_NLS_2N_O1_A12	70	3.27386934673367	0.00588667511396071	-5.1350639374878	89	oxygen-deprived	0.000236650255837608
20.5_20.5_2_1_0.5_0.3_0.2_0.1_0_0_0_0_0_0	2N	27	0	SUM-159_NLS_2N_O1_A12_seed	SUM-159_NLS_2N_O1_A12	71	3.31407035175879	0.0094679417183851	-4.65984374299097	89	oxygen-deprived	0.000380620772598383
20.5_20.5_2_1_0.5_0.3_0.2_0.1_0_0_0_0_0_0	2N	27	0	SUM-159_NLS_2N_O1_A12_seed	SUM-159_NLS_2N_O1_A12	72	3.35427135678392	0.0151815226636574	-4.18767620482128	89	oxygen-deprived	0.000610312468890728
20.5_20.5_2_1_0.5_0.3_0.2_0.1_0_0_0_0_0_0	2N	27	0	SUM-159_NLS_2N_O1_A12_seed	SUM-159_NLS_2N_O1_A12	73	3.39447236180905	0.023570582047317	-3.74775586792589	89	oxygen-deprived	0.000947561087329294
20.5_20.5_2_1_0.5_0.3_0.2_0.1_0_0_0_0_0_0	2N	27	0	SUM-159_NLS_2N_O1_A12_seed	SUM-159_NLS_2N_O1_A12	74	3.43467336683417	0.0337276339936982	-3.38943777782699	89	oxygen-deprived	0.00135588478366621
20.5_20.5_2_1_0.5_0.3_0.2_0.1_0_0_0_0_0_0	2N	27	0	SUM-159_NLS_2N_O1_A12_seed	SUM-159_NLS_2N_O1_A12	75	3.4748743718593	0.0510095984361963	-2.97574145933478	89	oxygen-deprived	0.0020506371230631
20.5_20.5_2_1_0.5_0.3_0.2_0.1_0_0_0_0_0_0	2N	27	0	SUM-159_NLS_2N_O1_A12_seed	SUM-159_NLS_2N_O1_A12	76	3.51507537688442	0.0746346420111422	-2.59515050943631	89	oxygen-deprived	0.00300038761853828
20.5_20.5_2_1_0.5_0.3_0.2_0.1_0_0_0_0_0_0	2N	27	0	SUM-159_NLS_2N_O1_A12_seed	SUM-159_NLS_2N_O1_A12	77	3.55527638190955	0.10699220338441	-2.23499931274132	89	oxygen-deprived	0.00430119410590578
20.5_20.5_2_1_0.5_0.3_0.2_0.1_0_0_0_0_0_0	2N	27	0	SUM-159_NLS_2N_O1_A12_seed	SUM-159_NLS_2N_O1_A12	78	3.59547738693467	0.146549377146086	-1.92039286194627	89	oxygen-deprived	0.00589143224707863
20.5_20.5_2_1_0.5_0.3_0.2_0.1_0_0_0_0_0_0	2N	27	0	SUM-159_NLS_2N_O1_A12_seed	SUM-159_NLS_2N_O1_A12	79	3.6356783919598	0.195607434525381	-1.63164551328277	89	oxygen-deprived	0.0078636154583065
20.5_20.5_2_1_0.5_0.3_0.2_0.1_0_0_0_0_0_0	2N	27	0	SUM-159_NLS_2N_O1_A12_seed	SUM-159_NLS_2N_O1_A12	80	3.67587939698492	0.259078209148538	-1.35062529704063	89	oxygen-deprived	0.0104152043878806
20.5_20.5_2_1_0.5_0.3_0.2_0.1_0_0_0_0_0_0	2N	27	0	SUM-159_NLS_2N_O1_A12_seed	SUM-159_NLS_2N_O1_A12	81	3.71608040201005	0.319771227231893	-1.14014945376222	89	oxygen-deprived	0.0128551247128395
20.5_20.5_2_1_0.5_0.3_0.2_0.1_0_0_0_0_0_0	2N	27	0	SUM-159_NLS_2N_O1_A12_seed	SUM-159_NLS_2N_O1_A12	82	3.75628140703518	0.376554589802323	-0.976692249417779	89	oxygen-deprived	0.0151378729568768
20.5_20.5_2_1_0.5_0.3_0.2_0.1_0_0_0_0_0_0	2N	27	0	SUM-159_NLS_2N_O1_A12_seed	SUM-159_NLS_2N_O1_A12	83	3.7964824120603	0.425713444138089	-0.853988825396791	89	oxygen-deprived	0.0171141083070583
20.5_20.5_2_1_0.5_0.3_0.2_0.1_0_0_0_0_0_0	2N	27	0	SUM-159_NLS_2N_O1_A12_seed	SUM-159_NLS_2N_O1_A12	84	3.83668341708543	0.474248335231613	-0.746024180491333	89	oxygen-deprived	0.0190652597078029
20.5_20.5_2_1_0.5_0.3_0.2_0.1_0_0_0_0_0_0	2N	27	0	SUM-159_NLS_2N_O1_A12_seed	SUM-159_NLS_2N_O1_A12	85	3.87688442211055	0.484724238790228	-0.724175129561417	89	oxygen-deprived	0.0194864015594055
20.5_20.5_2_1_0.5_0.3_0.2_0.1_0_0_0_0_0_0	2N	27	0	SUM-159_NLS_2N_O1_A12_seed	SUM-159_NLS_2N_O1_A12	86	3.91708542713568	0.484299996572871	-0.725050736649413	89	oxygen-deprived	0.0194693465958936
20.5_20.5_2_1_0.5_0.3_0.2_0.1_0_0_0_0_0_0	2N	27	0	SUM-159_NLS_2N_O1_A12_seed	SUM-159_NLS_2N_O1_A12	87	3.9572864321608	0.460765081847197	-0.774866949713022	89	oxygen-deprived	0.0185232193707409
20.5_20.5_2_1_0.5_0.3_0.2_0.1_0_0_0_0_0_0	2N	27	0	SUM-159_NLS_2N_O1_A12_seed	SUM-159_NLS_2N_O1_A12	88	3.99748743718593	0.392756668906239	-0.93456502196195	89	oxygen-deprived	0.0157892128203508
20.5_20.5_2_1_0.5_0.3_0.2_0.1_0_0_0_0_0_0	2N	27	0	SUM-159_NLS_2N_O1_A12_seed	SUM-159_NLS_2N_O1_A12	89	4.03768844221106	0.315601238430738	-1.15327576596635	89	oxygen-deprived	0.0126874869720895
20.5_20.5_2_1_0.5_0.3_0.2_0.1_0_0_0_0_0_0	2N	27	0	SUM-159_NLS_2N_O1_A12_seed	SUM-159_NLS_2N_O1_A12	90	4.07788944723618	0.271989632318482	-1.30199132988876	89	oxygen-deprived	0.010934256575617
20.5_20.5_2_1_0.5_0.3_0.2_0.1_0_0_0_0_0_0	2N	27	0	SUM-159_NLS_2N_O1_A12_seed	SUM-159_NLS_2N_O1_A12	91	4.11809045226131	0.231922293948236	-1.46135290329901	89	oxygen-deprived	0.00932350930445137
20.5_20.5_2_1_0.5_0.3_0.2_0.1_0_0_0_0_0_0	2N	27	0	SUM-159_NLS_2N_O1_A12_seed	SUM-159_NLS_2N_O1_A12	92	4.15829145728643	0.187884374811785	-1.67192853295613	89	oxygen-deprived	0.00755314069595089
20.5_20.5_2_1_0.5_0.3_0.2_0.1_0_0_0_0_0_0	2N	27	0	SUM-159_NLS_2N_O1_A12_seed	SUM-159_NLS_2N_O1_A12	93	4.19849246231156	0.148757793027018	-1.90543584583111	89	oxygen-deprived	0.00598021278500554
20.5_20.5_2_1_0.5_0.3_0.2_0.1_0_0_0_0_0_0	2N	27	0	SUM-159_NLS_2N_O1_A12_seed	SUM-159_NLS_2N_O1_A12	94	4.23869346733668	0.116769823181364	-2.14755060514278	89	oxygen-deprived	0.00469426424849688
20.5_20.5_2_1_0.5_0.3_0.2_0.1_0_0_0_0_0_0	2N	27	0	SUM-159_NLS_2N_O1_A12_seed	SUM-159_NLS_2N_O1_A12	95	4.27889447236181	0.0882150746749323	-2.42797741589187	89	oxygen-deprived	0.00354633466029866
20.5_20.5_2_1_0.5_0.3_0.2_0.1_0_0_0_0_0_0	2N	27	0	SUM-159_NLS_2N_O1_A12_seed	SUM-159_NLS_2N_O1_A12	96	4.31909547738693	0.0672588738897735	-2.69920631545404	89	oxygen-deprived	0.00270387432722698
20.5_20.5_2_1_0.5_0.3_0.2_0.1_0_0_0_0_0_0	2N	27	0	SUM-159_NLS_2N_O1_A12_seed	SUM-159_NLS_2N_O1_A12	97	4.35929648241206	0.0483051678183795	-3.03021672987773	89	oxygen-deprived	0.00194191629420614
20.5_20.5_2_1_0.5_0.3_0.2_0.1_0_0_0_0_0_0	2N	27	0	SUM-159_NLS_2N_O1_A12_seed	SUM-159_NLS_2N_O1_A12	98	4.39949748743719	0.0341037218324402	-3.37834875600217	89	oxygen-deprived	0.00137100389276137
20.5_20.5_2_1_0.5_0.3_0.2_0.1_0_0_0_0_0_0	2N	27	0	SUM-159_NLS_2N_O1_A12_seed	SUM-159_NLS_2N_O1_A12	99	4.43969849246231	0.0263175539001212	-3.63751911376941	89	oxygen-deprived	0.00105799211658775
20.5_20.5_2_1_0.5_0.3_0.2_0.1_0_0_0_0_0_0	2N	27	0	SUM-159_NLS_2N_O1_A12_seed	SUM-159_NLS_2N_O1_A12	100	4.47989949748744	0.0182723526246595	-4.00236614705971	89	oxygen-deprived	0.000734566939684778
20.5_20.5_2_1_0.5_0.3_0.2_0.1_0_0_0_0_0_0	2N	27	0	SUM-159_NLS_2N_O1_A12_seed	SUM-159_NLS_2N_O1_A12	101	4.52010050251256	0.0131803489295523	-4.32902827608884	89	oxygen-deprived	0.000529863273549823
20.5_20.5_2_1_0.5_0.3_0.2_0.1_0_0_0_0_0_0	2N	27	0	SUM-159_NLS_2N_O1_A12_seed	SUM-159_NLS_2N_O1_A12	102	4.56030150753769	0.00876463642219254	-4.73703024210904	89	oxygen-deprived	0.000352347192851949
20.5_20.5_2_1_0.5_0.3_0.2_0.1_0_0_0_0_0_0	2N	27	0	SUM-159_NLS_2N_O1_A12_seed	SUM-159_NLS_2N_O1_A12	103	4.60050251256281	0.00640473843383896	-5.05071718227545	89	oxygen-deprived	0.000257476921963366
20.5_20.5_2_1_0.5_0.3_0.2_0.1_0_0_0_0_0_0	2N	27	0	SUM-159_NLS_2N_O1_A12_seed	SUM-159_NLS_2N_O1_A12	104	4.64070351758794	0.00493570730657786	-5.31125929183215	89	oxygen-deprived	0.000198420394234279
20.5_20.5_2_1_0.5_0.3_0.2_0.1_0_0_0_0_0_0	2N	27	0	SUM-159_NLS_2N_O1_A12_seed	SUM-159_NLS_2N_O1_A12	105	4.68090452261307	0.00314052944293405	-5.76336388087607	89	oxygen-deprived	0.000126252439916942
20.5_20.5_2_1_0.5_0.3_0.2_0.1_0_0_0_0_0_0	2N	27	0	SUM-159_NLS_2N_O1_A12_seed	SUM-159_NLS_2N_O1_A12	106	4.72110552763819	0.0021846986878259	-6.12627736025222	89	oxygen-deprived	8.78270829276713e-05
20.5_20.5_2_1_0.5_0.3_0.2_0.1_0_0_0_0_0_0	2N	27	0	SUM-159_NLS_2N_O1_A12_seed	SUM-159_NLS_2N_O1_A12	107	4.76130653266332	0.00157118944658541	-6.4559223371729	89	oxygen-deprived	6.31633948376022e-05
20.5_20.5_2_1_0.5_0.3_0.2_0.1_0_0_0_0_0_0	2N	27	0	SUM-159_NLS_2N_O1_A12_seed	SUM-159_NLS_2N_O1_A12	108	4.80150753768844	0.000895449163107991	-7.01818510735692	89	oxygen-deprived	3.59979563058476e-05
20.5_20.5_2_1_0.5_0.3_0.2_0.1_0_0_0_0_0_0	2N	27	0	SUM-159_NLS_2N_O1_A12_seed	SUM-159_NLS_2N_O1_A12	109	4.84170854271357	0.000503741639423094	-7.59344704151983	89	oxygen-deprived	2.02509201778121e-05
20.5_20.5_2_1_0.5_0.3_0.2_0.1_0_0_0_0_0_0	2N	27	0	SUM-159_NLS_2N_O1_A12_seed	SUM-159_NLS_2N_O1_A12	110	4.88190954773869	0.000293104021325984	-8.13498299036207	89	oxygen-deprived	1.178307623421e-05
20.5_20.5_2_1_0.5_0.3_0.2_0.1_0_0_0_0_0_0	2N	27	0	SUM-159_NLS_2N_O1_A12_seed	SUM-159_NLS_2N_O1_A12	111	4.92211055276382	0.000175610560838137	-8.64724173712443	89	oxygen-deprived	7.05972103871883e-06
20.5_20.5_2_1_0.5_0.3_0.2_0.1_0_0_0_0_0_0	2N	27	0	SUM-159_NLS_2N_O1_A12_seed	SUM-159_NLS_2N_O1_A12	112	4.96231155778894	3.87328474600586e-05	-10.1588225463537	89	oxygen-deprived	1.55709939537919e-06
20.5_20.5_2_1_0.5_0.3_0.2_0.1_0_0_0_0_0_0	2N	27	0	SUM-159_NLS_2N_O1_A12_seed	SUM-159_NLS_2N_O1_A12	113	5.00251256281407	5.15400618256584e-06	-12.1757362461683	89	oxygen-deprived	2.07196228444851e-07
20.5_20.5_2_1_0.5_0.3_0.2_0.1_0_0_0_0_0_0	2N	27	0	SUM-159_NLS_2N_O1_A12_seed	SUM-159_NLS_2N_O1_A12	114	5.0427135678392	3.06074061699859e-05	-10.394268546592	89	oxygen-deprived	1.23044848924562e-06
20.5_20.5_2_1_0.5_0.3_0.2_0.1_0_0_0_0_0_0	2N	27	0	SUM-159_NLS_2N_O1_A12_seed	SUM-159_NLS_2N_O1_A12	115	5.08291457286432	5.85202230913639e-06	-12.0487232625894	89	oxygen-deprived	2.35257178256731e-07
20.5_20.5_2_1_0.5_0.3_0.2_0.1_0_0_0_0_0_0	2N	27	0	SUM-159_NLS_2N_O1_A12_seed	SUM-159_NLS_2N_O1_A12	116	5.12311557788945	2.93479728944745e-08	-17.3440423596853	89	oxygen-deprived	1.17981800580798e-09
20.5_20.5_2_1_0.5_0.3_0.2_0.1_0_0_0_0_0_0	2N	27	0	SUM-159_NLS_2N_O1_A12_seed	SUM-159_NLS_2N_O1_A12	117	5.16331658291457	9.99956180692343e-13	-27.6310649361963	89	oxygen-deprived	4.01992434449169e-14
20.5_20.5_2_1_0.5_0.3_0.2_0.1_0_0_0_0_0_0	2N	27	0	SUM-159_NLS_2N_O1_A12_seed	SUM-159_NLS_2N_O1_A12	118	5.2035175879397	9.99956180692343e-13	-27.6310649361963	89	oxygen-deprived	4.01992434449169e-14
20.5_20.5_2_1_0.5_0.3_0.2_0.1_0_0_0_0_0_0	2N	27	0	SUM-159_NLS_2N_O1_A12_seed	SUM-159_NLS_2N_O1_A12	119	5.24371859296482	9.99956180692343e-13	-27.6310649361963	89	oxygen-deprived	4.01992434449169e-14
20.5_20.5_2_1_0.5_0.3_0.2_0.1_0_0_0_0_0_0	2N	27	0	SUM-159_NLS_2N_O1_A12_seed	SUM-159_NLS_2N_O1_A12	120	5.28391959798995	9.99956180692343e-13	-27.6310649361963	89	oxygen-deprived	4.01992434449169e-14
20.5_20.5_2_1_0.5_0.3_0.2_0.1_0_0_0_0_0_0	2N	27	0	SUM-159_NLS_2N_O1_A12_seed	SUM-159_NLS_2N_O1_A12	121	5.32412060301508	9.99956180692343e-13	-27.6310649361963	89	oxygen-deprived	4.01992434449169e-14
20.5_20.5_2_1_0.5_0.3_0.2_0.1_0_0_0_0_0_0	2N	27	0	SUM-159_NLS_2N_O1_A12_seed	SUM-159_NLS_2N_O1_A12	122	5.3643216080402	9.99956180692343e-13	-27.6310649361963	89	oxygen-deprived	4.01992434449169e-14
20.5_20.5_2_1_0.5_0.3_0.2_0.1_0_0_0_0_0_0	2N	27	0	SUM-159_NLS_2N_O1_A12_seed	SUM-159_NLS_2N_O1_A12	123	5.40452261306533	9.99956180692343e-13	-27.6310649361963	89	oxygen-deprived	4.01992434449169e-14
20.5_20.5_2_1_0.5_0.3_0.2_0.1_0_0_0_0_0_0	2N	27	0	SUM-159_NLS_2N_O1_A12_seed	SUM-159_NLS_2N_O1_A12	124	5.44472361809045	9.99956180692343e-13	-27.6310649361963	89	oxygen-deprived	4.01992434449169e-14
20.5_20.5_2_1_0.5_0.3_0.2_0.1_0_0_0_0_0_0	2N	27	0	SUM-159_NLS_2N_O1_A12_seed	SUM-159_NLS_2N_O1_A12	125	5.48492462311558	9.99956180692343e-13	-27.6310649361963	89	oxygen-deprived	4.01992434449169e-14
20.5_20.5_2_1_0.5_0.3_0.2_0.1_0_0_0_0_0_0	2N	27	0	SUM-159_NLS_2N_O1_A12_seed	SUM-159_NLS_2N_O1_A12	126	5.5251256281407	9.99956180692343e-13	-27.6310649361963	89	oxygen-deprived	4.01992434449169e-14
20.5_20.5_2_1_0.5_0.3_0.2_0.1_0_0_0_0_0_0	2N	27	0	SUM-159_NLS_2N_O1_A12_seed	SUM-159_NLS_2N_O1_A12	127	5.56532663316583	9.99956180692343e-13	-27.6310649361963	89	oxygen-deprived	4.01992434449169e-14
20.5_20.5_2_1_0.5_0.3_0.2_0.1_0_0_0_0_0_0	2N	27	0	SUM-159_NLS_2N_O1_A12_seed	SUM-159_NLS_2N_O1_A12	128	5.60552763819095	9.99956180692343e-13	-27.6310649361963	89	oxygen-deprived	4.01992434449169e-14
20.5_20.5_2_1_0.5_0.3_0.2_0.1_0_0_0_0_0_0	2N	27	0	SUM-159_NLS_2N_O1_A12_seed	SUM-159_NLS_2N_O1_A12	129	5.64572864321608	9.99956180692343e-13	-27.6310649361963	89	oxygen-deprived	4.01992434449169e-14
20.5_20.5_2_1_0.5_0.3_0.2_0.1_0_0_0_0_0_0	2N	27	0	SUM-159_NLS_2N_O1_A12_seed	SUM-159_NLS_2N_O1_A12	130	5.68592964824121	9.99956180692343e-13	-27.6310649361963	89	oxygen-deprived	4.01992434449169e-14
20.5_20.5_2_1_0.5_0.3_0.2_0.1_0_0_0_0_0_0	2N	27	0	SUM-159_NLS_2N_O1_A12_seed	SUM-159_NLS_2N_O1_A12	131	5.72613065326633	9.99956180692343e-13	-27.6310649361963	89	oxygen-deprived	4.01992434449169e-14
20.5_20.5_2_1_0.5_0.3_0.2_0.1_0_0_0_0_0_0	2N	27	0	SUM-159_NLS_2N_O1_A12_seed	SUM-159_NLS_2N_O1_A12	132	5.76633165829146	9.99956180692343e-13	-27.6310649361963	89	oxygen-deprived	4.01992434449169e-14
20.5_20.5_2_1_0.5_0.3_0.2_0.1_0_0_0_0_0_0	2N	27	0	SUM-159_NLS_2N_O1_A12_seed	SUM-159_NLS_2N_O1_A12	133	5.80653266331658	9.99956180692343e-13	-27.6310649361963	89	oxygen-deprived	4.01992434449169e-14
20.5_20.5_2_1_0.5_0.3_0.2_0.1_0_0_0_0_0_0	2N	27	0	SUM-159_NLS_2N_O1_A12_seed	SUM-159_NLS_2N_O1_A12	134	5.84673366834171	9.99956180692343e-13	-27.6310649361963	89	oxygen-deprived	4.01992434449169e-14
20.5_20.5_2_1_0.5_0.3_0.2_0.1_0_0_0_0_0_0	2N	27	0	SUM-159_NLS_2N_O1_A12_seed	SUM-159_NLS_2N_O1_A12	135	5.88693467336683	9.99956180692343e-13	-27.6310649361963	89	oxygen-deprived	4.01992434449169e-14
20.5_20.5_2_1_0.5_0.3_0.2_0.1_0_0_0_0_0_0	2N	27	0	SUM-159_NLS_2N_O1_A12_seed	SUM-159_NLS_2N_O1_A12	136	5.92713567839196	9.99956180692343e-13	-27.6310649361963	89	oxygen-deprived	4.01992434449169e-14
20.5_20.5_2_1_0.5_0.3_0.2_0.1_0_0_0_0_0_0	2N	27	0	SUM-159_NLS_2N_O1_A12_seed	SUM-159_NLS_2N_O1_A12	137	5.96733668341709	9.99956180692343e-13	-27.6310649361963	89	oxygen-deprived	4.01992434449169e-14
20.5_20.5_2_1_0.5_0.3_0.2_0.1_0_0_0_0_0_0	2N	27	0	SUM-159_NLS_2N_O1_A12_seed	SUM-159_NLS_2N_O1_A12	138	6.00753768844221	9.99956180692343e-13	-27.6310649361963	89	oxygen-deprived	4.01992434449169e-14
20.5_20.5_2_1_0.5_0.3_0.2_0.1_0_0_0_0_0_0	2N	27	0	SUM-159_NLS_2N_O1_A12_seed	SUM-159_NLS_2N_O1_A12	139	6.04773869346734	9.99956180692343e-13	-27.6310649361963	89	oxygen-deprived	4.01992434449169e-14
20.5_20.5_2_1_0.5_0.3_0.2_0.1_0_0_0_0_0_0	2N	27	0	SUM-159_NLS_2N_O1_A12_seed	SUM-159_NLS_2N_O1_A12	140	6.08793969849246	9.99956180692343e-13	-27.6310649361963	89	oxygen-deprived	4.01992434449169e-14
20.5_20.5_2_1_0.5_0.3_0.2_0.1_0_0_0_0_0_0	2N	27	0	SUM-159_NLS_2N_O1_A12_seed	SUM-159_NLS_2N_O1_A12	141	6.12814070351759	9.99956180692343e-13	-27.6310649361963	89	oxygen-deprived	4.01992434449169e-14
20.5_20.5_2_1_0.5_0.3_0.2_0.1_0_0_0_0_0_0	2N	27	0	SUM-159_NLS_2N_O1_A12_seed	SUM-159_NLS_2N_O1_A12	142	6.16834170854271	9.99956180692343e-13	-27.6310649361963	89	oxygen-deprived	4.01992434449169e-14
20.5_20.5_2_1_0.5_0.3_0.2_0.1_0_0_0_0_0_0	2N	27	0	SUM-159_NLS_2N_O1_A12_seed	SUM-159_NLS_2N_O1_A12	143	6.20854271356784	9.99956180692343e-13	-27.6310649361963	89	oxygen-deprived	4.01992434449169e-14
20.5_20.5_2_1_0.5_0.3_0.2_0.1_0_0_0_0_0_0	2N	27	0	SUM-159_NLS_2N_O1_A12_seed	SUM-159_NLS_2N_O1_A12	144	6.24874371859296	9.99956180692343e-13	-27.6310649361963	89	oxygen-deprived	4.01992434449169e-14
20.5_20.5_2_1_0.5_0.3_0.2_0.1_0_0_0_0_0_0	2N	27	0	SUM-159_NLS_2N_O1_A12_seed	SUM-159_NLS_2N_O1_A12	145	6.28894472361809	9.99956180692343e-13	-27.6310649361963	89	oxygen-deprived	4.01992434449169e-14
20.5_20.5_2_1_0.5_0.3_0.2_0.1_0_0_0_0_0_0	2N	27	0	SUM-159_NLS_2N_O1_A12_seed	SUM-159_NLS_2N_O1_A12	146	6.32914572864322	9.99956180692343e-13	-27.6310649361963	89	oxygen-deprived	4.01992434449169e-14
20.5_20.5_2_1_0.5_0.3_0.2_0.1_0_0_0_0_0_0	2N	27	0	SUM-159_NLS_2N_O1_A12_seed	SUM-159_NLS_2N_O1_A12	147	6.36934673366834	9.99956180692343e-13	-27.6310649361963	89	oxygen-deprived	4.01992434449169e-14
20.5_20.5_2_1_0.5_0.3_0.2_0.1_0_0_0_0_0_0	2N	27	0	SUM-159_NLS_2N_O1_A12_seed	SUM-159_NLS_2N_O1_A12	148	6.40954773869347	9.99956180692343e-13	-27.6310649361963	89	oxygen-deprived	4.01992434449169e-14
20.5_20.5_2_1_0.5_0.3_0.2_0.1_0_0_0_0_0_0	2N	27	0	SUM-159_NLS_2N_O1_A12_seed	SUM-159_NLS_2N_O1_A12	149	6.44974874371859	9.99956180692343e-13	-27.6310649361963	89	oxygen-deprived	4.01992434449169e-14
20.5_20.5_2_1_0.5_0.3_0.2_0.1_0_0_0_0_0_0	2N	27	0	SUM-159_NLS_2N_O1_A12_seed	SUM-159_NLS_2N_O1_A12	150	6.48994974874372	9.99956180692343e-13	-27.6310649361963	89	oxygen-deprived	4.01992434449169e-14
20.5_20.5_2_1_0.5_0.3_0.2_0.1_0_0_0_0_0_0	2N	27	0	SUM-159_NLS_2N_O1_A12_seed	SUM-159_NLS_2N_O1_A12	151	6.53015075376884	9.99956180692343e-13	-27.6310649361963	89	oxygen-deprived	4.01992434449169e-14
20.5_20.5_2_1_0.5_0.3_0.2_0.1_0_0_0_0_0_0	2N	27	0	SUM-159_NLS_2N_O1_A12_seed	SUM-159_NLS_2N_O1_A12	152	6.57035175879397	9.99956180692343e-13	-27.6310649361963	89	oxygen-deprived	4.01992434449169e-14
20.5_20.5_2_1_0.5_0.3_0.2_0.1_0_0_0_0_0_0	2N	27	0	SUM-159_NLS_2N_O1_A12_seed	SUM-159_NLS_2N_O1_A12	153	6.6105527638191	9.99956180692343e-13	-27.6310649361963	89	oxygen-deprived	4.01992434449169e-14
20.5_20.5_2_1_0.5_0.3_0.2_0.1_0_0_0_0_0_0	2N	27	0	SUM-159_NLS_2N_O1_A12_seed	SUM-159_NLS_2N_O1_A12	154	6.65075376884422	9.99956180692343e-13	-27.6310649361963	89	oxygen-deprived	4.01992434449169e-14
20.5_20.5_2_1_0.5_0.3_0.2_0.1_0_0_0_0_0_0	2N	27	0	SUM-159_NLS_2N_O1_A12_seed	SUM-159_NLS_2N_O1_A12	155	6.69095477386935	9.99956180692343e-13	-27.6310649361963	89	oxygen-deprived	4.01992434449169e-14
20.5_20.5_2_1_0.5_0.3_0.2_0.1_0_0_0_0_0_0	2N	27	0	SUM-159_NLS_2N_O1_A12_seed	SUM-159_NLS_2N_O1_A12	156	6.73115577889447	9.99956180692343e-13	-27.6310649361963	89	oxygen-deprived	4.01992434449169e-14
20.5_20.5_2_1_0.5_0.3_0.2_0.1_0_0_0_0_0_0	2N	27	0	SUM-159_NLS_2N_O1_A12_seed	SUM-159_NLS_2N_O1_A12	157	6.7713567839196	9.99956180692343e-13	-27.6310649361963	89	oxygen-deprived	4.01992434449169e-14
20.5_20.5_2_1_0.5_0.3_0.2_0.1_0_0_0_0_0_0	2N	27	0	SUM-159_NLS_2N_O1_A12_seed	SUM-159_NLS_2N_O1_A12	158	6.81155778894472	9.99956180692343e-13	-27.6310649361963	89	oxygen-deprived	4.01992434449169e-14
20.5_20.5_2_1_0.5_0.3_0.2_0.1_0_0_0_0_0_0	2N	27	0	SUM-159_NLS_2N_O1_A12_seed	SUM-159_NLS_2N_O1_A12	159	6.85175879396985	9.99956180692343e-13	-27.6310649361963	89	oxygen-deprived	4.01992434449169e-14
20.5_20.5_2_1_0.5_0.3_0.2_0.1_0_0_0_0_0_0	2N	27	0	SUM-159_NLS_2N_O1_A12_seed	SUM-159_NLS_2N_O1_A12	160	6.89195979899498	9.99956180692343e-13	-27.6310649361963	89	oxygen-deprived	4.01992434449169e-14
20.5_20.5_2_1_0.5_0.3_0.2_0.1_0_0_0_0_0_0	2N	27	0	SUM-159_NLS_2N_O1_A12_seed	SUM-159_NLS_2N_O1_A12	161	6.9321608040201	9.99956180692343e-13	-27.6310649361963	89	oxygen-deprived	4.01992434449169e-14
20.5_20.5_2_1_0.5_0.3_0.2_0.1_0_0_0_0_0_0	2N	27	0	SUM-159_NLS_2N_O1_A12_seed	SUM-159_NLS_2N_O1_A12	162	6.97236180904523	9.99956180692343e-13	-27.6310649361963	89	oxygen-deprived	4.01992434449169e-14
20.5_20.5_2_1_0.5_0.3_0.2_0.1_0_0_0_0_0_0	2N	27	0	SUM-159_NLS_2N_O1_A12_seed	SUM-159_NLS_2N_O1_A12	163	7.01256281407035	9.99956180692343e-13	-27.6310649361963	89	oxygen-deprived	4.01992434449169e-14
20.5_20.5_2_1_0.5_0.3_0.2_0.1_0_0_0_0_0_0	2N	27	0	SUM-159_NLS_2N_O1_A12_seed	SUM-159_NLS_2N_O1_A12	164	7.05276381909548	9.99956180692343e-13	-27.6310649361963	89	oxygen-deprived	4.01992434449169e-14
20.5_20.5_2_1_0.5_0.3_0.2_0.1_0_0_0_0_0_0	2N	27	0	SUM-159_NLS_2N_O1_A12_seed	SUM-159_NLS_2N_O1_A12	165	7.0929648241206	9.99956180692343e-13	-27.6310649361963	89	oxygen-deprived	4.01992434449169e-14
20.5_20.5_2_1_0.5_0.3_0.2_0.1_0_0_0_0_0_0	2N	27	0	SUM-159_NLS_2N_O1_A12_seed	SUM-159_NLS_2N_O1_A12	166	7.13316582914573	9.99956180692343e-13	-27.6310649361963	89	oxygen-deprived	4.01992434449169e-14
20.5_20.5_2_1_0.5_0.3_0.2_0.1_0_0_0_0_0_0	2N	27	0	SUM-159_NLS_2N_O1_A12_seed	SUM-159_NLS_2N_O1_A12	167	7.17336683417085	9.99956180692343e-13	-27.6310649361963	89	oxygen-deprived	4.01992434449169e-14
20.5_20.5_2_1_0.5_0.3_0.2_0.1_0_0_0_0_0_0	2N	27	0	SUM-159_NLS_2N_O1_A12_seed	SUM-159_NLS_2N_O1_A12	168	7.21356783919598	9.99956180692343e-13	-27.6310649361963	89	oxygen-deprived	4.01992434449169e-14
20.5_20.5_2_1_0.5_0.3_0.2_0.1_0_0_0_0_0_0	2N	27	0	SUM-159_NLS_2N_O1_A12_seed	SUM-159_NLS_2N_O1_A12	169	7.25376884422111	9.99956180692343e-13	-27.6310649361963	89	oxygen-deprived	4.01992434449169e-14
20.5_20.5_2_1_0.5_0.3_0.2_0.1_0_0_0_0_0_0	2N	27	0	SUM-159_NLS_2N_O1_A12_seed	SUM-159_NLS_2N_O1_A12	170	7.29396984924623	9.99956180692343e-13	-27.6310649361963	89	oxygen-deprived	4.01992434449169e-14
20.5_20.5_2_1_0.5_0.3_0.2_0.1_0_0_0_0_0_0	2N	27	0	SUM-159_NLS_2N_O1_A12_seed	SUM-159_NLS_2N_O1_A12	171	7.33417085427136	9.99956180692343e-13	-27.6310649361963	89	oxygen-deprived	4.01992434449169e-14
20.5_20.5_2_1_0.5_0.3_0.2_0.1_0_0_0_0_0_0	2N	27	0	SUM-159_NLS_2N_O1_A12_seed	SUM-159_NLS_2N_O1_A12	172	7.37437185929648	9.99956180692343e-13	-27.6310649361963	89	oxygen-deprived	4.01992434449169e-14
20.5_20.5_2_1_0.5_0.3_0.2_0.1_0_0_0_0_0_0	2N	27	0	SUM-159_NLS_2N_O1_A12_seed	SUM-159_NLS_2N_O1_A12	173	7.41457286432161	9.99956180692343e-13	-27.6310649361963	89	oxygen-deprived	4.01992434449169e-14
20.5_20.5_2_1_0.5_0.3_0.2_0.1_0_0_0_0_0_0	2N	27	0	SUM-159_NLS_2N_O1_A12_seed	SUM-159_NLS_2N_O1_A12	174	7.45477386934673	9.99956180692343e-13	-27.6310649361963	89	oxygen-deprived	4.01992434449169e-14
20.5_20.5_2_1_0.5_0.3_0.2_0.1_0_0_0_0_0_0	2N	27	0	SUM-159_NLS_2N_O1_A12_seed	SUM-159_NLS_2N_O1_A12	175	7.49497487437186	9.99956180692343e-13	-27.6310649361963	89	oxygen-deprived	4.01992434449169e-14
20.5_20.5_2_1_0.5_0.3_0.2_0.1_0_0_0_0_0_0	2N	27	0	SUM-159_NLS_2N_O1_A12_seed	SUM-159_NLS_2N_O1_A12	176	7.53517587939699	9.99956180692343e-13	-27.6310649361963	89	oxygen-deprived	4.01992434449169e-14
20.5_20.5_2_1_0.5_0.3_0.2_0.1_0_0_0_0_0_0	2N	27	0	SUM-159_NLS_2N_O1_A12_seed	SUM-159_NLS_2N_O1_A12	177	7.57537688442211	9.99956180692343e-13	-27.6310649361963	89	oxygen-deprived	4.01992434449169e-14
20.5_20.5_2_1_0.5_0.3_0.2_0.1_0_0_0_0_0_0	2N	27	0	SUM-159_NLS_2N_O1_A12_seed	SUM-159_NLS_2N_O1_A12	178	7.61557788944724	9.99956180692343e-13	-27.6310649361963	89	oxygen-deprived	4.01992434449169e-14
20.5_20.5_2_1_0.5_0.3_0.2_0.1_0_0_0_0_0_0	2N	27	0	SUM-159_NLS_2N_O1_A12_seed	SUM-159_NLS_2N_O1_A12	179	7.65577889447236	9.99956180692343e-13	-27.6310649361963	89	oxygen-deprived	4.01992434449169e-14
20.5_20.5_2_1_0.5_0.3_0.2_0.1_0_0_0_0_0_0	2N	27	0	SUM-159_NLS_2N_O1_A12_seed	SUM-159_NLS_2N_O1_A12	180	7.69597989949749	9.99956180692343e-13	-27.6310649361963	89	oxygen-deprived	4.01992434449169e-14
20.5_20.5_2_1_0.5_0.3_0.2_0.1_0_0_0_0_0_0	2N	27	0	SUM-159_NLS_2N_O1_A12_seed	SUM-159_NLS_2N_O1_A12	181	7.73618090452261	9.99956180692343e-13	-27.6310649361963	89	oxygen-deprived	4.01992434449169e-14
20.5_20.5_2_1_0.5_0.3_0.2_0.1_0_0_0_0_0_0	2N	27	0	SUM-159_NLS_2N_O1_A12_seed	SUM-159_NLS_2N_O1_A12	182	7.77638190954774	9.99956180692343e-13	-27.6310649361963	89	oxygen-deprived	4.01992434449169e-14
20.5_20.5_2_1_0.5_0.3_0.2_0.1_0_0_0_0_0_0	2N	27	0	SUM-159_NLS_2N_O1_A12_seed	SUM-159_NLS_2N_O1_A12	183	7.81658291457286	9.99956180692343e-13	-27.6310649361963	89	oxygen-deprived	4.01992434449169e-14
20.5_20.5_2_1_0.5_0.3_0.2_0.1_0_0_0_0_0_0	2N	27	0	SUM-159_NLS_2N_O1_A12_seed	SUM-159_NLS_2N_O1_A12	184	7.85678391959799	9.99956180692343e-13	-27.6310649361963	89	oxygen-deprived	4.01992434449169e-14
20.5_20.5_2_1_0.5_0.3_0.2_0.1_0_0_0_0_0_0	2N	27	0	SUM-159_NLS_2N_O1_A12_seed	SUM-159_NLS_2N_O1_A12	185	7.89698492462312	9.99956180692343e-13	-27.6310649361963	89	oxygen-deprived	4.01992434449169e-14
20.5_20.5_2_1_0.5_0.3_0.2_0.1_0_0_0_0_0_0	2N	27	0	SUM-159_NLS_2N_O1_A12_seed	SUM-159_NLS_2N_O1_A12	186	7.93718592964824	9.99956180692343e-13	-27.6310649361963	89	oxygen-deprived	4.01992434449169e-14
20.5_20.5_2_1_0.5_0.3_0.2_0.1_0_0_0_0_0_0	2N	27	0	SUM-159_NLS_2N_O1_A12_seed	SUM-159_NLS_2N_O1_A12	187	7.97738693467337	9.99956180692343e-13	-27.6310649361963	89	oxygen-deprived	4.01992434449169e-14
20.5_20.5_2_1_0.5_0.3_0.2_0.1_0_0_0_0_0_0	2N	27	0	SUM-159_NLS_2N_O1_A12_seed	SUM-159_NLS_2N_O1_A12	188	8.01758793969849	9.99956180692343e-13	-27.6310649361963	89	oxygen-deprived	4.01992434449169e-14
20.5_20.5_2_1_0.5_0.3_0.2_0.1_0_0_0_0_0_0	2N	27	0	SUM-159_NLS_2N_O1_A12_seed	SUM-159_NLS_2N_O1_A12	189	8.05778894472362	9.99956180692343e-13	-27.6310649361963	89	oxygen-deprived	4.01992434449169e-14
20.5_20.5_2_1_0.5_0.3_0.2_0.1_0_0_0_0_0_0	2N	27	0	SUM-159_NLS_2N_O1_A12_seed	SUM-159_NLS_2N_O1_A12	190	8.09798994974874	9.99956180692343e-13	-27.6310649361963	89	oxygen-deprived	4.01992434449169e-14
20.5_20.5_2_1_0.5_0.3_0.2_0.1_0_0_0_0_0_0	2N	27	0	SUM-159_NLS_2N_O1_A12_seed	SUM-159_NLS_2N_O1_A12	191	8.13819095477387	9.99956180692343e-13	-27.6310649361963	89	oxygen-deprived	4.01992434449169e-14
20.5_20.5_2_1_0.5_0.3_0.2_0.1_0_0_0_0_0_0	2N	27	0	SUM-159_NLS_2N_O1_A12_seed	SUM-159_NLS_2N_O1_A12	192	8.178391959799	9.99956180692343e-13	-27.6310649361963	89	oxygen-deprived	4.01992434449169e-14
20.5_20.5_2_1_0.5_0.3_0.2_0.1_0_0_0_0_0_0	2N	27	0	SUM-159_NLS_2N_O1_A12_seed	SUM-159_NLS_2N_O1_A12	193	8.21859296482412	9.99956180692343e-13	-27.6310649361963	89	oxygen-deprived	4.01992434449169e-14
20.5_20.5_2_1_0.5_0.3_0.2_0.1_0_0_0_0_0_0	2N	27	0	SUM-159_NLS_2N_O1_A12_seed	SUM-159_NLS_2N_O1_A12	194	8.25879396984925	9.99956180692343e-13	-27.6310649361963	89	oxygen-deprived	4.01992434449169e-14
20.5_20.5_2_1_0.5_0.3_0.2_0.1_0_0_0_0_0_0	2N	27	0	SUM-159_NLS_2N_O1_A12_seed	SUM-159_NLS_2N_O1_A12	195	8.29899497487437	9.99956180692343e-13	-27.6310649361963	89	oxygen-deprived	4.01992434449169e-14
20.5_20.5_2_1_0.5_0.3_0.2_0.1_0_0_0_0_0_0	2N	27	0	SUM-159_NLS_2N_O1_A12_seed	SUM-159_NLS_2N_O1_A12	196	8.3391959798995	9.99956180692343e-13	-27.6310649361963	89	oxygen-deprived	4.01992434449169e-14
20.5_20.5_2_1_0.5_0.3_0.2_0.1_0_0_0_0_0_0	2N	27	0	SUM-159_NLS_2N_O1_A12_seed	SUM-159_NLS_2N_O1_A12	197	8.37939698492462	9.99956180692343e-13	-27.6310649361963	89	oxygen-deprived	4.01992434449169e-14
20.5_20.5_2_1_0.5_0.3_0.2_0.1_0_0_0_0_0_0	2N	27	0	SUM-159_NLS_2N_O1_A12_seed	SUM-159_NLS_2N_O1_A12	198	8.41959798994975	9.99956180692343e-13	-27.6310649361963	89	oxygen-deprived	4.01992434449169e-14
20.5_20.5_2_1_0.5_0.3_0.2_0.1_0_0_0_0_0_0	2N	27	0	SUM-159_NLS_2N_O1_A12_seed	SUM-159_NLS_2N_O1_A12	199	8.45979899497488	9.99956180692343e-13	-27.6310649361963	89	oxygen-deprived	4.01992434449169e-14
20.5_20.5_2_1_0.5_0.3_0.2_0.1_0_0_0_0_0_0	2N	27	0	SUM-159_NLS_2N_O1_A12_seed	SUM-159_NLS_2N_O1_A12	200	8.5	9.99956180692343e-13	-27.6310649361963	89	oxygen-deprived	4.01992434449169e-14
20.5_20.5_2_1_0.5_0.3_0.2_0.1_0_0_0_0_0_0	2N	27	0	SUM-159_NLS_2N_O2_A12_seed	SUM-159_NLS_2N_O2_A12	1	0.5	9.9999836830888e-13	-27.631022747621	89	oxygen-deprived	4.02009394295013e-14
20.5_20.5_2_1_0.5_0.3_0.2_0.1_0_0_0_0_0_0	2N	27	0	SUM-159_NLS_2N_O2_A12_seed	SUM-159_NLS_2N_O2_A12	2	0.540201005025126	9.9999836830888e-13	-27.631022747621	89	oxygen-deprived	4.02009394295013e-14
20.5_20.5_2_1_0.5_0.3_0.2_0.1_0_0_0_0_0_0	2N	27	0	SUM-159_NLS_2N_O2_A12_seed	SUM-159_NLS_2N_O2_A12	3	0.580402010050251	9.9999836830888e-13	-27.631022747621	89	oxygen-deprived	4.02009394295013e-14
20.5_20.5_2_1_0.5_0.3_0.2_0.1_0_0_0_0_0_0	2N	27	0	SUM-159_NLS_2N_O2_A12_seed	SUM-159_NLS_2N_O2_A12	4	0.620603015075377	9.9999836830888e-13	-27.631022747621	89	oxygen-deprived	4.02009394295013e-14
20.5_20.5_2_1_0.5_0.3_0.2_0.1_0_0_0_0_0_0	2N	27	0	SUM-159_NLS_2N_O2_A12_seed	SUM-159_NLS_2N_O2_A12	5	0.660804020100503	9.9999836830888e-13	-27.631022747621	89	oxygen-deprived	4.02009394295013e-14
20.5_20.5_2_1_0.5_0.3_0.2_0.1_0_0_0_0_0_0	2N	27	0	SUM-159_NLS_2N_O2_A12_seed	SUM-159_NLS_2N_O2_A12	6	0.701005025125628	9.9999836830888e-13	-27.631022747621	89	oxygen-deprived	4.02009394295013e-14
20.5_20.5_2_1_0.5_0.3_0.2_0.1_0_0_0_0_0_0	2N	27	0	SUM-159_NLS_2N_O2_A12_seed	SUM-159_NLS_2N_O2_A12	7	0.741206030150754	9.9999836830888e-13	-27.631022747621	89	oxygen-deprived	4.02009394295013e-14
20.5_20.5_2_1_0.5_0.3_0.2_0.1_0_0_0_0_0_0	2N	27	0	SUM-159_NLS_2N_O2_A12_seed	SUM-159_NLS_2N_O2_A12	8	0.781407035175879	9.9999836830888e-13	-27.631022747621	89	oxygen-deprived	4.02009394295013e-14
20.5_20.5_2_1_0.5_0.3_0.2_0.1_0_0_0_0_0_0	2N	27	0	SUM-159_NLS_2N_O2_A12_seed	SUM-159_NLS_2N_O2_A12	9	0.821608040201005	1.25740964054788e-11	-25.0993822589477	89	oxygen-deprived	5.05491312783049e-13
20.5_20.5_2_1_0.5_0.3_0.2_0.1_0_0_0_0_0_0	2N	27	0	SUM-159_NLS_2N_O2_A12_seed	SUM-159_NLS_2N_O2_A12	10	0.861809045226131	4.23119950522561e-10	-21.5833654061056	89	oxygen-deprived	1.70098472571878e-11
20.5_20.5_2_1_0.5_0.3_0.2_0.1_0_0_0_0_0_0	2N	27	0	SUM-159_NLS_2N_O2_A12_seed	SUM-159_NLS_2N_O2_A12	11	0.902010050251256	7.35635199700732e-09	-18.7277016796625	89	oxygen-deprived	2.95732743598274e-10
20.5_20.5_2_1_0.5_0.3_0.2_0.1_0_0_0_0_0_0	2N	27	0	SUM-159_NLS_2N_O2_A12_seed	SUM-159_NLS_2N_O2_A12	12	0.942211055276382	9.13134573203001e-08	-16.2089676634899	89	oxygen-deprived	3.67089275659485e-09
20.5_20.5_2_1_0.5_0.3_0.2_0.1_0_0_0_0_0_0	2N	27	0	SUM-159_NLS_2N_O2_A12_seed	SUM-159_NLS_2N_O2_A12	13	0.982412060301508	7.62574219624076e-07	-14.0865659959899	89	oxygen-deprived	3.06562500351376e-08
20.5_20.5_2_1_0.5_0.3_0.2_0.1_0_0_0_0_0_0	2N	27	0	SUM-159_NLS_2N_O2_A12_seed	SUM-159_NLS_2N_O2_A12	14	1.02261306532663	4.09922357752374e-06	-12.4047129735227	89	oxygen-deprived	1.64792907639139e-07
20.5_20.5_2_1_0.5_0.3_0.2_0.1_0_0_0_0_0_0	2N	27	0	SUM-159_NLS_2N_O2_A12_seed	SUM-159_NLS_2N_O2_A12	15	1.06281407035176	1.68276644112861e-05	-10.9924863347164	89	oxygen-deprived	6.76489021559216e-07
20.5_20.5_2_1_0.5_0.3_0.2_0.1_0_0_0_0_0_0	2N	27	0	SUM-159_NLS_2N_O2_A12_seed	SUM-159_NLS_2N_O2_A12	16	1.10301507537688	4.99317082571261e-05	-9.90485432099623	89	oxygen-deprived	2.00730485455776e-06
20.5_20.5_2_1_0.5_0.3_0.2_0.1_0_0_0_0_0_0	2N	27	0	SUM-159_NLS_2N_O2_A12_seed	SUM-159_NLS_2N_O2_A12	17	1.14321608040201	0.00012681539376284	-8.97277812141462	89	oxygen-deprived	5.09810628192303e-06
20.5_20.5_2_1_0.5_0.3_0.2_0.1_0_0_0_0_0_0	2N	27	0	SUM-159_NLS_2N_O2_A12_seed	SUM-159_NLS_2N_O2_A12	18	1.18341708542714	0.000300547046796892	-8.10990625452341	89	oxygen-deprived	1.20822933385681e-05
20.5_20.5_2_1_0.5_0.3_0.2_0.1_0_0_0_0_0_0	2N	27	0	SUM-159_NLS_2N_O2_A12_seed	SUM-159_NLS_2N_O2_A12	19	1.22361809045226	0.000712316922917229	-7.24698762913046	89	oxygen-deprived	2.86358561976765e-05
20.5_20.5_2_1_0.5_0.3_0.2_0.1_0_0_0_0_0_0	2N	27	0	SUM-159_NLS_2N_O2_A12_seed	SUM-159_NLS_2N_O2_A12	20	1.26381909547739	0.001706663735108	-6.37321484631046	89	oxygen-deprived	6.86095973912739e-05
20.5_20.5_2_1_0.5_0.3_0.2_0.1_0_0_0_0_0_0	2N	27	0	SUM-159_NLS_2N_O2_A12_seed	SUM-159_NLS_2N_O2_A12	21	1.30402010050251	0.0038583512515937	-5.55751532364717	89	oxygen-deprived	0.000155109598054013
20.5_20.5_2_1_0.5_0.3_0.2_0.1_0_0_0_0_0_0	2N	27	0	SUM-159_NLS_2N_O2_A12_seed	SUM-159_NLS_2N_O2_A12	22	1.34422110552764	0.00834996867894273	-4.78549749115123	89	oxygen-deprived	0.000335677132821806
20.5_20.5_2_1_0.5_0.3_0.2_0.1_0_0_0_0_0_0	2N	27	0	SUM-159_NLS_2N_O2_A12_seed	SUM-159_NLS_2N_O2_A12	23	1.38442211055276	0.0166812722006817	-4.09346861393594	89	oxygen-deprived	0.000670603907565069
20.5_20.5_2_1_0.5_0.3_0.2_0.1_0_0_0_0_0_0	2N	27	0	SUM-159_NLS_2N_O2_A12_seed	SUM-159_NLS_2N_O2_A12	24	1.42462311557789	0.0316636437752938	-3.45258614033384	89	oxygen-deprived	0.00127291030252433
20.5_20.5_2_1_0.5_0.3_0.2_0.1_0_0_0_0_0_0	2N	27	0	SUM-159_NLS_2N_O2_A12_seed	SUM-159_NLS_2N_O2_A12	25	1.46482412060302	0.0572639735210986	-2.86008358735906	89	oxygen-deprived	0.00230206928728026
20.5_20.5_2_1_0.5_0.3_0.2_0.1_0_0_0_0_0_0	2N	27	0	SUM-159_NLS_2N_O2_A12_seed	SUM-159_NLS_2N_O2_A12	26	1.50502512562814	0.0985114115806357	-2.31758288390409	89	oxygen-deprived	0.00396025775198521
20.5_20.5_2_1_0.5_0.3_0.2_0.1_0_0_0_0_0_0	2N	27	0	SUM-159_NLS_2N_O2_A12_seed	SUM-159_NLS_2N_O2_A12	27	1.54522613065327	0.162116350951694	-1.81944098579206	89	oxygen-deprived	0.00651724023926385
20.5_20.5_2_1_0.5_0.3_0.2_0.1_0_0_0_0_0_0	2N	27	0	SUM-159_NLS_2N_O2_A12_seed	SUM-159_NLS_2N_O2_A12	28	1.58542713567839	0.251279251998317	-1.38119040052187	89	oxygen-deprived	0.0101016784722938
20.5_20.5_2_1_0.5_0.3_0.2_0.1_0_0_0_0_0_0	2N	27	0	SUM-159_NLS_2N_O2_A12_seed	SUM-159_NLS_2N_O2_A12	29	1.62562814070352	0.369473663782507	-0.995675816418234	89	oxygen-deprived	0.0148532126143716
20.5_20.5_2_1_0.5_0.3_0.2_0.1_0_0_0_0_0_0	2N	27	0	SUM-159_NLS_2N_O2_A12_seed	SUM-159_NLS_2N_O2_A12	30	1.66582914572864	0.514241520010208	-0.665062240599212	89	oxygen-deprived	0.0206730259300579
20.5_20.5_2_1_0.5_0.3_0.2_0.1_0_0_0_0_0_0	2N	27	0	SUM-159_NLS_2N_O2_A12_seed	SUM-159_NLS_2N_O2_A12	31	1.70603015075377	0.6813717848527	-0.383647182225299	89	oxygen-deprived	0.0273918305468412
20.5_20.5_2_1_0.5_0.3_0.2_0.1_0_0_0_0_0_0	2N	27	0	SUM-159_NLS_2N_O2_A12_seed	SUM-159_NLS_2N_O2_A12	32	1.74623115577889	0.86097738579546	-0.149687039945262	89	oxygen-deprived	0.0346121562128816
20.5_20.5_2_1_0.5_0.3_0.2_0.1_0_0_0_0_0_0	2N	27	0	SUM-159_NLS_2N_O2_A12_seed	SUM-159_NLS_2N_O2_A12	33	1.78643216080402	1.0373382372689	0.0366580450811707	89	oxygen-deprived	0.0417020396892005
20.5_20.5_2_1_0.5_0.3_0.2_0.1_0_0_0_0_0_0	2N	27	0	SUM-159_NLS_2N_O2_A12_seed	SUM-159_NLS_2N_O2_A12	34	1.82663316582915	1.18978278250574	0.173770754752303	89	oxygen-deprived	0.0478304636183195
20.5_20.5_2_1_0.5_0.3_0.2_0.1_0_0_0_0_0_0	2N	27	0	SUM-159_NLS_2N_O2_A12_seed	SUM-159_NLS_2N_O2_A12	35	1.86683417085427	1.30119305372525	0.263281577242262	89	oxygen-deprived	0.0523092684914655
20.5_20.5_2_1_0.5_0.3_0.2_0.1_0_0_0_0_0_0	2N	27	0	SUM-159_NLS_2N_O2_A12_seed	SUM-159_NLS_2N_O2_A12	36	1.9070351758794	1.35504429260135	0.30383414206409	89	oxygen-deprived	0.0544741424161327
20.5_20.5_2_1_0.5_0.3_0.2_0.1_0_0_0_0_0_0	2N	27	0	SUM-159_NLS_2N_O2_A12_seed	SUM-159_NLS_2N_O2_A12	37	1.94723618090452	1.34683527631039	0.297757600648414	89	oxygen-deprived	0.0541441317109685
20.5_20.5_2_1_0.5_0.3_0.2_0.1_0_0_0_0_0_0	2N	27	0	SUM-159_NLS_2N_O2_A12_seed	SUM-159_NLS_2N_O2_A12	38	1.98743718592965	1.27870027616796	0.245844152810532	89	oxygen-deprived	0.0514050362278558
20.5_20.5_2_1_0.5_0.3_0.2_0.1_0_0_0_0_0_0	2N	27	0	SUM-159_NLS_2N_O2_A12_seed	SUM-159_NLS_2N_O2_A12	39	2.02763819095477	1.1587042877808	0.147302387523912	89	oxygen-deprived	0.0465810768957089
20.5_20.5_2_1_0.5_0.3_0.2_0.1_0_0_0_0_0_0	2N	27	0	SUM-159_NLS_2N_O2_A12_seed	SUM-159_NLS_2N_O2_A12	40	2.0678391959799	1.00355226935826	0.0035459749513445	89	oxygen-deprived	0.0403438098234462
20.5_20.5_2_1_0.5_0.3_0.2_0.1_0_0_0_0_0_0	2N	27	0	SUM-159_NLS_2N_O2_A12_seed	SUM-159_NLS_2N_O2_A12	41	2.10804020100502	0.830062902548774	-0.18625379485978	89	oxygen-deprived	0.0333693629165324
20.5_20.5_2_1_0.5_0.3_0.2_0.1_0_0_0_0_0_0	2N	27	0	SUM-159_NLS_2N_O2_A12_seed	SUM-159_NLS_2N_O2_A12	42	2.14824120603015	0.656839937322665	-0.420314916781036	89	oxygen-deprived	0.0264056256210107
20.5_20.5_2_1_0.5_0.3_0.2_0.1_0_0_0_0_0_0	2N	27	0	SUM-159_NLS_2N_O2_A12_seed	SUM-159_NLS_2N_O2_A12	43	2.18844221105528	0.497597335485586	-0.697964092303044	89	oxygen-deprived	0.0200039129843444
20.5_20.5_2_1_0.5_0.3_0.2_0.1_0_0_0_0_0_0	2N	27	0	SUM-159_NLS_2N_O2_A12_seed	SUM-159_NLS_2N_O2_A12	44	2.2286432160804	0.361268523304472	-1.01813376528673	89	oxygen-deprived	0.0145233577207823
20.5_20.5_2_1_0.5_0.3_0.2_0.1_0_0_0_0_0_0	2N	27	0	SUM-159_NLS_2N_O2_A12_seed	SUM-159_NLS_2N_O2_A12	45	2.26884422110553	0.251813476788784	-1.37906663700594	89	oxygen-deprived	0.0101231548457799
20.5_20.5_2_1_0.5_0.3_0.2_0.1_0_0_0_0_0_0	2N	27	0	SUM-159_NLS_2N_O2_A12_seed	SUM-159_NLS_2N_O2_A12	46	2.30904522613065	0.169841858112873	-1.77288752127444	89	oxygen-deprived	0.00682781339147204
20.5_20.5_2_1_0.5_0.3_0.2_0.1_0_0_0_0_0_0	2N	27	0	SUM-159_NLS_2N_O2_A12_seed	SUM-159_NLS_2N_O2_A12	47	2.34924623115578	0.110241109814335	-2.20508540451116	89	oxygen-deprived	0.00443180340962135
20.5_20.5_2_1_0.5_0.3_0.2_0.1_0_0_0_0_0_0	2N	27	0	SUM-159_NLS_2N_O2_A12_seed	SUM-159_NLS_2N_O2_A12	48	2.3894472361809	0.0694277507436855	-2.66746862477102	89	oxygen-deprived	0.00279106535652997
20.5_20.5_2_1_0.5_0.3_0.2_0.1_0_0_0_0_0_0	2N	27	0	SUM-159_NLS_2N_O2_A12_seed	SUM-159_NLS_2N_O2_A12	49	2.42964824120603	0.0420473127240996	-3.16895980128545	89	oxygen-deprived	0.0016903442301145
20.5_20.5_2_1_0.5_0.3_0.2_0.1_0_0_0_0_0_0	2N	27	0	SUM-159_NLS_2N_O2_A12_seed	SUM-159_NLS_2N_O2_A12	50	2.46984924623116	0.0246331734368044	-3.70366123078058	89	oxygen-deprived	0.000990278329117729
20.5_20.5_2_1_0.5_0.3_0.2_0.1_0_0_0_0_0_0	2N	27	0	SUM-159_NLS_2N_O2_A12_seed	SUM-159_NLS_2N_O2_A12	51	2.51005025125628	0.014025678199904	-4.26686547224312	89	oxygen-deprived	0.000563846359795115
20.5_20.5_2_1_0.5_0.3_0.2_0.1_0_0_0_0_0_0	2N	27	0	SUM-159_NLS_2N_O2_A12_seed	SUM-159_NLS_2N_O2_A12	52	2.55025125628141	0.00769610417333354	-4.86704102967428	89	oxygen-deprived	0.000309391122546061
20.5_20.5_2_1_0.5_0.3_0.2_0.1_0_0_0_0_0_0	2N	27	0	SUM-159_NLS_2N_O2_A12_seed	SUM-159_NLS_2N_O2_A12	53	2.59045226130653	0.00417273921492457	-5.47918257275361	89	oxygen-deprived	0.000167748310147715
20.5_20.5_2_1_0.5_0.3_0.2_0.1_0_0_0_0_0_0	2N	27	0	SUM-159_NLS_2N_O2_A12_seed	SUM-159_NLS_2N_O2_A12	54	2.63065326633166	0.00219582284956815	-6.12119842818438	89	oxygen-deprived	8.82742854097717e-05
20.5_20.5_2_1_0.5_0.3_0.2_0.1_0_0_0_0_0_0	2N	27	0	SUM-159_NLS_2N_O2_A12_seed	SUM-159_NLS_2N_O2_A12	55	2.67085427135678	0.00113291538772617	-6.78296097957828	89	oxygen-deprived	4.55443371950203e-05
20.5_20.5_2_1_0.5_0.3_0.2_0.1_0_0_0_0_0_0	2N	27	0	SUM-159_NLS_2N_O2_A12_seed	SUM-159_NLS_2N_O2_A12	56	2.71105527638191	0.000558352560699588	-7.49051996589227	89	oxygen-deprived	2.24463340984751e-05
20.5_20.5_2_1_0.5_0.3_0.2_0.1_0_0_0_0_0_0	2N	27	0	SUM-159_NLS_2N_O2_A12_seed	SUM-159_NLS_2N_O2_A12	57	2.75125628140704	0.000268132119811385	-8.22403071455945	89	oxygen-deprived	1.07791806959347e-05
20.5_20.5_2_1_0.5_0.3_0.2_0.1_0_0_0_0_0_0	2N	27	0	SUM-159_NLS_2N_O2_A12_seed	SUM-159_NLS_2N_O2_A12	58	2.79145728643216	0.00014174032534277	-8.86151386923578	89	oxygen-deprived	5.69810353136743e-06
20.5_20.5_2_1_0.5_0.3_0.2_0.1_0_0_0_0_0_0	2N	27	0	SUM-159_NLS_2N_O2_A12_seed	SUM-159_NLS_2N_O2_A12	59	2.83165829145729	0.0001016931045763	-9.19355105881803	89	oxygen-deprived	4.08816500809231e-06
20.5_20.5_2_1_0.5_0.3_0.2_0.1_0_0_0_0_0_0	2N	27	0	SUM-159_NLS_2N_O2_A12_seed	SUM-159_NLS_2N_O2_A12	60	2.87185929648241	0.000123490973004078	-8.99934249765206	89	oxygen-deprived	4.96446122629441e-06
20.5_20.5_2_1_0.5_0.3_0.2_0.1_0_0_0_0_0_0	2N	27	0	SUM-159_NLS_2N_O2_A12_seed	SUM-159_NLS_2N_O2_A12	61	2.91206030150754	0.000199235775308029	-8.52102163401919	89	oxygen-deprived	8.00947840434259e-06
20.5_20.5_2_1_0.5_0.3_0.2_0.1_0_0_0_0_0_0	2N	27	0	SUM-159_NLS_2N_O2_A12_seed	SUM-159_NLS_2N_O2_A12	62	2.95226130653266	0.000353906900122983	-7.94647667342236	89	oxygen-deprived	1.42274130702702e-05
20.5_20.5_2_1_0.5_0.3_0.2_0.1_0_0_0_0_0_0	2N	27	0	SUM-159_NLS_2N_O2_A12_seed	SUM-159_NLS_2N_O2_A12	63	2.99246231155779	0.000660440147506809	-7.3226040550544	89	oxygen-deprived	2.6550357688715e-05
20.5_20.5_2_1_0.5_0.3_0.2_0.1_0_0_0_0_0_0	2N	27	0	SUM-159_NLS_2N_O2_A12_seed	SUM-159_NLS_2N_O2_A12	64	3.03266331658291	0.00124515506654037	-6.6884952053833	89	oxygen-deprived	5.00564850870482e-05
20.5_20.5_2_1_0.5_0.3_0.2_0.1_0_0_0_0_0_0	2N	27	0	SUM-159_NLS_2N_O2_A12_seed	SUM-159_NLS_2N_O2_A12	65	3.07286432160804	0.0022928284390762	-6.07796909732275	89	oxygen-deprived	9.217400760105e-05
20.5_20.5_2_1_0.5_0.3_0.2_0.1_0_0_0_0_0_0	2N	27	0	SUM-159_NLS_2N_O2_A12_seed	SUM-159_NLS_2N_O2_A12	66	3.11306532663317	0.00398804166796185	-5.52445497860166	89	oxygen-deprived	0.000160323283134139
20.5_20.5_2_1_0.5_0.3_0.2_0.1_0_0_0_0_0_0	2N	27	0	SUM-159_NLS_2N_O2_A12_seed	SUM-159_NLS_2N_O2_A12	67	3.15326633165829	0.00667716032797389	-5.00906248241717	89	oxygen-deprived	0.000268428555898438
20.5_20.5_2_1_0.5_0.3_0.2_0.1_0_0_0_0_0_0	2N	27	0	SUM-159_NLS_2N_O2_A12_seed	SUM-159_NLS_2N_O2_A12	68	3.19346733668342	0.0107228807755122	-4.53537543038169	89	oxygen-deprived	0.000431070583940173
20.5_20.5_2_1_0.5_0.3_0.2_0.1_0_0_0_0_0_0	2N	27	0	SUM-159_NLS_2N_O2_A12_seed	SUM-159_NLS_2N_O2_A12	69	3.23366834170854	0.0167833266750974	-4.08736934520289	89	oxygen-deprived	0.000674706600003891
20.5_20.5_2_1_0.5_0.3_0.2_0.1_0_0_0_0_0_0	2N	27	0	SUM-159_NLS_2N_O2_A12_seed	SUM-159_NLS_2N_O2_A12	70	3.27386934673367	0.0256547979217982	-3.66302467137627	89	oxygen-deprived	0.00103134866017275
20.5_20.5_2_1_0.5_0.3_0.2_0.1_0_0_0_0_0_0	2N	27	0	SUM-159_NLS_2N_O2_A12_seed	SUM-159_NLS_2N_O2_A12	71	3.31407035175879	0.0381021317136211	-3.26748504792591	89	oxygen-deprived	0.00153174398848723
20.5_20.5_2_1_0.5_0.3_0.2_0.1_0_0_0_0_0_0	2N	27	0	SUM-159_NLS_2N_O2_A12_seed	SUM-159_NLS_2N_O2_A12	72	3.35427135678392	0.0553572776756637	-2.89394714381567	89	oxygen-deprived	0.00222541819801655
20.5_20.5_2_1_0.5_0.3_0.2_0.1_0_0_0_0_0_0	2N	27	0	SUM-159_NLS_2N_O2_A12_seed	SUM-159_NLS_2N_O2_A12	73	3.39447236180905	0.0784790383353676	-2.54492371742692	89	oxygen-deprived	0.00315493621448703
20.5_20.5_2_1_0.5_0.3_0.2_0.1_0_0_0_0_0_0	2N	27	0	SUM-159_NLS_2N_O2_A12_seed	SUM-159_NLS_2N_O2_A12	74	3.43467336683417	0.109328712715224	-2.21339622191016	89	oxygen-deprived	0.00439512412925508
20.5_20.5_2_1_0.5_0.3_0.2_0.1_0_0_0_0_0_0	2N	27	0	SUM-159_NLS_2N_O2_A12_seed	SUM-159_NLS_2N_O2_A12	75	3.4748743718593	0.148465245914309	-1.90740438237675	89	oxygen-deprived	0.00596845209705743
20.5_20.5_2_1_0.5_0.3_0.2_0.1_0_0_0_0_0_0	2N	27	0	SUM-159_NLS_2N_O2_A12_seed	SUM-159_NLS_2N_O2_A12	76	3.51507537688442	0.196069153094804	-1.62928786006637	89	oxygen-deprived	0.00788217700883606
20.5_20.5_2_1_0.5_0.3_0.2_0.1_0_0_0_0_0_0	2N	27	0	SUM-159_NLS_2N_O2_A12_seed	SUM-159_NLS_2N_O2_A12	77	3.55527638190955	0.251854447664997	-1.37890394697025	89	oxygen-deprived	0.0101248019161804
20.5_20.5_2_1_0.5_0.3_0.2_0.1_0_0_0_0_0_0	2N	27	0	SUM-159_NLS_2N_O2_A12_seed	SUM-159_NLS_2N_O2_A12	78	3.59547738693467	0.314344614757946	-1.15726539565675	89	oxygen-deprived	0.0126369694375049
20.5_20.5_2_1_0.5_0.3_0.2_0.1_0_0_0_0_0_0	2N	27	0	SUM-159_NLS_2N_O2_A12_seed	SUM-159_NLS_2N_O2_A12	79	3.6356783919598	0.381506531583957	-0.963627307607442	89	oxygen-deprived	0.0153369459933244
20.5_20.5_2_1_0.5_0.3_0.2_0.1_0_0_0_0_0_0	2N	27	0	SUM-159_NLS_2N_O2_A12_seed	SUM-159_NLS_2N_O2_A12	80	3.67587939698492	0.449451451547165	-0.79972743636028	89	oxygen-deprived	0.0180684000621969
20.5_20.5_2_1_0.5_0.3_0.2_0.1_0_0_0_0_0_0	2N	27	0	SUM-159_NLS_2N_O2_A12_seed	SUM-159_NLS_2N_O2_A12	81	3.71608040201005	0.513283435711038	-0.666927080127421	89	oxygen-deprived	0.0206345099783324
20.5_20.5_2_1_0.5_0.3_0.2_0.1_0_0_0_0_0_0	2N	27	0	SUM-159_NLS_2N_O2_A12_seed	SUM-159_NLS_2N_O2_A12	82	3.75628140703518	0.567885365111922	-0.565835702615837	89	oxygen-deprived	0.0228295624165589
20.5_20.5_2_1_0.5_0.3_0.2_0.1_0_0_0_0_0_0	2N	27	0	SUM-159_NLS_2N_O2_A12_seed	SUM-159_NLS_2N_O2_A12	83	3.7964824120603	0.608681957547686	-0.496459384881498	89	oxygen-deprived	0.0244696264340769
20.5_20.5_2_1_0.5_0.3_0.2_0.1_0_0_0_0_0_0	2N	27	0	SUM-159_NLS_2N_O2_A12_seed	SUM-159_NLS_2N_O2_A12	84	3.83668341708543	0.630903460539578	-0.460602422536285	89	oxygen-deprived	0.0253629531875198
20.5_20.5_2_1_0.5_0.3_0.2_0.1_0_0_0_0_0_0	2N	27	0	SUM-159_NLS_2N_O2_A12_seed	SUM-159_NLS_2N_O2_A12	85	3.87688442211055	0.632118661477318	-0.458678146957053	89	oxygen-deprived	0.0254118054865244
20.5_20.5_2_1_0.5_0.3_0.2_0.1_0_0_0_0_0_0	2N	27	0	SUM-159_NLS_2N_O2_A12_seed	SUM-159_NLS_2N_O2_A12	86	3.91708542713568	0.609182141964019	-0.495637972304089	89	oxygen-deprived	0.0244897343503114
20.5_20.5_2_1_0.5_0.3_0.2_0.1_0_0_0_0_0_0	2N	27	0	SUM-159_NLS_2N_O2_A12_seed	SUM-159_NLS_2N_O2_A12	87	3.9572864321608	0.564457062718285	-0.571890960786142	89	oxygen-deprived	0.0226917412148046
20.5_20.5_2_1_0.5_0.3_0.2_0.1_0_0_0_0_0_0	2N	27	0	SUM-159_NLS_2N_O2_A12_seed	SUM-159_NLS_2N_O2_A12	88	3.99748743718593	0.502899572224952	-0.6873647864211	89	oxygen-deprived	0.0202170682301481
20.5_20.5_2_1_0.5_0.3_0.2_0.1_0_0_0_0_0_0	2N	27	0	SUM-159_NLS_2N_O2_A12_seed	SUM-159_NLS_2N_O2_A12	89	4.03768844221106	0.435446849740101	-0.831382534362378	89	oxygen-deprived	0.0175054009945763
20.5_20.5_2_1_0.5_0.3_0.2_0.1_0_0_0_0_0_0	2N	27	0	SUM-159_NLS_2N_O2_A12_seed	SUM-159_NLS_2N_O2_A12	90	4.07788944723618	0.37197530712045	-0.988927805620623	89	oxygen-deprived	0.0149537811907713
20.5_20.5_2_1_0.5_0.3_0.2_0.1_0_0_0_0_0_0	2N	27	0	SUM-159_NLS_2N_O2_A12_seed	SUM-159_NLS_2N_O2_A12	91	4.11809045226131	0.315997586030548	-1.15202070456824	89	oxygen-deprived	0.0127034205439412
20.5_20.5_2_1_0.5_0.3_0.2_0.1_0_0_0_0_0_0	2N	27	0	SUM-159_NLS_2N_O2_A12_seed	SUM-159_NLS_2N_O2_A12	92	4.15829145728643	0.265738447041095	-1.32524273573951	89	oxygen-deprived	0.0106829526448678
20.5_20.5_2_1_0.5_0.3_0.2_0.1_0_0_0_0_0_0	2N	27	0	SUM-159_NLS_2N_O2_A12_seed	SUM-159_NLS_2N_O2_A12	93	4.19849246231156	0.220242436099133	-1.51302635709775	89	oxygen-deprived	0.00885396728036684
20.5_20.5_2_1_0.5_0.3_0.2_0.1_0_0_0_0_0_0	2N	27	0	SUM-159_NLS_2N_O2_A12_seed	SUM-159_NLS_2N_O2_A12	94	4.23869346733668	0.17927612532413	-1.71882806214978	89	oxygen-deprived	0.00720708041504014
20.5_20.5_2_1_0.5_0.3_0.2_0.1_0_0_0_0_0_0	2N	27	0	SUM-159_NLS_2N_O2_A12_seed	SUM-159_NLS_2N_O2_A12	95	4.27889447236181	0.143118801831659	-1.94408021159104	89	oxygen-deprived	0.00575351967162428
20.5_20.5_2_1_0.5_0.3_0.2_0.1_0_0_0_0_0_0	2N	27	0	SUM-159_NLS_2N_O2_A12_seed	SUM-159_NLS_2N_O2_A12	96	4.31909547738693	0.111999277676412	-2.18926285702559	89	oxygen-deprived	0.00450248352467972
20.5_20.5_2_1_0.5_0.3_0.2_0.1_0_0_0_0_0_0	2N	27	0	SUM-159_NLS_2N_O2_A12_seed	SUM-159_NLS_2N_O2_A12	97	4.35929648241206	0.0860515958941927	-2.45280821036998	89	oxygen-deprived	0.0034593606389624
20.5_20.5_2_1_0.5_0.3_0.2_0.1_0_0_0_0_0_0	2N	27	0	SUM-159_NLS_2N_O2_A12_seed	SUM-159_NLS_2N_O2_A12	98	4.39949748743719	0.0656199608017946	-2.72387534880086	89	oxygen-deprived	0.0026379883739414
20.5_20.5_2_1_0.5_0.3_0.2_0.1_0_0_0_0_0_0	2N	27	0	SUM-159_NLS_2N_O2_A12_seed	SUM-159_NLS_2N_O2_A12	99	4.43969849246231	0.049657716953665	-3.00260147350575	89	oxygen-deprived	0.00199629012879048
20.5_20.5_2_1_0.5_0.3_0.2_0.1_0_0_0_0_0_0	2N	27	0	SUM-159_NLS_2N_O2_A12_seed	SUM-159_NLS_2N_O2_A12	100	4.47989949748744	0.037355056790059	-3.28728698727554	89	oxygen-deprived	0.00150171082573096
20.5_20.5_2_1_0.5_0.3_0.2_0.1_0_0_0_0_0_0	2N	27	0	SUM-159_NLS_2N_O2_A12_seed	SUM-159_NLS_2N_O2_A12	101	4.52010050251256	0.0278084374422809	-3.58241579921589	89	oxygen-deprived	0.00111792713335799
20.5_20.5_2_1_0.5_0.3_0.2_0.1_0_0_0_0_0_0	2N	27	0	SUM-159_NLS_2N_O2_A12_seed	SUM-159_NLS_2N_O2_A12	102	4.56030150753769	0.0204482388561944	-3.88985851970332	89	oxygen-deprived	0.000822039753012811
20.5_20.5_2_1_0.5_0.3_0.2_0.1_0_0_0_0_0_0	2N	27	0	SUM-159_NLS_2N_O2_A12_seed	SUM-159_NLS_2N_O2_A12	103	4.60050251256281	0.0148060802425494	-4.21271735537917	89	oxygen-deprived	0.00059521930623312
20.5_20.5_2_1_0.5_0.3_0.2_0.1_0_0_0_0_0_0	2N	27	0	SUM-159_NLS_2N_O2_A12_seed	SUM-159_NLS_2N_O2_A12	104	4.64070351758794	0.0104389356716714	-4.56221264888252	89	oxygen-deprived	0.00041965570539381
20.5_20.5_2_1_0.5_0.3_0.2_0.1_0_0_0_0_0_0	2N	27	0	SUM-159_NLS_2N_O2_A12_seed	SUM-159_NLS_2N_O2_A12	105	4.68090452261307	0.00728215218390543	-4.92232883080604	89	oxygen-deprived	0.000292749836538901
20.5_20.5_2_1_0.5_0.3_0.2_0.1_0_0_0_0_0_0	2N	27	0	SUM-159_NLS_2N_O2_A12_seed	SUM-159_NLS_2N_O2_A12	106	4.72110552763819	0.0051273429169497	-5.27316770389419	89	oxygen-deprived	0.00020612433836983
20.5_20.5_2_1_0.5_0.3_0.2_0.1_0_0_0_0_0_0	2N	27	0	SUM-159_NLS_2N_O2_A12_seed	SUM-159_NLS_2N_O2_A12	107	4.76130653266332	0.00371251674982861	-5.59604526312515	89	oxygen-deprived	0.000149246904515718
20.5_20.5_2_1_0.5_0.3_0.2_0.1_0_0_0_0_0_0	2N	27	0	SUM-159_NLS_2N_O2_A12_seed	SUM-159_NLS_2N_O2_A12	108	4.80150753768844	0.00269424318384002	-5.91663793638196	89	oxygen-deprived	0.000108311283772459
20.5_20.5_2_1_0.5_0.3_0.2_0.1_0_0_0_0_0_0	2N	27	0	SUM-159_NLS_2N_O2_A12_seed	SUM-159_NLS_2N_O2_A12	109	4.84170854271357	0.00188457201282898	-6.27405453275876	89	oxygen-deprived	7.57616889579462e-05
20.5_20.5_2_1_0.5_0.3_0.2_0.1_0_0_0_0_0_0	2N	27	0	SUM-159_NLS_2N_O2_A12_seed	SUM-159_NLS_2N_O2_A12	110	4.88190954773869	0.00125688166885597	-6.67912149154912	89	oxygen-deprived	5.05279062856653e-05
20.5_20.5_2_1_0.5_0.3_0.2_0.1_0_0_0_0_0_0	2N	27	0	SUM-159_NLS_2N_O2_A12_seed	SUM-159_NLS_2N_O2_A12	111	4.92211055276382	0.00080258904396403	-7.12766775090488	89	oxygen-deprived	3.22648861895076e-05
20.5_20.5_2_1_0.5_0.3_0.2_0.1_0_0_0_0_0_0	2N	27	0	SUM-159_NLS_2N_O2_A12_seed	SUM-159_NLS_2N_O2_A12	112	4.96231155778894	0.000510281293336847	-7.58054842873432	89	oxygen-deprived	2.05138208376615e-05
20.5_20.5_2_1_0.5_0.3_0.2_0.1_0_0_0_0_0_0	2N	27	0	SUM-159_NLS_2N_O2_A12_seed	SUM-159_NLS_2N_O2_A12	113	5.00251256281407	0.000325914433051078	-8.02887568635368	89	oxygen-deprived	1.31020877608469e-05
20.5_20.5_2_1_0.5_0.3_0.2_0.1_0_0_0_0_0_0	2N	27	0	SUM-159_NLS_2N_O2_A12_seed	SUM-159_NLS_2N_O2_A12	114	5.0427135678392	0.000202160128315872	-8.5064504601602	89	oxygen-deprived	8.12704033430612e-06
20.5_20.5_2_1_0.5_0.3_0.2_0.1_0_0_0_0_0_0	2N	27	0	SUM-159_NLS_2N_O2_A12_seed	SUM-159_NLS_2N_O2_A12	115	5.08291457286432	0.000115889221989646	-9.06287580599243	89	oxygen-deprived	4.65886319556349e-06
20.5_20.5_2_1_0.5_0.3_0.2_0.1_0_0_0_0_0_0	2N	27	0	SUM-159_NLS_2N_O2_A12_seed	SUM-159_NLS_2N_O2_A12	116	5.12311557788945	6.05523745602443e-05	-9.71200187221481	89	oxygen-deprived	2.43426631397958e-06
20.5_20.5_2_1_0.5_0.3_0.2_0.1_0_0_0_0_0_0	2N	27	0	SUM-159_NLS_2N_O2_A12_seed	SUM-159_NLS_2N_O2_A12	117	5.16331658291457	2.98335984436628e-05	-10.4198753350113	89	oxygen-deprived	1.19934064095123e-06
20.5_20.5_2_1_0.5_0.3_0.2_0.1_0_0_0_0_0_0	2N	27	0	SUM-159_NLS_2N_O2_A12_seed	SUM-159_NLS_2N_O2_A12	118	5.2035175879397	1.2938569558304e-05	-11.2552978191825	89	oxygen-deprived	5.20143499831298e-07
20.5_20.5_2_1_0.5_0.3_0.2_0.1_0_0_0_0_0_0	2N	27	0	SUM-159_NLS_2N_O2_A12_seed	SUM-159_NLS_2N_O2_A12	119	5.24371859296482	4.61618542123741e-06	-12.2859418603197	89	oxygen-deprived	1.8557529331607e-07
20.5_20.5_2_1_0.5_0.3_0.2_0.1_0_0_0_0_0_0	2N	27	0	SUM-159_NLS_2N_O2_A12_seed	SUM-159_NLS_2N_O2_A12	120	5.28391959798995	1.21472784820137e-06	-13.6209904995119	89	oxygen-deprived	4.88332803297016e-08
20.5_20.5_2_1_0.5_0.3_0.2_0.1_0_0_0_0_0_0	2N	27	0	SUM-159_NLS_2N_O2_A12_seed	SUM-159_NLS_2N_O2_A12	121	5.32412060301508	2.15739673227225e-07	-15.3491933726604	89	oxygen-deprived	8.67295168752632e-09
20.5_20.5_2_1_0.5_0.3_0.2_0.1_0_0_0_0_0_0	2N	27	0	SUM-159_NLS_2N_O2_A12_seed	SUM-159_NLS_2N_O2_A12	122	5.3643216080402	2.76237326044333e-08	-17.4045905567335	89	oxygen-deprived	1.11050181324351e-09
20.5_20.5_2_1_0.5_0.3_0.2_0.1_0_0_0_0_0_0	2N	27	0	SUM-159_NLS_2N_O2_A12_seed	SUM-159_NLS_2N_O2_A12	123	5.40452261306533	1.9481511861488e-09	-20.0563850237783	89	oxygen-deprived	7.83176356240695e-11
20.5_20.5_2_1_0.5_0.3_0.2_0.1_0_0_0_0_0_0	2N	27	0	SUM-159_NLS_2N_O2_A12_seed	SUM-159_NLS_2N_O2_A12	124	5.44472361809045	1.15936480948877e-10	-22.8779786528247	89	oxygen-deprived	4.66076305322102e-12
20.5_20.5_2_1_0.5_0.3_0.2_0.1_0_0_0_0_0_0	2N	27	0	SUM-159_NLS_2N_O2_A12_seed	SUM-159_NLS_2N_O2_A12	125	5.48492462311558	3.83400277830334e-12	-26.2871117466566	89	oxygen-deprived	1.54130764956913e-13
20.5_20.5_2_1_0.5_0.3_0.2_0.1_0_0_0_0_0_0	2N	27	0	SUM-159_NLS_2N_O2_A12_seed	SUM-159_NLS_2N_O2_A12	126	5.5251256281407	9.9999836830888e-13	-27.631022747621	89	oxygen-deprived	4.02009394295013e-14
20.5_20.5_2_1_0.5_0.3_0.2_0.1_0_0_0_0_0_0	2N	27	0	SUM-159_NLS_2N_O2_A12_seed	SUM-159_NLS_2N_O2_A12	127	5.56532663316583	9.9999836830888e-13	-27.631022747621	89	oxygen-deprived	4.02009394295013e-14
20.5_20.5_2_1_0.5_0.3_0.2_0.1_0_0_0_0_0_0	2N	27	0	SUM-159_NLS_2N_O2_A12_seed	SUM-159_NLS_2N_O2_A12	128	5.60552763819095	9.9999836830888e-13	-27.631022747621	89	oxygen-deprived	4.02009394295013e-14
20.5_20.5_2_1_0.5_0.3_0.2_0.1_0_0_0_0_0_0	2N	27	0	SUM-159_NLS_2N_O2_A12_seed	SUM-159_NLS_2N_O2_A12	129	5.64572864321608	9.9999836830888e-13	-27.631022747621	89	oxygen-deprived	4.02009394295013e-14
20.5_20.5_2_1_0.5_0.3_0.2_0.1_0_0_0_0_0_0	2N	27	0	SUM-159_NLS_2N_O2_A12_seed	SUM-159_NLS_2N_O2_A12	130	5.68592964824121	9.9999836830888e-13	-27.631022747621	89	oxygen-deprived	4.02009394295013e-14
20.5_20.5_2_1_0.5_0.3_0.2_0.1_0_0_0_0_0_0	2N	27	0	SUM-159_NLS_2N_O2_A12_seed	SUM-159_NLS_2N_O2_A12	131	5.72613065326633	9.9999836830888e-13	-27.631022747621	89	oxygen-deprived	4.02009394295013e-14
20.5_20.5_2_1_0.5_0.3_0.2_0.1_0_0_0_0_0_0	2N	27	0	SUM-159_NLS_2N_O2_A12_seed	SUM-159_NLS_2N_O2_A12	132	5.76633165829146	9.9999836830888e-13	-27.631022747621	89	oxygen-deprived	4.02009394295013e-14
20.5_20.5_2_1_0.5_0.3_0.2_0.1_0_0_0_0_0_0	2N	27	0	SUM-159_NLS_2N_O2_A12_seed	SUM-159_NLS_2N_O2_A12	133	5.80653266331658	9.9999836830888e-13	-27.631022747621	89	oxygen-deprived	4.02009394295013e-14
20.5_20.5_2_1_0.5_0.3_0.2_0.1_0_0_0_0_0_0	2N	27	0	SUM-159_NLS_2N_O2_A12_seed	SUM-159_NLS_2N_O2_A12	134	5.84673366834171	9.9999836830888e-13	-27.631022747621	89	oxygen-deprived	4.02009394295013e-14
20.5_20.5_2_1_0.5_0.3_0.2_0.1_0_0_0_0_0_0	2N	27	0	SUM-159_NLS_2N_O2_A12_seed	SUM-159_NLS_2N_O2_A12	135	5.88693467336683	9.9999836830888e-13	-27.631022747621	89	oxygen-deprived	4.02009394295013e-14
20.5_20.5_2_1_0.5_0.3_0.2_0.1_0_0_0_0_0_0	2N	27	0	SUM-159_NLS_2N_O2_A12_seed	SUM-159_NLS_2N_O2_A12	136	5.92713567839196	9.9999836830888e-13	-27.631022747621	89	oxygen-deprived	4.02009394295013e-14
20.5_20.5_2_1_0.5_0.3_0.2_0.1_0_0_0_0_0_0	2N	27	0	SUM-159_NLS_2N_O2_A12_seed	SUM-159_NLS_2N_O2_A12	137	5.96733668341709	9.9999836830888e-13	-27.631022747621	89	oxygen-deprived	4.02009394295013e-14
20.5_20.5_2_1_0.5_0.3_0.2_0.1_0_0_0_0_0_0	2N	27	0	SUM-159_NLS_2N_O2_A12_seed	SUM-159_NLS_2N_O2_A12	138	6.00753768844221	9.9999836830888e-13	-27.631022747621	89	oxygen-deprived	4.02009394295013e-14
20.5_20.5_2_1_0.5_0.3_0.2_0.1_0_0_0_0_0_0	2N	27	0	SUM-159_NLS_2N_O2_A12_seed	SUM-159_NLS_2N_O2_A12	139	6.04773869346734	9.9999836830888e-13	-27.631022747621	89	oxygen-deprived	4.02009394295013e-14
20.5_20.5_2_1_0.5_0.3_0.2_0.1_0_0_0_0_0_0	2N	27	0	SUM-159_NLS_2N_O2_A12_seed	SUM-159_NLS_2N_O2_A12	140	6.08793969849246	9.9999836830888e-13	-27.631022747621	89	oxygen-deprived	4.02009394295013e-14
20.5_20.5_2_1_0.5_0.3_0.2_0.1_0_0_0_0_0_0	2N	27	0	SUM-159_NLS_2N_O2_A12_seed	SUM-159_NLS_2N_O2_A12	141	6.12814070351759	9.9999836830888e-13	-27.631022747621	89	oxygen-deprived	4.02009394295013e-14
20.5_20.5_2_1_0.5_0.3_0.2_0.1_0_0_0_0_0_0	2N	27	0	SUM-159_NLS_2N_O2_A12_seed	SUM-159_NLS_2N_O2_A12	142	6.16834170854271	9.9999836830888e-13	-27.631022747621	89	oxygen-deprived	4.02009394295013e-14
20.5_20.5_2_1_0.5_0.3_0.2_0.1_0_0_0_0_0_0	2N	27	0	SUM-159_NLS_2N_O2_A12_seed	SUM-159_NLS_2N_O2_A12	143	6.20854271356784	9.9999836830888e-13	-27.631022747621	89	oxygen-deprived	4.02009394295013e-14
20.5_20.5_2_1_0.5_0.3_0.2_0.1_0_0_0_0_0_0	2N	27	0	SUM-159_NLS_2N_O2_A12_seed	SUM-159_NLS_2N_O2_A12	144	6.24874371859296	9.9999836830888e-13	-27.631022747621	89	oxygen-deprived	4.02009394295013e-14
20.5_20.5_2_1_0.5_0.3_0.2_0.1_0_0_0_0_0_0	2N	27	0	SUM-159_NLS_2N_O2_A12_seed	SUM-159_NLS_2N_O2_A12	145	6.28894472361809	9.9999836830888e-13	-27.631022747621	89	oxygen-deprived	4.02009394295013e-14
20.5_20.5_2_1_0.5_0.3_0.2_0.1_0_0_0_0_0_0	2N	27	0	SUM-159_NLS_2N_O2_A12_seed	SUM-159_NLS_2N_O2_A12	146	6.32914572864322	9.9999836830888e-13	-27.631022747621	89	oxygen-deprived	4.02009394295013e-14
20.5_20.5_2_1_0.5_0.3_0.2_0.1_0_0_0_0_0_0	2N	27	0	SUM-159_NLS_2N_O2_A12_seed	SUM-159_NLS_2N_O2_A12	147	6.36934673366834	9.9999836830888e-13	-27.631022747621	89	oxygen-deprived	4.02009394295013e-14
20.5_20.5_2_1_0.5_0.3_0.2_0.1_0_0_0_0_0_0	2N	27	0	SUM-159_NLS_2N_O2_A12_seed	SUM-159_NLS_2N_O2_A12	148	6.40954773869347	9.9999836830888e-13	-27.631022747621	89	oxygen-deprived	4.02009394295013e-14
20.5_20.5_2_1_0.5_0.3_0.2_0.1_0_0_0_0_0_0	2N	27	0	SUM-159_NLS_2N_O2_A12_seed	SUM-159_NLS_2N_O2_A12	149	6.44974874371859	9.9999836830888e-13	-27.631022747621	89	oxygen-deprived	4.02009394295013e-14
20.5_20.5_2_1_0.5_0.3_0.2_0.1_0_0_0_0_0_0	2N	27	0	SUM-159_NLS_2N_O2_A12_seed	SUM-159_NLS_2N_O2_A12	150	6.48994974874372	9.9999836830888e-13	-27.631022747621	89	oxygen-deprived	4.02009394295013e-14
20.5_20.5_2_1_0.5_0.3_0.2_0.1_0_0_0_0_0_0	2N	27	0	SUM-159_NLS_2N_O2_A12_seed	SUM-159_NLS_2N_O2_A12	151	6.53015075376884	9.9999836830888e-13	-27.631022747621	89	oxygen-deprived	4.02009394295013e-14
20.5_20.5_2_1_0.5_0.3_0.2_0.1_0_0_0_0_0_0	2N	27	0	SUM-159_NLS_2N_O2_A12_seed	SUM-159_NLS_2N_O2_A12	152	6.57035175879397	9.9999836830888e-13	-27.631022747621	89	oxygen-deprived	4.02009394295013e-14
20.5_20.5_2_1_0.5_0.3_0.2_0.1_0_0_0_0_0_0	2N	27	0	SUM-159_NLS_2N_O2_A12_seed	SUM-159_NLS_2N_O2_A12	153	6.6105527638191	9.9999836830888e-13	-27.631022747621	89	oxygen-deprived	4.02009394295013e-14
20.5_20.5_2_1_0.5_0.3_0.2_0.1_0_0_0_0_0_0	2N	27	0	SUM-159_NLS_2N_O2_A12_seed	SUM-159_NLS_2N_O2_A12	154	6.65075376884422	9.9999836830888e-13	-27.631022747621	89	oxygen-deprived	4.02009394295013e-14
20.5_20.5_2_1_0.5_0.3_0.2_0.1_0_0_0_0_0_0	2N	27	0	SUM-159_NLS_2N_O2_A12_seed	SUM-159_NLS_2N_O2_A12	155	6.69095477386935	9.9999836830888e-13	-27.631022747621	89	oxygen-deprived	4.02009394295013e-14
20.5_20.5_2_1_0.5_0.3_0.2_0.1_0_0_0_0_0_0	2N	27	0	SUM-159_NLS_2N_O2_A12_seed	SUM-159_NLS_2N_O2_A12	156	6.73115577889447	9.9999836830888e-13	-27.631022747621	89	oxygen-deprived	4.02009394295013e-14
20.5_20.5_2_1_0.5_0.3_0.2_0.1_0_0_0_0_0_0	2N	27	0	SUM-159_NLS_2N_O2_A12_seed	SUM-159_NLS_2N_O2_A12	157	6.7713567839196	9.9999836830888e-13	-27.631022747621	89	oxygen-deprived	4.02009394295013e-14
20.5_20.5_2_1_0.5_0.3_0.2_0.1_0_0_0_0_0_0	2N	27	0	SUM-159_NLS_2N_O2_A12_seed	SUM-159_NLS_2N_O2_A12	158	6.81155778894472	9.9999836830888e-13	-27.631022747621	89	oxygen-deprived	4.02009394295013e-14
20.5_20.5_2_1_0.5_0.3_0.2_0.1_0_0_0_0_0_0	2N	27	0	SUM-159_NLS_2N_O2_A12_seed	SUM-159_NLS_2N_O2_A12	159	6.85175879396985	9.9999836830888e-13	-27.631022747621	89	oxygen-deprived	4.02009394295013e-14
20.5_20.5_2_1_0.5_0.3_0.2_0.1_0_0_0_0_0_0	2N	27	0	SUM-159_NLS_2N_O2_A12_seed	SUM-159_NLS_2N_O2_A12	160	6.89195979899498	9.9999836830888e-13	-27.631022747621	89	oxygen-deprived	4.02009394295013e-14
20.5_20.5_2_1_0.5_0.3_0.2_0.1_0_0_0_0_0_0	2N	27	0	SUM-159_NLS_2N_O2_A12_seed	SUM-159_NLS_2N_O2_A12	161	6.9321608040201	9.9999836830888e-13	-27.631022747621	89	oxygen-deprived	4.02009394295013e-14
20.5_20.5_2_1_0.5_0.3_0.2_0.1_0_0_0_0_0_0	2N	27	0	SUM-159_NLS_2N_O2_A12_seed	SUM-159_NLS_2N_O2_A12	162	6.97236180904523	9.9999836830888e-13	-27.631022747621	89	oxygen-deprived	4.02009394295013e-14
20.5_20.5_2_1_0.5_0.3_0.2_0.1_0_0_0_0_0_0	2N	27	0	SUM-159_NLS_2N_O2_A12_seed	SUM-159_NLS_2N_O2_A12	163	7.01256281407035	9.9999836830888e-13	-27.631022747621	89	oxygen-deprived	4.02009394295013e-14
20.5_20.5_2_1_0.5_0.3_0.2_0.1_0_0_0_0_0_0	2N	27	0	SUM-159_NLS_2N_O2_A12_seed	SUM-159_NLS_2N_O2_A12	164	7.05276381909548	9.9999836830888e-13	-27.631022747621	89	oxygen-deprived	4.02009394295013e-14
20.5_20.5_2_1_0.5_0.3_0.2_0.1_0_0_0_0_0_0	2N	27	0	SUM-159_NLS_2N_O2_A12_seed	SUM-159_NLS_2N_O2_A12	165	7.0929648241206	9.9999836830888e-13	-27.631022747621	89	oxygen-deprived	4.02009394295013e-14
20.5_20.5_2_1_0.5_0.3_0.2_0.1_0_0_0_0_0_0	2N	27	0	SUM-159_NLS_2N_O2_A12_seed	SUM-159_NLS_2N_O2_A12	166	7.13316582914573	9.9999836830888e-13	-27.631022747621	89	oxygen-deprived	4.02009394295013e-14
20.5_20.5_2_1_0.5_0.3_0.2_0.1_0_0_0_0_0_0	2N	27	0	SUM-159_NLS_2N_O2_A12_seed	SUM-159_NLS_2N_O2_A12	167	7.17336683417085	9.9999836830888e-13	-27.631022747621	89	oxygen-deprived	4.02009394295013e-14
20.5_20.5_2_1_0.5_0.3_0.2_0.1_0_0_0_0_0_0	2N	27	0	SUM-159_NLS_2N_O2_A12_seed	SUM-159_NLS_2N_O2_A12	168	7.21356783919598	9.9999836830888e-13	-27.631022747621	89	oxygen-deprived	4.02009394295013e-14
20.5_20.5_2_1_0.5_0.3_0.2_0.1_0_0_0_0_0_0	2N	27	0	SUM-159_NLS_2N_O2_A12_seed	SUM-159_NLS_2N_O2_A12	169	7.25376884422111	9.9999836830888e-13	-27.631022747621	89	oxygen-deprived	4.02009394295013e-14
20.5_20.5_2_1_0.5_0.3_0.2_0.1_0_0_0_0_0_0	2N	27	0	SUM-159_NLS_2N_O2_A12_seed	SUM-159_NLS_2N_O2_A12	170	7.29396984924623	9.9999836830888e-13	-27.631022747621	89	oxygen-deprived	4.02009394295013e-14
20.5_20.5_2_1_0.5_0.3_0.2_0.1_0_0_0_0_0_0	2N	27	0	SUM-159_NLS_2N_O2_A12_seed	SUM-159_NLS_2N_O2_A12	171	7.33417085427136	9.9999836830888e-13	-27.631022747621	89	oxygen-deprived	4.02009394295013e-14
20.5_20.5_2_1_0.5_0.3_0.2_0.1_0_0_0_0_0_0	2N	27	0	SUM-159_NLS_2N_O2_A12_seed	SUM-159_NLS_2N_O2_A12	172	7.37437185929648	9.9999836830888e-13	-27.631022747621	89	oxygen-deprived	4.02009394295013e-14
20.5_20.5_2_1_0.5_0.3_0.2_0.1_0_0_0_0_0_0	2N	27	0	SUM-159_NLS_2N_O2_A12_seed	SUM-159_NLS_2N_O2_A12	173	7.41457286432161	9.9999836830888e-13	-27.631022747621	89	oxygen-deprived	4.02009394295013e-14
20.5_20.5_2_1_0.5_0.3_0.2_0.1_0_0_0_0_0_0	2N	27	0	SUM-159_NLS_2N_O2_A12_seed	SUM-159_NLS_2N_O2_A12	174	7.45477386934673	9.9999836830888e-13	-27.631022747621	89	oxygen-deprived	4.02009394295013e-14
20.5_20.5_2_1_0.5_0.3_0.2_0.1_0_0_0_0_0_0	2N	27	0	SUM-159_NLS_2N_O2_A12_seed	SUM-159_NLS_2N_O2_A12	175	7.49497487437186	9.9999836830888e-13	-27.631022747621	89	oxygen-deprived	4.02009394295013e-14
20.5_20.5_2_1_0.5_0.3_0.2_0.1_0_0_0_0_0_0	2N	27	0	SUM-159_NLS_2N_O2_A12_seed	SUM-159_NLS_2N_O2_A12	176	7.53517587939699	9.9999836830888e-13	-27.631022747621	89	oxygen-deprived	4.02009394295013e-14
20.5_20.5_2_1_0.5_0.3_0.2_0.1_0_0_0_0_0_0	2N	27	0	SUM-159_NLS_2N_O2_A12_seed	SUM-159_NLS_2N_O2_A12	177	7.57537688442211	9.9999836830888e-13	-27.631022747621	89	oxygen-deprived	4.02009394295013e-14
20.5_20.5_2_1_0.5_0.3_0.2_0.1_0_0_0_0_0_0	2N	27	0	SUM-159_NLS_2N_O2_A12_seed	SUM-159_NLS_2N_O2_A12	178	7.61557788944724	9.9999836830888e-13	-27.631022747621	89	oxygen-deprived	4.02009394295013e-14
20.5_20.5_2_1_0.5_0.3_0.2_0.1_0_0_0_0_0_0	2N	27	0	SUM-159_NLS_2N_O2_A12_seed	SUM-159_NLS_2N_O2_A12	179	7.65577889447236	9.9999836830888e-13	-27.631022747621	89	oxygen-deprived	4.02009394295013e-14
20.5_20.5_2_1_0.5_0.3_0.2_0.1_0_0_0_0_0_0	2N	27	0	SUM-159_NLS_2N_O2_A12_seed	SUM-159_NLS_2N_O2_A12	180	7.69597989949749	9.9999836830888e-13	-27.631022747621	89	oxygen-deprived	4.02009394295013e-14
20.5_20.5_2_1_0.5_0.3_0.2_0.1_0_0_0_0_0_0	2N	27	0	SUM-159_NLS_2N_O2_A12_seed	SUM-159_NLS_2N_O2_A12	181	7.73618090452261	9.9999836830888e-13	-27.631022747621	89	oxygen-deprived	4.02009394295013e-14
20.5_20.5_2_1_0.5_0.3_0.2_0.1_0_0_0_0_0_0	2N	27	0	SUM-159_NLS_2N_O2_A12_seed	SUM-159_NLS_2N_O2_A12	182	7.77638190954774	9.9999836830888e-13	-27.631022747621	89	oxygen-deprived	4.02009394295013e-14
20.5_20.5_2_1_0.5_0.3_0.2_0.1_0_0_0_0_0_0	2N	27	0	SUM-159_NLS_2N_O2_A12_seed	SUM-159_NLS_2N_O2_A12	183	7.81658291457286	9.9999836830888e-13	-27.631022747621	89	oxygen-deprived	4.02009394295013e-14
20.5_20.5_2_1_0.5_0.3_0.2_0.1_0_0_0_0_0_0	2N	27	0	SUM-159_NLS_2N_O2_A12_seed	SUM-159_NLS_2N_O2_A12	184	7.85678391959799	9.9999836830888e-13	-27.631022747621	89	oxygen-deprived	4.02009394295013e-14
20.5_20.5_2_1_0.5_0.3_0.2_0.1_0_0_0_0_0_0	2N	27	0	SUM-159_NLS_2N_O2_A12_seed	SUM-159_NLS_2N_O2_A12	185	7.89698492462312	9.9999836830888e-13	-27.631022747621	89	oxygen-deprived	4.02009394295013e-14
20.5_20.5_2_1_0.5_0.3_0.2_0.1_0_0_0_0_0_0	2N	27	0	SUM-159_NLS_2N_O2_A12_seed	SUM-159_NLS_2N_O2_A12	186	7.93718592964824	9.9999836830888e-13	-27.631022747621	89	oxygen-deprived	4.02009394295013e-14
20.5_20.5_2_1_0.5_0.3_0.2_0.1_0_0_0_0_0_0	2N	27	0	SUM-159_NLS_2N_O2_A12_seed	SUM-159_NLS_2N_O2_A12	187	7.97738693467337	9.9999836830888e-13	-27.631022747621	89	oxygen-deprived	4.02009394295013e-14
20.5_20.5_2_1_0.5_0.3_0.2_0.1_0_0_0_0_0_0	2N	27	0	SUM-159_NLS_2N_O2_A12_seed	SUM-159_NLS_2N_O2_A12	188	8.01758793969849	9.9999836830888e-13	-27.631022747621	89	oxygen-deprived	4.02009394295013e-14
20.5_20.5_2_1_0.5_0.3_0.2_0.1_0_0_0_0_0_0	2N	27	0	SUM-159_NLS_2N_O2_A12_seed	SUM-159_NLS_2N_O2_A12	189	8.05778894472362	9.9999836830888e-13	-27.631022747621	89	oxygen-deprived	4.02009394295013e-14
20.5_20.5_2_1_0.5_0.3_0.2_0.1_0_0_0_0_0_0	2N	27	0	SUM-159_NLS_2N_O2_A12_seed	SUM-159_NLS_2N_O2_A12	190	8.09798994974874	9.9999836830888e-13	-27.631022747621	89	oxygen-deprived	4.02009394295013e-14
20.5_20.5_2_1_0.5_0.3_0.2_0.1_0_0_0_0_0_0	2N	27	0	SUM-159_NLS_2N_O2_A12_seed	SUM-159_NLS_2N_O2_A12	191	8.13819095477387	9.9999836830888e-13	-27.631022747621	89	oxygen-deprived	4.02009394295013e-14
20.5_20.5_2_1_0.5_0.3_0.2_0.1_0_0_0_0_0_0	2N	27	0	SUM-159_NLS_2N_O2_A12_seed	SUM-159_NLS_2N_O2_A12	192	8.178391959799	9.9999836830888e-13	-27.631022747621	89	oxygen-deprived	4.02009394295013e-14
20.5_20.5_2_1_0.5_0.3_0.2_0.1_0_0_0_0_0_0	2N	27	0	SUM-159_NLS_2N_O2_A12_seed	SUM-159_NLS_2N_O2_A12	193	8.21859296482412	9.9999836830888e-13	-27.631022747621	89	oxygen-deprived	4.02009394295013e-14
20.5_20.5_2_1_0.5_0.3_0.2_0.1_0_0_0_0_0_0	2N	27	0	SUM-159_NLS_2N_O2_A12_seed	SUM-159_NLS_2N_O2_A12	194	8.25879396984925	9.9999836830888e-13	-27.631022747621	89	oxygen-deprived	4.02009394295013e-14
20.5_20.5_2_1_0.5_0.3_0.2_0.1_0_0_0_0_0_0	2N	27	0	SUM-159_NLS_2N_O2_A12_seed	SUM-159_NLS_2N_O2_A12	195	8.29899497487437	9.9999836830888e-13	-27.631022747621	89	oxygen-deprived	4.02009394295013e-14
20.5_20.5_2_1_0.5_0.3_0.2_0.1_0_0_0_0_0_0	2N	27	0	SUM-159_NLS_2N_O2_A12_seed	SUM-159_NLS_2N_O2_A12	196	8.3391959798995	9.9999836830888e-13	-27.631022747621	89	oxygen-deprived	4.02009394295013e-14
20.5_20.5_2_1_0.5_0.3_0.2_0.1_0_0_0_0_0_0	2N	27	0	SUM-159_NLS_2N_O2_A12_seed	SUM-159_NLS_2N_O2_A12	197	8.37939698492462	9.9999836830888e-13	-27.631022747621	89	oxygen-deprived	4.02009394295013e-14
20.5_20.5_2_1_0.5_0.3_0.2_0.1_0_0_0_0_0_0	2N	27	0	SUM-159_NLS_2N_O2_A12_seed	SUM-159_NLS_2N_O2_A12	198	8.41959798994975	9.9999836830888e-13	-27.631022747621	89	oxygen-deprived	4.02009394295013e-14
20.5_20.5_2_1_0.5_0.3_0.2_0.1_0_0_0_0_0_0	2N	27	0	SUM-159_NLS_2N_O2_A12_seed	SUM-159_NLS_2N_O2_A12	199	8.45979899497488	9.9999836830888e-13	-27.631022747621	89	oxygen-deprived	4.02009394295013e-14
20.5_20.5_2_1_0.5_0.3_0.2_0.1_0_0_0_0_0_0	2N	27	0	SUM-159_NLS_2N_O2_A12_seed	SUM-159_NLS_2N_O2_A12	200	8.5	9.9999836830888e-13	-27.631022747621	89	oxygen-deprived	4.02009394295013e-14
20.5_20.5_2_1_0.5_0.3_0.2_0.1_0_0_0_0_0_0_0_0_0_0_0_0	2N	33	0	SUM-159_NLS_2N_O1_A18_seed	SUM-159_NLS_2N_O1_A18	1	0.5	1.00009040071205e-12	-27.6309307193024	127	oxygen-deprived	4.02046392246032e-14
20.5_20.5_2_1_0.5_0.3_0.2_0.1_0_0_0_0_0_0_0_0_0_0_0_0	2N	33	0	SUM-159_NLS_2N_O1_A18_seed	SUM-159_NLS_2N_O1_A18	2	0.540201005025126	1.00009040071205e-12	-27.6309307193024	127	oxygen-deprived	4.02046392246032e-14
20.5_20.5_2_1_0.5_0.3_0.2_0.1_0_0_0_0_0_0_0_0_0_0_0_0	2N	33	0	SUM-159_NLS_2N_O1_A18_seed	SUM-159_NLS_2N_O1_A18	3	0.580402010050251	1.00009040071205e-12	-27.6309307193024	127	oxygen-deprived	4.02046392246032e-14
20.5_20.5_2_1_0.5_0.3_0.2_0.1_0_0_0_0_0_0_0_0_0_0_0_0	2N	33	0	SUM-159_NLS_2N_O1_A18_seed	SUM-159_NLS_2N_O1_A18	4	0.620603015075377	1.00009040071205e-12	-27.6309307193024	127	oxygen-deprived	4.02046392246032e-14
20.5_20.5_2_1_0.5_0.3_0.2_0.1_0_0_0_0_0_0_0_0_0_0_0_0	2N	33	0	SUM-159_NLS_2N_O1_A18_seed	SUM-159_NLS_2N_O1_A18	5	0.660804020100503	1.00009040071205e-12	-27.6309307193024	127	oxygen-deprived	4.02046392246032e-14
20.5_20.5_2_1_0.5_0.3_0.2_0.1_0_0_0_0_0_0_0_0_0_0_0_0	2N	33	0	SUM-159_NLS_2N_O1_A18_seed	SUM-159_NLS_2N_O1_A18	6	0.701005025125628	1.00009040071205e-12	-27.6309307193024	127	oxygen-deprived	4.02046392246032e-14
20.5_20.5_2_1_0.5_0.3_0.2_0.1_0_0_0_0_0_0_0_0_0_0_0_0	2N	33	0	SUM-159_NLS_2N_O1_A18_seed	SUM-159_NLS_2N_O1_A18	7	0.741206030150754	1.00009040071205e-12	-27.6309307193024	127	oxygen-deprived	4.02046392246032e-14
20.5_20.5_2_1_0.5_0.3_0.2_0.1_0_0_0_0_0_0_0_0_0_0_0_0	2N	33	0	SUM-159_NLS_2N_O1_A18_seed	SUM-159_NLS_2N_O1_A18	8	0.781407035175879	1.00009040071205e-12	-27.6309307193024	127	oxygen-deprived	4.02046392246032e-14
20.5_20.5_2_1_0.5_0.3_0.2_0.1_0_0_0_0_0_0_0_0_0_0_0_0	2N	33	0	SUM-159_NLS_2N_O1_A18_seed	SUM-159_NLS_2N_O1_A18	9	0.821608040201005	1.00009040071205e-12	-27.6309307193024	127	oxygen-deprived	4.02046392246032e-14
20.5_20.5_2_1_0.5_0.3_0.2_0.1_0_0_0_0_0_0_0_0_0_0_0_0	2N	33	0	SUM-159_NLS_2N_O1_A18_seed	SUM-159_NLS_2N_O1_A18	10	0.861809045226131	1.00009040071205e-12	-27.6309307193024	127	oxygen-deprived	4.02046392246032e-14
20.5_20.5_2_1_0.5_0.3_0.2_0.1_0_0_0_0_0_0_0_0_0_0_0_0	2N	33	0	SUM-159_NLS_2N_O1_A18_seed	SUM-159_NLS_2N_O1_A18	11	0.902010050251256	1.00009040071205e-12	-27.6309307193024	127	oxygen-deprived	4.02046392246032e-14
20.5_20.5_2_1_0.5_0.3_0.2_0.1_0_0_0_0_0_0_0_0_0_0_0_0	2N	33	0	SUM-159_NLS_2N_O1_A18_seed	SUM-159_NLS_2N_O1_A18	12	0.942211055276382	1.00009040071205e-12	-27.6309307193024	127	oxygen-deprived	4.02046392246032e-14
20.5_20.5_2_1_0.5_0.3_0.2_0.1_0_0_0_0_0_0_0_0_0_0_0_0	2N	33	0	SUM-159_NLS_2N_O1_A18_seed	SUM-159_NLS_2N_O1_A18	13	0.982412060301508	1.00009040071205e-12	-27.6309307193024	127	oxygen-deprived	4.02046392246032e-14
20.5_20.5_2_1_0.5_0.3_0.2_0.1_0_0_0_0_0_0_0_0_0_0_0_0	2N	33	0	SUM-159_NLS_2N_O1_A18_seed	SUM-159_NLS_2N_O1_A18	14	1.02261306532663	1.00009040071205e-12	-27.6309307193024	127	oxygen-deprived	4.02046392246032e-14
20.5_20.5_2_1_0.5_0.3_0.2_0.1_0_0_0_0_0_0_0_0_0_0_0_0	2N	33	0	SUM-159_NLS_2N_O1_A18_seed	SUM-159_NLS_2N_O1_A18	15	1.06281407035176	1.00009040071205e-12	-27.6309307193024	127	oxygen-deprived	4.02046392246032e-14
20.5_20.5_2_1_0.5_0.3_0.2_0.1_0_0_0_0_0_0_0_0_0_0_0_0	2N	33	0	SUM-159_NLS_2N_O1_A18_seed	SUM-159_NLS_2N_O1_A18	16	1.10301507537688	1.00009040071205e-12	-27.6309307193024	127	oxygen-deprived	4.02046392246032e-14
20.5_20.5_2_1_0.5_0.3_0.2_0.1_0_0_0_0_0_0_0_0_0_0_0_0	2N	33	0	SUM-159_NLS_2N_O1_A18_seed	SUM-159_NLS_2N_O1_A18	17	1.14321608040201	1.00009040071205e-12	-27.6309307193024	127	oxygen-deprived	4.02046392246032e-14
20.5_20.5_2_1_0.5_0.3_0.2_0.1_0_0_0_0_0_0_0_0_0_0_0_0	2N	33	0	SUM-159_NLS_2N_O1_A18_seed	SUM-159_NLS_2N_O1_A18	18	1.18341708542714	1.00009040071205e-12	-27.6309307193024	127	oxygen-deprived	4.02046392246032e-14
20.5_20.5_2_1_0.5_0.3_0.2_0.1_0_0_0_0_0_0_0_0_0_0_0_0	2N	33	0	SUM-159_NLS_2N_O1_A18_seed	SUM-159_NLS_2N_O1_A18	19	1.22361809045226	1.00009040071205e-12	-27.6309307193024	127	oxygen-deprived	4.02046392246032e-14
20.5_20.5_2_1_0.5_0.3_0.2_0.1_0_0_0_0_0_0_0_0_0_0_0_0	2N	33	0	SUM-159_NLS_2N_O1_A18_seed	SUM-159_NLS_2N_O1_A18	20	1.26381909547739	1.00009040071205e-12	-27.6309307193024	127	oxygen-deprived	4.02046392246032e-14
20.5_20.5_2_1_0.5_0.3_0.2_0.1_0_0_0_0_0_0_0_0_0_0_0_0	2N	33	0	SUM-159_NLS_2N_O1_A18_seed	SUM-159_NLS_2N_O1_A18	21	1.30402010050251	1.00009040071205e-12	-27.6309307193024	127	oxygen-deprived	4.02046392246032e-14
20.5_20.5_2_1_0.5_0.3_0.2_0.1_0_0_0_0_0_0_0_0_0_0_0_0	2N	33	0	SUM-159_NLS_2N_O1_A18_seed	SUM-159_NLS_2N_O1_A18	22	1.34422110552764	4.6160493937612e-11	-23.7988967932311	127	oxygen-deprived	1.85569824874814e-12
20.5_20.5_2_1_0.5_0.3_0.2_0.1_0_0_0_0_0_0_0_0_0_0_0_0	2N	33	0	SUM-159_NLS_2N_O1_A18_seed	SUM-159_NLS_2N_O1_A18	23	1.38442211055276	2.84170779912702e-07	-15.0736904417955	127	oxygen-deprived	1.14239509512639e-08
20.5_20.5_2_1_0.5_0.3_0.2_0.1_0_0_0_0_0_0_0_0_0_0_0_0	2N	33	0	SUM-159_NLS_2N_O1_A18_seed	SUM-159_NLS_2N_O1_A18	24	1.42462311557789	4.43300595598337e-05	-10.0238475656523	127	oxygen-deprived	1.78211294712891e-06
20.5_20.5_2_1_0.5_0.3_0.2_0.1_0_0_0_0_0_0_0_0_0_0_0_0	2N	33	0	SUM-159_NLS_2N_O1_A18_seed	SUM-159_NLS_2N_O1_A18	25	1.46482412060302	0.000365535420830872	-7.91414737285199	127	oxygen-deprived	1.46948912896826e-05
20.5_20.5_2_1_0.5_0.3_0.2_0.1_0_0_0_0_0_0_0_0_0_0_0_0	2N	33	0	SUM-159_NLS_2N_O1_A18_seed	SUM-159_NLS_2N_O1_A18	26	1.50502512562814	0.00111267514749418	-6.80098812036579	127	oxygen-deprived	4.47306591957439e-05
20.5_20.5_2_1_0.5_0.3_0.2_0.1_0_0_0_0_0_0_0_0_0_0_0_0	2N	33	0	SUM-159_NLS_2N_O1_A18_seed	SUM-159_NLS_2N_O1_A18	27	1.54522613065327	0.00256932475146593	-5.96411215721816	127	oxygen-deprived	0.000103289437244857
20.5_20.5_2_1_0.5_0.3_0.2_0.1_0_0_0_0_0_0_0_0_0_0_0_0	2N	33	0	SUM-159_NLS_2N_O1_A18_seed	SUM-159_NLS_2N_O1_A18	28	1.58542713567839	0.00545701878918131	-5.21085264765014	127	oxygen-deprived	0.000219377639766073
20.5_20.5_2_1_0.5_0.3_0.2_0.1_0_0_0_0_0_0_0_0_0_0_0_0	2N	33	0	SUM-159_NLS_2N_O1_A18_seed	SUM-159_NLS_2N_O1_A18	29	1.62562814070352	0.0129822999456754	-4.34416839190234	127	oxygen-deprived	0.000521901505353762
20.5_20.5_2_1_0.5_0.3_0.2_0.1_0_0_0_0_0_0_0_0_0_0_0_0	2N	33	0	SUM-159_NLS_2N_O1_A18_seed	SUM-159_NLS_2N_O1_A18	30	1.66582914572864	0.0245785595427129	-3.7058807793803	127	oxygen-deprived	0.000988082795686906
20.5_20.5_2_1_0.5_0.3_0.2_0.1_0_0_0_0_0_0_0_0_0_0_0_0	2N	33	0	SUM-159_NLS_2N_O1_A18_seed	SUM-159_NLS_2N_O1_A18	31	1.70603015075377	0.0476557175803161	-3.04375266488793	127	oxygen-deprived	0.00191580774192217
20.5_20.5_2_1_0.5_0.3_0.2_0.1_0_0_0_0_0_0_0_0_0_0_0_0	2N	33	0	SUM-159_NLS_2N_O1_A18_seed	SUM-159_NLS_2N_O1_A18	32	1.74623115577889	0.0894220641236148	-2.41438782497577	127	oxygen-deprived	0.00359485684919038
20.5_20.5_2_1_0.5_0.3_0.2_0.1_0_0_0_0_0_0_0_0_0_0_0_0	2N	33	0	SUM-159_NLS_2N_O1_A18_seed	SUM-159_NLS_2N_O1_A18	33	1.78643216080402	0.15261025276771	-1.87986797518225	127	oxygen-deprived	0.00613508553840013
20.5_20.5_2_1_0.5_0.3_0.2_0.1_0_0_0_0_0_0_0_0_0_0_0_0	2N	33	0	SUM-159_NLS_2N_O1_A18_seed	SUM-159_NLS_2N_O1_A18	34	1.82663316582915	0.247539972886134	-1.39618320340354	127	oxygen-deprived	0.00995135569391449
20.5_20.5_2_1_0.5_0.3_0.2_0.1_0_0_0_0_0_0_0_0_0_0_0_0	2N	33	0	SUM-159_NLS_2N_O1_A18_seed	SUM-159_NLS_2N_O1_A18	35	1.86683417085427	0.375545447229191	-0.979375783865443	127	oxygen-deprived	0.0150973044112231
20.5_20.5_2_1_0.5_0.3_0.2_0.1_0_0_0_0_0_0_0_0_0_0_0_0	2N	33	0	SUM-159_NLS_2N_O1_A18_seed	SUM-159_NLS_2N_O1_A18	36	1.9070351758794	0.563945401917445	-0.572797837280908	127	oxygen-deprived	0.0226711719363787
20.5_20.5_2_1_0.5_0.3_0.2_0.1_0_0_0_0_0_0_0_0_0_0_0_0	2N	33	0	SUM-159_NLS_2N_O1_A18_seed	SUM-159_NLS_2N_O1_A18	37	1.94723618090452	0.781490665564983	-0.246552073446599	127	oxygen-deprived	0.0314167101734652
20.5_20.5_2_1_0.5_0.3_0.2_0.1_0_0_0_0_0_0_0_0_0_0_0_0	2N	33	0	SUM-159_NLS_2N_O1_A18_seed	SUM-159_NLS_2N_O1_A18	38	1.98743718592965	1.03729771018592	0.0366189759779536	127	oxygen-deprived	0.0417004104597336
20.5_20.5_2_1_0.5_0.3_0.2_0.1_0_0_0_0_0_0_0_0_0_0_0_0	2N	33	0	SUM-159_NLS_2N_O1_A18_seed	SUM-159_NLS_2N_O1_A18	39	2.02763819095477	1.29346390152963	0.257323814662432	127	oxygen-deprived	0.0519985488052089
20.5_20.5_2_1_0.5_0.3_0.2_0.1_0_0_0_0_0_0_0_0_0_0_0_0	2N	33	0	SUM-159_NLS_2N_O1_A18_seed	SUM-159_NLS_2N_O1_A18	40	2.0678391959799	1.51861107777212	0.417796152497194	127	oxygen-deprived	0.0610496915687257
20.5_20.5_2_1_0.5_0.3_0.2_0.1_0_0_0_0_0_0_0_0_0_0_0_0	2N	33	0	SUM-159_NLS_2N_O1_A18_seed	SUM-159_NLS_2N_O1_A18	41	2.10804020100502	1.70593464827339	0.534113141344776	127	oxygen-deprived	0.0685802873677714
20.5_20.5_2_1_0.5_0.3_0.2_0.1_0_0_0_0_0_0_0_0_0_0_0_0	2N	33	0	SUM-159_NLS_2N_O1_A18_seed	SUM-159_NLS_2N_O1_A18	42	2.14824120603015	1.82403744076264	0.60105241817537	127	oxygen-deprived	0.0733281383221129
20.5_20.5_2_1_0.5_0.3_0.2_0.1_0_0_0_0_0_0_0_0_0_0_0_0	2N	33	0	SUM-159_NLS_2N_O1_A18_seed	SUM-159_NLS_2N_O1_A18	43	2.18844221105528	1.83309109899602	0.606003667020313	127	oxygen-deprived	0.0736921044822488
20.5_20.5_2_1_0.5_0.3_0.2_0.1_0_0_0_0_0_0_0_0_0_0_0_0	2N	33	0	SUM-159_NLS_2N_O1_A18_seed	SUM-159_NLS_2N_O1_A18	44	2.2286432160804	1.72973613834515	0.547968875689373	127	oxygen-deprived	0.0695371311897516
20.5_20.5_2_1_0.5_0.3_0.2_0.1_0_0_0_0_0_0_0_0_0_0_0_0	2N	33	0	SUM-159_NLS_2N_O1_A18_seed	SUM-159_NLS_2N_O1_A18	45	2.26884422110553	1.56103417127202	0.445348531922795	127	oxygen-deprived	0.0627551425636965
20.5_20.5_2_1_0.5_0.3_0.2_0.1_0_0_0_0_0_0_0_0_0_0_0_0	2N	33	0	SUM-159_NLS_2N_O1_A18_seed	SUM-159_NLS_2N_O1_A18	46	2.30904522613065	1.33828648843139	0.291390055700623	127	oxygen-deprived	0.0538004618464856
20.5_20.5_2_1_0.5_0.3_0.2_0.1_0_0_0_0_0_0_0_0_0_0_0_0	2N	33	0	SUM-159_NLS_2N_O1_A18_seed	SUM-159_NLS_2N_O1_A18	47	2.34924623115578	1.09764560151471	0.0931675236959776	127	oxygen-deprived	0.0441264563422979
20.5_20.5_2_1_0.5_0.3_0.2_0.1_0_0_0_0_0_0_0_0_0_0_0_0	2N	33	0	SUM-159_NLS_2N_O1_A18_seed	SUM-159_NLS_2N_O1_A18	48	2.3894472361809	0.850984656365984	-0.161361180693535	127	oxygen-deprived	0.0342104384468722
20.5_20.5_2_1_0.5_0.3_0.2_0.1_0_0_0_0_0_0_0_0_0_0_0_0	2N	33	0	SUM-159_NLS_2N_O1_A18_seed	SUM-159_NLS_2N_O1_A18	49	2.42964824120603	0.636776855852514	-0.45133598956515	127	oxygen-deprived	0.0255990695820095
20.5_20.5_2_1_0.5_0.3_0.2_0.1_0_0_0_0_0_0_0_0_0_0_0_0	2N	33	0	SUM-159_NLS_2N_O1_A18_seed	SUM-159_NLS_2N_O1_A18	50	2.46984924623116	0.457594663440999	-0.781771501045305	127	oxygen-deprived	0.0183957653644614
20.5_20.5_2_1_0.5_0.3_0.2_0.1_0_0_0_0_0_0_0_0_0_0_0_0	2N	33	0	SUM-159_NLS_2N_O1_A18_seed	SUM-159_NLS_2N_O1_A18	51	2.51005025125628	0.312530471890871	-1.16305330450869	127	oxygen-deprived	0.0125640390709892
20.5_20.5_2_1_0.5_0.3_0.2_0.1_0_0_0_0_0_0_0_0_0_0_0_0	2N	33	0	SUM-159_NLS_2N_O1_A18_seed	SUM-159_NLS_2N_O1_A18	52	2.55025125628141	0.207166910754215	-1.57423047848192	127	oxygen-deprived	0.00832831802026958
20.5_20.5_2_1_0.5_0.3_0.2_0.1_0_0_0_0_0_0_0_0_0_0_0_0	2N	33	0	SUM-159_NLS_2N_O1_A18_seed	SUM-159_NLS_2N_O1_A18	53	2.59045226130653	0.13386868088464	-2.01089595293692	127	oxygen-deprived	0.00538165551295011
20.5_20.5_2_1_0.5_0.3_0.2_0.1_0_0_0_0_0_0_0_0_0_0_0_0	2N	33	0	SUM-159_NLS_2N_O1_A18_seed	SUM-159_NLS_2N_O1_A18	54	2.63065326633166	0.0852500463347883	-2.46216661930208	127	oxygen-deprived	0.00342713754109686
20.5_20.5_2_1_0.5_0.3_0.2_0.1_0_0_0_0_0_0_0_0_0_0_0_0	2N	33	0	SUM-159_NLS_2N_O1_A18_seed	SUM-159_NLS_2N_O1_A18	55	2.67085427135678	0.0494266648027073	-3.00726522707933	127	oxygen-deprived	0.00198700160010875
20.5_20.5_2_1_0.5_0.3_0.2_0.1_0_0_0_0_0_0_0_0_0_0_0_0	2N	33	0	SUM-159_NLS_2N_O1_A18_seed	SUM-159_NLS_2N_O1_A18	56	2.71105527638191	0.0291384885334713	-3.53569534869309	127	oxygen-deprived	0.00117139652395859
20.5_20.5_2_1_0.5_0.3_0.2_0.1_0_0_0_0_0_0_0_0_0_0_0_0	2N	33	0	SUM-159_NLS_2N_O1_A18_seed	SUM-159_NLS_2N_O1_A18	57	2.75125628140704	0.0175731508059584	-4.0413830641208	127	oxygen-deprived	0.000706458323857592
20.5_20.5_2_1_0.5_0.3_0.2_0.1_0_0_0_0_0_0_0_0_0_0_0_0	2N	33	0	SUM-159_NLS_2N_O1_A18_seed	SUM-159_NLS_2N_O1_A18	58	2.79145728643216	0.00906167620873231	-4.7037011640385	127	oxygen-deprived	0.000364288490803293
20.5_20.5_2_1_0.5_0.3_0.2_0.1_0_0_0_0_0_0_0_0_0_0_0_0	2N	33	0	SUM-159_NLS_2N_O1_A18_seed	SUM-159_NLS_2N_O1_A18	59	2.83165829145729	0.00461699601018163	-5.37801099961585	127	oxygen-deprived	0.000185607879806288
20.5_20.5_2_1_0.5_0.3_0.2_0.1_0_0_0_0_0_0_0_0_0_0_0_0	2N	33	0	SUM-159_NLS_2N_O1_A18_seed	SUM-159_NLS_2N_O1_A18	60	2.87185929648241	0.00342286309952614	-5.67727791452949	127	oxygen-deprived	0.000137602536664361
20.5_20.5_2_1_0.5_0.3_0.2_0.1_0_0_0_0_0_0_0_0_0_0_0_0	2N	33	0	SUM-159_NLS_2N_O1_A18_seed	SUM-159_NLS_2N_O1_A18	61	2.91206030150754	0.0020671574951926	-6.18158080612347	127	oxygen-deprived	8.31018088519601e-05
20.5_20.5_2_1_0.5_0.3_0.2_0.1_0_0_0_0_0_0_0_0_0_0_0_0	2N	33	0	SUM-159_NLS_2N_O1_A18_seed	SUM-159_NLS_2N_O1_A18	62	2.95226130653266	0.00095515273194865	-6.95363930152874	127	oxygen-deprived	3.83980997768284e-05
20.5_20.5_2_1_0.5_0.3_0.2_0.1_0_0_0_0_0_0_0_0_0_0_0_0	2N	33	0	SUM-159_NLS_2N_O1_A18_seed	SUM-159_NLS_2N_O1_A18	63	2.99246231155779	0.000583148531385013	-7.44706863324758	127	oxygen-deprived	2.34431570406025e-05
20.5_20.5_2_1_0.5_0.3_0.2_0.1_0_0_0_0_0_0_0_0_0_0_0_0	2N	33	0	SUM-159_NLS_2N_O1_A18_seed	SUM-159_NLS_2N_O1_A18	64	3.03266331658291	0.000224784900192044	-8.40036661216496	127	oxygen-deprived	9.03657890219232e-06
20.5_20.5_2_1_0.5_0.3_0.2_0.1_0_0_0_0_0_0_0_0_0_0_0_0	2N	33	0	SUM-159_NLS_2N_O1_A18_seed	SUM-159_NLS_2N_O1_A18	65	3.07286432160804	5.71947681511584e-05	-9.76904812965062	127	oxygen-deprived	2.29928716185551e-06
20.5_20.5_2_1_0.5_0.3_0.2_0.1_0_0_0_0_0_0_0_0_0_0_0_0	2N	33	0	SUM-159_NLS_2N_O1_A18_seed	SUM-159_NLS_2N_O1_A18	66	3.11306532663317	7.34758793138357e-05	-9.51855337820677	127	oxygen-deprived	2.9538041935209e-06
20.5_20.5_2_1_0.5_0.3_0.2_0.1_0_0_0_0_0_0_0_0_0_0_0_0	2N	33	0	SUM-159_NLS_2N_O1_A18_seed	SUM-159_NLS_2N_O1_A18	67	3.15326633165829	9.42874728547406e-05	-9.26916222068338	127	oxygen-deprived	3.79045117003965e-06
20.5_20.5_2_1_0.5_0.3_0.2_0.1_0_0_0_0_0_0_0_0_0_0_0_0	2N	33	0	SUM-159_NLS_2N_O1_A18_seed	SUM-159_NLS_2N_O1_A18	68	3.19346733668342	6.91771117622472e-05	-9.57884050493293	127	oxygen-deprived	2.78098941757765e-06
20.5_20.5_2_1_0.5_0.3_0.2_0.1_0_0_0_0_0_0_0_0_0_0_0_0	2N	33	0	SUM-159_NLS_2N_O1_A18_seed	SUM-159_NLS_2N_O1_A18	69	3.23366834170854	4.22340902937584e-05	-10.0722828361725	127	oxygen-deprived	1.69785287613091e-06
20.5_20.5_2_1_0.5_0.3_0.2_0.1_0_0_0_0_0_0_0_0_0_0_0_0	2N	33	0	SUM-159_NLS_2N_O1_A18_seed	SUM-159_NLS_2N_O1_A18	70	3.27386934673367	7.17240308352277e-05	-9.54268470841919	127	oxygen-deprived	2.88337812402912e-06
20.5_20.5_2_1_0.5_0.3_0.2_0.1_0_0_0_0_0_0_0_0_0_0_0_0	2N	33	0	SUM-159_NLS_2N_O1_A18_seed	SUM-159_NLS_2N_O1_A18	71	3.31407035175879	8.12272026997889e-05	-9.41826035828141	127	oxygen-deprived	3.26541518391097e-06
20.5_20.5_2_1_0.5_0.3_0.2_0.1_0_0_0_0_0_0_0_0_0_0_0_0	2N	33	0	SUM-159_NLS_2N_O1_A18_seed	SUM-159_NLS_2N_O1_A18	72	3.35427135678392	0.00012153933308048	-9.01527261851517	127	oxygen-deprived	4.88600333991857e-06
20.5_20.5_2_1_0.5_0.3_0.2_0.1_0_0_0_0_0_0_0_0_0_0_0_0	2N	33	0	SUM-159_NLS_2N_O1_A18_seed	SUM-159_NLS_2N_O1_A18	73	3.39447236180905	0.000310669742513934	-8.07678013119988	127	oxygen-deprived	1.24892358799566e-05
20.5_20.5_2_1_0.5_0.3_0.2_0.1_0_0_0_0_0_0_0_0_0_0_0_0	2N	33	0	SUM-159_NLS_2N_O1_A18_seed	SUM-159_NLS_2N_O1_A18	74	3.43467336683417	0.000619389242907682	-7.38677665753161	127	oxygen-deprived	2.49000700666394e-05
20.5_20.5_2_1_0.5_0.3_0.2_0.1_0_0_0_0_0_0_0_0_0_0_0_0	2N	33	0	SUM-159_NLS_2N_O1_A18_seed	SUM-159_NLS_2N_O1_A18	75	3.4748743718593	0.0014330556033176	-6.54794632885287	127	oxygen-deprived	5.76102755102527e-05
20.5_20.5_2_1_0.5_0.3_0.2_0.1_0_0_0_0_0_0_0_0_0_0_0_0	2N	33	0	SUM-159_NLS_2N_O1_A18_seed	SUM-159_NLS_2N_O1_A18	76	3.51507537688442	0.00179035864073019	-6.32533932124862	127	oxygen-deprived	7.19742167127682e-05
20.5_20.5_2_1_0.5_0.3_0.2_0.1_0_0_0_0_0_0_0_0_0_0_0_0	2N	33	0	SUM-159_NLS_2N_O1_A18_seed	SUM-159_NLS_2N_O1_A18	77	3.55527638190955	0.00240606352883407	-6.02976325744155	127	oxygen-deprived	9.67261720134256e-05
20.5_20.5_2_1_0.5_0.3_0.2_0.1_0_0_0_0_0_0_0_0_0_0_0_0	2N	33	0	SUM-159_NLS_2N_O1_A18_seed	SUM-159_NLS_2N_O1_A18	78	3.59547738693467	0.00450416664067623	-5.40275239045523	127	oxygen-deprived	0.00018107202575582
20.5_20.5_2_1_0.5_0.3_0.2_0.1_0_0_0_0_0_0_0_0_0_0_0_0	2N	33	0	SUM-159_NLS_2N_O1_A18_seed	SUM-159_NLS_2N_O1_A18	79	3.6356783919598	0.00635028207135817	-5.05925604637778	127	oxygen-deprived	0.000255287721461623
20.5_20.5_2_1_0.5_0.3_0.2_0.1_0_0_0_0_0_0_0_0_0_0_0_0	2N	33	0	SUM-159_NLS_2N_O1_A18_seed	SUM-159_NLS_2N_O1_A18	80	3.67587939698492	0.00913639469332136	-4.69548942501815	127	oxygen-deprived	0.000367292248977727
20.5_20.5_2_1_0.5_0.3_0.2_0.1_0_0_0_0_0_0_0_0_0_0_0_0	2N	33	0	SUM-159_NLS_2N_O1_A18_seed	SUM-159_NLS_2N_O1_A18	81	3.71608040201005	0.013056257321542	-4.33848777189042	127	oxygen-deprived	0.00052487466619262
20.5_20.5_2_1_0.5_0.3_0.2_0.1_0_0_0_0_0_0_0_0_0_0_0_0	2N	33	0	SUM-159_NLS_2N_O1_A18_seed	SUM-159_NLS_2N_O1_A18	82	3.75628140703518	0.0187669378084818	-3.97565858455488	127	oxygen-deprived	0.000754449761144963
20.5_20.5_2_1_0.5_0.3_0.2_0.1_0_0_0_0_0_0_0_0_0_0_0_0	2N	33	0	SUM-159_NLS_2N_O1_A18_seed	SUM-159_NLS_2N_O1_A18	83	3.7964824120603	0.0268542372444001	-3.61733165876872	127	oxygen-deprived	0.001079567326408
20.5_20.5_2_1_0.5_0.3_0.2_0.1_0_0_0_0_0_0_0_0_0_0_0_0	2N	33	0	SUM-159_NLS_2N_O1_A18_seed	SUM-159_NLS_2N_O1_A18	84	3.83668341708543	0.037550563348366	-3.28206689826493	127	oxygen-deprived	0.00150957038586389
20.5_20.5_2_1_0.5_0.3_0.2_0.1_0_0_0_0_0_0_0_0_0_0_0_0	2N	33	0	SUM-159_NLS_2N_O1_A18_seed	SUM-159_NLS_2N_O1_A18	85	3.87688442211055	0.0517092683331594	-2.96211824210054	127	oxygen-deprived	0.00207876455610682
20.5_20.5_2_1_0.5_0.3_0.2_0.1_0_0_0_0_0_0_0_0_0_0_0_0	2N	33	0	SUM-159_NLS_2N_O1_A18_seed	SUM-159_NLS_2N_O1_A18	86	3.91708542713568	0.0704371232847364	-2.65303483541669	127	oxygen-deprived	0.00283164314712495
20.5_20.5_2_1_0.5_0.3_0.2_0.1_0_0_0_0_0_0_0_0_0_0_0_0	2N	33	0	SUM-159_NLS_2N_O1_A18_seed	SUM-159_NLS_2N_O1_A18	87	3.9572864321608	0.0933278603176432	-2.37163660565418	127	oxygen-deprived	0.00375187378161363
20.5_20.5_2_1_0.5_0.3_0.2_0.1_0_0_0_0_0_0_0_0_0_0_0_0	2N	33	0	SUM-159_NLS_2N_O1_A18_seed	SUM-159_NLS_2N_O1_A18	88	3.99748743718593	0.109360934646681	-2.21310154008979	127	oxygen-deprived	0.00439641948328346
20.5_20.5_2_1_0.5_0.3_0.2_0.1_0_0_0_0_0_0_0_0_0_0_0_0	2N	33	0	SUM-159_NLS_2N_O1_A18_seed	SUM-159_NLS_2N_O1_A18	89	4.03768844221106	0.126596640496879	-2.06674930598372	127	oxygen-deprived	0.00508931218077883
20.5_20.5_2_1_0.5_0.3_0.2_0.1_0_0_0_0_0_0_0_0_0_0_0_0	2N	33	0	SUM-159_NLS_2N_O1_A18_seed	SUM-159_NLS_2N_O1_A18	90	4.07788944723618	0.149411074086627	-1.90105388529131	127	oxygen-deprived	0.00600647534016564
20.5_20.5_2_1_0.5_0.3_0.2_0.1_0_0_0_0_0_0_0_0_0_0_0_0	2N	33	0	SUM-159_NLS_2N_O1_A18_seed	SUM-159_NLS_2N_O1_A18	91	4.11809045226131	0.175350034485776	-1.74097110572773	127	oxygen-deprived	0.00704924761751832
20.5_20.5_2_1_0.5_0.3_0.2_0.1_0_0_0_0_0_0_0_0_0_0_0_0	2N	33	0	SUM-159_NLS_2N_O1_A18_seed	SUM-159_NLS_2N_O1_A18	92	4.15829145728643	0.202969252424331	-1.59470077730246	127	oxygen-deprived	0.00815956793665616
20.5_20.5_2_1_0.5_0.3_0.2_0.1_0_0_0_0_0_0_0_0_0_0_0_0	2N	33	0	SUM-159_NLS_2N_O1_A18_seed	SUM-159_NLS_2N_O1_A18	93	4.19849246231156	0.227736761324023	-1.47956487263685	127	oxygen-deprived	0.00915524668639247
20.5_20.5_2_1_0.5_0.3_0.2_0.1_0_0_0_0_0_0_0_0_0_0_0_0	2N	33	0	SUM-159_NLS_2N_O1_A18_seed	SUM-159_NLS_2N_O1_A18	94	4.23869346733668	0.252027742851881	-1.37821610684818	127	oxygen-deprived	0.0101317685568591
20.5_20.5_2_1_0.5_0.3_0.2_0.1_0_0_0_0_0_0_0_0_0_0_0_0	2N	33	0	SUM-159_NLS_2N_O1_A18_seed	SUM-159_NLS_2N_O1_A18	95	4.27889447236181	0.266533766901999	-1.32225433832948	127	oxygen-deprived	0.0107149253025924
20.5_20.5_2_1_0.5_0.3_0.2_0.1_0_0_0_0_0_0_0_0_0_0_0_0	2N	33	0	SUM-159_NLS_2N_O1_A18_seed	SUM-159_NLS_2N_O1_A18	96	4.31909547738693	0.279602241108693	-1.2743872532444	127	oxygen-deprived	0.0112402910998465
20.5_20.5_2_1_0.5_0.3_0.2_0.1_0_0_0_0_0_0_0_0_0_0_0_0	2N	33	0	SUM-159_NLS_2N_O1_A18_seed	SUM-159_NLS_2N_O1_A18	97	4.35929648241206	0.285278876890253	-1.25428806174321	127	oxygen-deprived	0.0114684975634267
20.5_20.5_2_1_0.5_0.3_0.2_0.1_0_0_0_0_0_0_0_0_0_0_0_0	2N	33	0	SUM-159_NLS_2N_O1_A18_seed	SUM-159_NLS_2N_O1_A18	98	4.39949748743719	0.283862880083399	-1.25926397402215	127	oxygen-deprived	0.0114115730686788
20.5_20.5_2_1_0.5_0.3_0.2_0.1_0_0_0_0_0_0_0_0_0_0_0_0	2N	33	0	SUM-159_NLS_2N_O1_A18_seed	SUM-159_NLS_2N_O1_A18	99	4.43969849246231	0.275432024309284	-1.28941441655291	127	oxygen-deprived	0.0110726441933376
20.5_20.5_2_1_0.5_0.3_0.2_0.1_0_0_0_0_0_0_0_0_0_0_0_0	2N	33	0	SUM-159_NLS_2N_O1_A18_seed	SUM-159_NLS_2N_O1_A18	100	4.47989949748744	0.259267120000902	-1.34989639740518	127	oxygen-deprived	0.0104227987940056
20.5_20.5_2_1_0.5_0.3_0.2_0.1_0_0_0_0_0_0_0_0_0_0_0_0	2N	33	0	SUM-159_NLS_2N_O1_A18_seed	SUM-159_NLS_2N_O1_A18	101	4.52010050251256	0.24300491158043	-1.41467362358071	127	oxygen-deprived	0.00976904167157464
20.5_20.5_2_1_0.5_0.3_0.2_0.1_0_0_0_0_0_0_0_0_0_0_0_0	2N	33	0	SUM-159_NLS_2N_O1_A18_seed	SUM-159_NLS_2N_O1_A18	102	4.56030150753769	0.221066650441548	-1.50929103722385	127	oxygen-deprived	0.00888710152528796
20.5_20.5_2_1_0.5_0.3_0.2_0.1_0_0_0_0_0_0_0_0_0_0_0_0	2N	33	0	SUM-159_NLS_2N_O1_A18_seed	SUM-159_NLS_2N_O1_A18	103	4.60050251256281	0.197299259951134	-1.62303361684183	127	oxygen-deprived	0.00793162854074875
20.5_20.5_2_1_0.5_0.3_0.2_0.1_0_0_0_0_0_0_0_0_0_0_0_0	2N	33	0	SUM-159_NLS_2N_O1_A18_seed	SUM-159_NLS_2N_O1_A18	104	4.64070351758794	0.173557247235135	-1.75124777877275	127	oxygen-deprived	0.00697717576824632
20.5_20.5_2_1_0.5_0.3_0.2_0.1_0_0_0_0_0_0_0_0_0_0_0_0	2N	33	0	SUM-159_NLS_2N_O1_A18_seed	SUM-159_NLS_2N_O1_A18	105	4.68090452261307	0.147637446370929	-1.91299569729254	127	oxygen-deprived	0.00593517372345417
20.5_20.5_2_1_0.5_0.3_0.2_0.1_0_0_0_0_0_0_0_0_0_0_0_0	2N	33	0	SUM-159_NLS_2N_O1_A18_seed	SUM-159_NLS_2N_O1_A18	106	4.72110552763819	0.12547197266135	-2.0756728707587	127	oxygen-deprived	0.00504409940347113
20.5_20.5_2_1_0.5_0.3_0.2_0.1_0_0_0_0_0_0_0_0_0_0_0_0	2N	33	0	SUM-159_NLS_2N_O1_A18_seed	SUM-159_NLS_2N_O1_A18	107	4.76130653266332	0.102441535137023	-2.2784630320444	127	oxygen-deprived	0.00411825266882486
20.5_20.5_2_1_0.5_0.3_0.2_0.1_0_0_0_0_0_0_0_0_0_0_0_0	2N	33	0	SUM-159_NLS_2N_O1_A18_seed	SUM-159_NLS_2N_O1_A18	108	4.80150753768844	0.0854146787551407	-2.460237310579	127	oxygen-deprived	0.00343375592985475
20.5_20.5_2_1_0.5_0.3_0.2_0.1_0_0_0_0_0_0_0_0_0_0_0_0	2N	33	0	SUM-159_NLS_2N_O1_A18_seed	SUM-159_NLS_2N_O1_A18	109	4.84170854271357	0.0692720386363321	-2.66971393708861	127	oxygen-deprived	0.00278480557331976
20.5_20.5_2_1_0.5_0.3_0.2_0.1_0_0_0_0_0_0_0_0_0_0_0_0	2N	33	0	SUM-159_NLS_2N_O1_A18_seed	SUM-159_NLS_2N_O1_A18	110	4.88190954773869	0.0560021814230387	-2.88236463502284	127	oxygen-deprived	0.00225134397680547
20.5_20.5_2_1_0.5_0.3_0.2_0.1_0_0_0_0_0_0_0_0_0_0_0_0	2N	33	0	SUM-159_NLS_2N_O1_A18_seed	SUM-159_NLS_2N_O1_A18	111	4.92211055276382	0.0422196526704634	-3.16486946325465	127	oxygen-deprived	0.00169727246916428
20.5_20.5_2_1_0.5_0.3_0.2_0.1_0_0_0_0_0_0_0_0_0_0_0_0	2N	33	0	SUM-159_NLS_2N_O1_A18_seed	SUM-159_NLS_2N_O1_A18	112	4.96231155778894	0.0350051906066528	-3.35225892544131	127	oxygen-deprived	0.00140724384348347
20.5_20.5_2_1_0.5_0.3_0.2_0.1_0_0_0_0_0_0_0_0_0_0_0_0	2N	33	0	SUM-159_NLS_2N_O1_A18_seed	SUM-159_NLS_2N_O1_A18	113	5.00251256281407	0.0259989786441855	-3.64969802464819	127	oxygen-deprived	0.00104518507112299
20.5_20.5_2_1_0.5_0.3_0.2_0.1_0_0_0_0_0_0_0_0_0_0_0_0	2N	33	0	SUM-159_NLS_2N_O1_A18_seed	SUM-159_NLS_2N_O1_A18	114	5.0427135678392	0.0182059034174393	-4.00600937389832	127	oxygen-deprived	0.000731895614771396
20.5_20.5_2_1_0.5_0.3_0.2_0.1_0_0_0_0_0_0_0_0_0_0_0_0	2N	33	0	SUM-159_NLS_2N_O1_A18_seed	SUM-159_NLS_2N_O1_A18	115	5.08291457286432	0.0143165864744637	-4.24633652055369	127	oxygen-deprived	0.000575541164802535
20.5_20.5_2_1_0.5_0.3_0.2_0.1_0_0_0_0_0_0_0_0_0_0_0_0	2N	33	0	SUM-159_NLS_2N_O1_A18_seed	SUM-159_NLS_2N_O1_A18	116	5.12311557788945	0.010611665537602	-4.54580136057969	127	oxygen-deprived	0.000426599619602071
20.5_20.5_2_1_0.5_0.3_0.2_0.1_0_0_0_0_0_0_0_0_0_0_0_0	2N	33	0	SUM-159_NLS_2N_O1_A18_seed	SUM-159_NLS_2N_O1_A18	117	5.16331658291457	0.00735193705559748	-4.91279145550002	127	oxygen-deprived	0.000295555258516468
20.5_20.5_2_1_0.5_0.3_0.2_0.1_0_0_0_0_0_0_0_0_0_0_0_0	2N	33	0	SUM-159_NLS_2N_O1_A18_seed	SUM-159_NLS_2N_O1_A18	118	5.2035175879397	0.00541348840099601	-5.2188615878228	127	oxygen-deprived	0.00021762767441189
20.5_20.5_2_1_0.5_0.3_0.2_0.1_0_0_0_0_0_0_0_0_0_0_0_0	2N	33	0	SUM-159_NLS_2N_O1_A18_seed	SUM-159_NLS_2N_O1_A18	119	5.24371859296482	0.00384804901911102	-5.5601890074056	127	oxygen-deprived	0.000154695437954205
20.5_20.5_2_1_0.5_0.3_0.2_0.1_0_0_0_0_0_0_0_0_0_0_0_0	2N	33	0	SUM-159_NLS_2N_O1_A18_seed	SUM-159_NLS_2N_O1_A18	120	5.28391959798995	0.0030237599706721	-5.80125419859294	127	oxygen-deprived	0.000121558189775757
20.5_20.5_2_1_0.5_0.3_0.2_0.1_0_0_0_0_0_0_0_0_0_0_0_0	2N	33	0	SUM-159_NLS_2N_O1_A18_seed	SUM-159_NLS_2N_O1_A18	121	5.32412060301508	0.0023509218346987	-6.05294775765931	127	oxygen-deprived	9.45094204903958e-05
20.5_20.5_2_1_0.5_0.3_0.2_0.1_0_0_0_0_0_0_0_0_0_0_0_0	2N	33	0	SUM-159_NLS_2N_O1_A18_seed	SUM-159_NLS_2N_O1_A18	122	5.3643216080402	0.00189853088017665	-6.26667491285891	127	oxygen-deprived	7.63228494543343e-05
20.5_20.5_2_1_0.5_0.3_0.2_0.1_0_0_0_0_0_0_0_0_0_0_0_0	2N	33	0	SUM-159_NLS_2N_O1_A18_seed	SUM-159_NLS_2N_O1_A18	123	5.40452261306533	0.00148395896245946	-6.51304178794851	127	oxygen-deprived	5.96566417069103e-05
20.5_20.5_2_1_0.5_0.3_0.2_0.1_0_0_0_0_0_0_0_0_0_0_0_0	2N	33	0	SUM-159_NLS_2N_O1_A18_seed	SUM-159_NLS_2N_O1_A18	124	5.44472361809045	0.00105883657535053	-6.8505845440537	127	oxygen-deprived	4.25662944864516e-05
20.5_20.5_2_1_0.5_0.3_0.2_0.1_0_0_0_0_0_0_0_0_0_0_0_0	2N	33	0	SUM-159_NLS_2N_O1_A18_seed	SUM-159_NLS_2N_O1_A18	125	5.48492462311558	0.000801608187886495	-7.12889061325658	127	oxygen-deprived	3.22254547894054e-05
20.5_20.5_2_1_0.5_0.3_0.2_0.1_0_0_0_0_0_0_0_0_0_0_0_0	2N	33	0	SUM-159_NLS_2N_O1_A18_seed	SUM-159_NLS_2N_O1_A18	126	5.5251256281407	0.000543627746341308	-7.51724583515524	127	oxygen-deprived	2.18543817624637e-05
20.5_20.5_2_1_0.5_0.3_0.2_0.1_0_0_0_0_0_0_0_0_0_0_0_0	2N	33	0	SUM-159_NLS_2N_O1_A18_seed	SUM-159_NLS_2N_O1_A18	127	5.56532663316583	0.000374625651505276	-7.88958329324247	127	oxygen-deprived	1.50603276987039e-05
20.5_20.5_2_1_0.5_0.3_0.2_0.1_0_0_0_0_0_0_0_0_0_0_0_0	2N	33	0	SUM-159_NLS_2N_O1_A18_seed	SUM-159_NLS_2N_O1_A18	128	5.60552763819095	0.000381172561267923	-7.87225836865968	127	oxygen-deprived	1.53235200509711e-05
20.5_20.5_2_1_0.5_0.3_0.2_0.1_0_0_0_0_0_0_0_0_0_0_0_0	2N	33	0	SUM-159_NLS_2N_O1_A18_seed	SUM-159_NLS_2N_O1_A18	129	5.64572864321608	0.000473801125120474	-7.65472289156855	127	oxygen-deprived	1.90472814118775e-05
20.5_20.5_2_1_0.5_0.3_0.2_0.1_0_0_0_0_0_0_0_0_0_0_0_0	2N	33	0	SUM-159_NLS_2N_O1_A18_seed	SUM-159_NLS_2N_O1_A18	130	5.68592964824121	0.000158181156713735	-8.75176962025759	127	oxygen-deprived	6.35904147592876e-06
20.5_20.5_2_1_0.5_0.3_0.2_0.1_0_0_0_0_0_0_0_0_0_0_0_0	2N	33	0	SUM-159_NLS_2N_O1_A18_seed	SUM-159_NLS_2N_O1_A18	131	5.72613065326633	0.000103910938714228	-9.17197638422437	127	oxygen-deprived	4.17732416941601e-06
20.5_20.5_2_1_0.5_0.3_0.2_0.1_0_0_0_0_0_0_0_0_0_0_0_0	2N	33	0	SUM-159_NLS_2N_O1_A18_seed	SUM-159_NLS_2N_O1_A18	132	5.76633165829146	6.5470550909269e-05	-9.63391012086409	127	oxygen-deprived	2.63198194610115e-06
20.5_20.5_2_1_0.5_0.3_0.2_0.1_0_0_0_0_0_0_0_0_0_0_0_0	2N	33	0	SUM-159_NLS_2N_O1_A18_seed	SUM-159_NLS_2N_O1_A18	133	5.80653266331658	7.13598664905551e-05	-9.54777494062259	127	oxygen-deprived	2.86873835137897e-06
20.5_20.5_2_1_0.5_0.3_0.2_0.1_0_0_0_0_0_0_0_0_0_0_0_0	2N	33	0	SUM-159_NLS_2N_O1_A18_seed	SUM-159_NLS_2N_O1_A18	134	5.84673366834171	3.57034019113459e-05	-10.2402645820843	127	oxygen-deprived	1.43531263965203e-06
20.5_20.5_2_1_0.5_0.3_0.2_0.1_0_0_0_0_0_0_0_0_0_0_0_0	2N	33	0	SUM-159_NLS_2N_O1_A18_seed	SUM-159_NLS_2N_O1_A18	135	5.88693467336683	2.17933628689594e-06	-13.0364901830716	127	oxygen-deprived	8.76115090209384e-08
20.5_20.5_2_1_0.5_0.3_0.2_0.1_0_0_0_0_0_0_0_0_0_0_0_0	2N	33	0	SUM-159_NLS_2N_O1_A18_seed	SUM-159_NLS_2N_O1_A18	136	5.92713567839196	3.11647508447606e-05	-10.3762228824487	127	oxygen-deprived	1.25285430531695e-06
20.5_20.5_2_1_0.5_0.3_0.2_0.1_0_0_0_0_0_0_0_0_0_0_0_0	2N	33	0	SUM-159_NLS_2N_O1_A18_seed	SUM-159_NLS_2N_O1_A18	137	5.96733668341709	8.76625620057412e-06	-11.6446007297721	127	oxygen-deprived	3.52412309570803e-07
20.5_20.5_2_1_0.5_0.3_0.2_0.1_0_0_0_0_0_0_0_0_0_0_0_0	2N	33	0	SUM-159_NLS_2N_O1_A18_seed	SUM-159_NLS_2N_O1_A18	138	6.00753768844221	1.31546140820795e-08	-18.1464932591004	127	oxygen-deprived	5.28828706817243e-10
20.5_20.5_2_1_0.5_0.3_0.2_0.1_0_0_0_0_0_0_0_0_0_0_0_0	2N	33	0	SUM-159_NLS_2N_O1_A18_seed	SUM-159_NLS_2N_O1_A18	139	6.04773869346734	1.00009040071205e-12	-27.6309307193024	127	oxygen-deprived	4.02046392246032e-14
20.5_20.5_2_1_0.5_0.3_0.2_0.1_0_0_0_0_0_0_0_0_0_0_0_0	2N	33	0	SUM-159_NLS_2N_O1_A18_seed	SUM-159_NLS_2N_O1_A18	140	6.08793969849246	1.00009040071205e-12	-27.6309307193024	127	oxygen-deprived	4.02046392246032e-14
20.5_20.5_2_1_0.5_0.3_0.2_0.1_0_0_0_0_0_0_0_0_0_0_0_0	2N	33	0	SUM-159_NLS_2N_O1_A18_seed	SUM-159_NLS_2N_O1_A18	141	6.12814070351759	1.00009040071205e-12	-27.6309307193024	127	oxygen-deprived	4.02046392246032e-14
20.5_20.5_2_1_0.5_0.3_0.2_0.1_0_0_0_0_0_0_0_0_0_0_0_0	2N	33	0	SUM-159_NLS_2N_O1_A18_seed	SUM-159_NLS_2N_O1_A18	142	6.16834170854271	1.00009040071205e-12	-27.6309307193024	127	oxygen-deprived	4.02046392246032e-14
20.5_20.5_2_1_0.5_0.3_0.2_0.1_0_0_0_0_0_0_0_0_0_0_0_0	2N	33	0	SUM-159_NLS_2N_O1_A18_seed	SUM-159_NLS_2N_O1_A18	143	6.20854271356784	1.00009040071205e-12	-27.6309307193024	127	oxygen-deprived	4.02046392246032e-14
20.5_20.5_2_1_0.5_0.3_0.2_0.1_0_0_0_0_0_0_0_0_0_0_0_0	2N	33	0	SUM-159_NLS_2N_O1_A18_seed	SUM-159_NLS_2N_O1_A18	144	6.24874371859296	1.00009040071205e-12	-27.6309307193024	127	oxygen-deprived	4.02046392246032e-14
20.5_20.5_2_1_0.5_0.3_0.2_0.1_0_0_0_0_0_0_0_0_0_0_0_0	2N	33	0	SUM-159_NLS_2N_O1_A18_seed	SUM-159_NLS_2N_O1_A18	145	6.28894472361809	1.00009040071205e-12	-27.6309307193024	127	oxygen-deprived	4.02046392246032e-14
20.5_20.5_2_1_0.5_0.3_0.2_0.1_0_0_0_0_0_0_0_0_0_0_0_0	2N	33	0	SUM-159_NLS_2N_O1_A18_seed	SUM-159_NLS_2N_O1_A18	146	6.32914572864322	1.00009040071205e-12	-27.6309307193024	127	oxygen-deprived	4.02046392246032e-14
20.5_20.5_2_1_0.5_0.3_0.2_0.1_0_0_0_0_0_0_0_0_0_0_0_0	2N	33	0	SUM-159_NLS_2N_O1_A18_seed	SUM-159_NLS_2N_O1_A18	147	6.36934673366834	1.00009040071205e-12	-27.6309307193024	127	oxygen-deprived	4.02046392246032e-14
20.5_20.5_2_1_0.5_0.3_0.2_0.1_0_0_0_0_0_0_0_0_0_0_0_0	2N	33	0	SUM-159_NLS_2N_O1_A18_seed	SUM-159_NLS_2N_O1_A18	148	6.40954773869347	1.00009040071205e-12	-27.6309307193024	127	oxygen-deprived	4.02046392246032e-14
20.5_20.5_2_1_0.5_0.3_0.2_0.1_0_0_0_0_0_0_0_0_0_0_0_0	2N	33	0	SUM-159_NLS_2N_O1_A18_seed	SUM-159_NLS_2N_O1_A18	149	6.44974874371859	1.00009040071205e-12	-27.6309307193024	127	oxygen-deprived	4.02046392246032e-14
20.5_20.5_2_1_0.5_0.3_0.2_0.1_0_0_0_0_0_0_0_0_0_0_0_0	2N	33	0	SUM-159_NLS_2N_O1_A18_seed	SUM-159_NLS_2N_O1_A18	150	6.48994974874372	1.00009040071205e-12	-27.6309307193024	127	oxygen-deprived	4.02046392246032e-14
20.5_20.5_2_1_0.5_0.3_0.2_0.1_0_0_0_0_0_0_0_0_0_0_0_0	2N	33	0	SUM-159_NLS_2N_O1_A18_seed	SUM-159_NLS_2N_O1_A18	151	6.53015075376884	1.00009040071205e-12	-27.6309307193024	127	oxygen-deprived	4.02046392246032e-14
20.5_20.5_2_1_0.5_0.3_0.2_0.1_0_0_0_0_0_0_0_0_0_0_0_0	2N	33	0	SUM-159_NLS_2N_O1_A18_seed	SUM-159_NLS_2N_O1_A18	152	6.57035175879397	1.00009040071205e-12	-27.6309307193024	127	oxygen-deprived	4.02046392246032e-14
20.5_20.5_2_1_0.5_0.3_0.2_0.1_0_0_0_0_0_0_0_0_0_0_0_0	2N	33	0	SUM-159_NLS_2N_O1_A18_seed	SUM-159_NLS_2N_O1_A18	153	6.6105527638191	1.00009040071205e-12	-27.6309307193024	127	oxygen-deprived	4.02046392246032e-14
20.5_20.5_2_1_0.5_0.3_0.2_0.1_0_0_0_0_0_0_0_0_0_0_0_0	2N	33	0	SUM-159_NLS_2N_O1_A18_seed	SUM-159_NLS_2N_O1_A18	154	6.65075376884422	1.00009040071205e-12	-27.6309307193024	127	oxygen-deprived	4.02046392246032e-14
20.5_20.5_2_1_0.5_0.3_0.2_0.1_0_0_0_0_0_0_0_0_0_0_0_0	2N	33	0	SUM-159_NLS_2N_O1_A18_seed	SUM-159_NLS_2N_O1_A18	155	6.69095477386935	1.00009040071205e-12	-27.6309307193024	127	oxygen-deprived	4.02046392246032e-14
20.5_20.5_2_1_0.5_0.3_0.2_0.1_0_0_0_0_0_0_0_0_0_0_0_0	2N	33	0	SUM-159_NLS_2N_O1_A18_seed	SUM-159_NLS_2N_O1_A18	156	6.73115577889447	1.00009040071205e-12	-27.6309307193024	127	oxygen-deprived	4.02046392246032e-14
20.5_20.5_2_1_0.5_0.3_0.2_0.1_0_0_0_0_0_0_0_0_0_0_0_0	2N	33	0	SUM-159_NLS_2N_O1_A18_seed	SUM-159_NLS_2N_O1_A18	157	6.7713567839196	1.00009040071205e-12	-27.6309307193024	127	oxygen-deprived	4.02046392246032e-14
20.5_20.5_2_1_0.5_0.3_0.2_0.1_0_0_0_0_0_0_0_0_0_0_0_0	2N	33	0	SUM-159_NLS_2N_O1_A18_seed	SUM-159_NLS_2N_O1_A18	158	6.81155778894472	1.00009040071205e-12	-27.6309307193024	127	oxygen-deprived	4.02046392246032e-14
20.5_20.5_2_1_0.5_0.3_0.2_0.1_0_0_0_0_0_0_0_0_0_0_0_0	2N	33	0	SUM-159_NLS_2N_O1_A18_seed	SUM-159_NLS_2N_O1_A18	159	6.85175879396985	1.00009040071205e-12	-27.6309307193024	127	oxygen-deprived	4.02046392246032e-14
20.5_20.5_2_1_0.5_0.3_0.2_0.1_0_0_0_0_0_0_0_0_0_0_0_0	2N	33	0	SUM-159_NLS_2N_O1_A18_seed	SUM-159_NLS_2N_O1_A18	160	6.89195979899498	1.00009040071205e-12	-27.6309307193024	127	oxygen-deprived	4.02046392246032e-14
20.5_20.5_2_1_0.5_0.3_0.2_0.1_0_0_0_0_0_0_0_0_0_0_0_0	2N	33	0	SUM-159_NLS_2N_O1_A18_seed	SUM-159_NLS_2N_O1_A18	161	6.9321608040201	1.00009040071205e-12	-27.6309307193024	127	oxygen-deprived	4.02046392246032e-14
20.5_20.5_2_1_0.5_0.3_0.2_0.1_0_0_0_0_0_0_0_0_0_0_0_0	2N	33	0	SUM-159_NLS_2N_O1_A18_seed	SUM-159_NLS_2N_O1_A18	162	6.97236180904523	1.00009040071205e-12	-27.6309307193024	127	oxygen-deprived	4.02046392246032e-14
20.5_20.5_2_1_0.5_0.3_0.2_0.1_0_0_0_0_0_0_0_0_0_0_0_0	2N	33	0	SUM-159_NLS_2N_O1_A18_seed	SUM-159_NLS_2N_O1_A18	163	7.01256281407035	1.00009040071205e-12	-27.6309307193024	127	oxygen-deprived	4.02046392246032e-14
20.5_20.5_2_1_0.5_0.3_0.2_0.1_0_0_0_0_0_0_0_0_0_0_0_0	2N	33	0	SUM-159_NLS_2N_O1_A18_seed	SUM-159_NLS_2N_O1_A18	164	7.05276381909548	1.00009040071205e-12	-27.6309307193024	127	oxygen-deprived	4.02046392246032e-14
20.5_20.5_2_1_0.5_0.3_0.2_0.1_0_0_0_0_0_0_0_0_0_0_0_0	2N	33	0	SUM-159_NLS_2N_O1_A18_seed	SUM-159_NLS_2N_O1_A18	165	7.0929648241206	1.00009040071205e-12	-27.6309307193024	127	oxygen-deprived	4.02046392246032e-14
20.5_20.5_2_1_0.5_0.3_0.2_0.1_0_0_0_0_0_0_0_0_0_0_0_0	2N	33	0	SUM-159_NLS_2N_O1_A18_seed	SUM-159_NLS_2N_O1_A18	166	7.13316582914573	1.00009040071205e-12	-27.6309307193024	127	oxygen-deprived	4.02046392246032e-14
20.5_20.5_2_1_0.5_0.3_0.2_0.1_0_0_0_0_0_0_0_0_0_0_0_0	2N	33	0	SUM-159_NLS_2N_O1_A18_seed	SUM-159_NLS_2N_O1_A18	167	7.17336683417085	1.00009040071205e-12	-27.6309307193024	127	oxygen-deprived	4.02046392246032e-14
20.5_20.5_2_1_0.5_0.3_0.2_0.1_0_0_0_0_0_0_0_0_0_0_0_0	2N	33	0	SUM-159_NLS_2N_O1_A18_seed	SUM-159_NLS_2N_O1_A18	168	7.21356783919598	1.00009040071205e-12	-27.6309307193024	127	oxygen-deprived	4.02046392246032e-14
20.5_20.5_2_1_0.5_0.3_0.2_0.1_0_0_0_0_0_0_0_0_0_0_0_0	2N	33	0	SUM-159_NLS_2N_O1_A18_seed	SUM-159_NLS_2N_O1_A18	169	7.25376884422111	1.00009040071205e-12	-27.6309307193024	127	oxygen-deprived	4.02046392246032e-14
20.5_20.5_2_1_0.5_0.3_0.2_0.1_0_0_0_0_0_0_0_0_0_0_0_0	2N	33	0	SUM-159_NLS_2N_O1_A18_seed	SUM-159_NLS_2N_O1_A18	170	7.29396984924623	1.00009040071205e-12	-27.6309307193024	127	oxygen-deprived	4.02046392246032e-14
20.5_20.5_2_1_0.5_0.3_0.2_0.1_0_0_0_0_0_0_0_0_0_0_0_0	2N	33	0	SUM-159_NLS_2N_O1_A18_seed	SUM-159_NLS_2N_O1_A18	171	7.33417085427136	1.00009040071205e-12	-27.6309307193024	127	oxygen-deprived	4.02046392246032e-14
20.5_20.5_2_1_0.5_0.3_0.2_0.1_0_0_0_0_0_0_0_0_0_0_0_0	2N	33	0	SUM-159_NLS_2N_O1_A18_seed	SUM-159_NLS_2N_O1_A18	172	7.37437185929648	1.00009040071205e-12	-27.6309307193024	127	oxygen-deprived	4.02046392246032e-14
20.5_20.5_2_1_0.5_0.3_0.2_0.1_0_0_0_0_0_0_0_0_0_0_0_0	2N	33	0	SUM-159_NLS_2N_O1_A18_seed	SUM-159_NLS_2N_O1_A18	173	7.41457286432161	1.00009040071205e-12	-27.6309307193024	127	oxygen-deprived	4.02046392246032e-14
20.5_20.5_2_1_0.5_0.3_0.2_0.1_0_0_0_0_0_0_0_0_0_0_0_0	2N	33	0	SUM-159_NLS_2N_O1_A18_seed	SUM-159_NLS_2N_O1_A18	174	7.45477386934673	1.00009040071205e-12	-27.6309307193024	127	oxygen-deprived	4.02046392246032e-14
20.5_20.5_2_1_0.5_0.3_0.2_0.1_0_0_0_0_0_0_0_0_0_0_0_0	2N	33	0	SUM-159_NLS_2N_O1_A18_seed	SUM-159_NLS_2N_O1_A18	175	7.49497487437186	1.00009040071205e-12	-27.6309307193024	127	oxygen-deprived	4.02046392246032e-14
20.5_20.5_2_1_0.5_0.3_0.2_0.1_0_0_0_0_0_0_0_0_0_0_0_0	2N	33	0	SUM-159_NLS_2N_O1_A18_seed	SUM-159_NLS_2N_O1_A18	176	7.53517587939699	1.00009040071205e-12	-27.6309307193024	127	oxygen-deprived	4.02046392246032e-14
20.5_20.5_2_1_0.5_0.3_0.2_0.1_0_0_0_0_0_0_0_0_0_0_0_0	2N	33	0	SUM-159_NLS_2N_O1_A18_seed	SUM-159_NLS_2N_O1_A18	177	7.57537688442211	1.00009040071205e-12	-27.6309307193024	127	oxygen-deprived	4.02046392246032e-14
20.5_20.5_2_1_0.5_0.3_0.2_0.1_0_0_0_0_0_0_0_0_0_0_0_0	2N	33	0	SUM-159_NLS_2N_O1_A18_seed	SUM-159_NLS_2N_O1_A18	178	7.61557788944724	1.00009040071205e-12	-27.6309307193024	127	oxygen-deprived	4.02046392246032e-14
20.5_20.5_2_1_0.5_0.3_0.2_0.1_0_0_0_0_0_0_0_0_0_0_0_0	2N	33	0	SUM-159_NLS_2N_O1_A18_seed	SUM-159_NLS_2N_O1_A18	179	7.65577889447236	1.00009040071205e-12	-27.6309307193024	127	oxygen-deprived	4.02046392246032e-14
20.5_20.5_2_1_0.5_0.3_0.2_0.1_0_0_0_0_0_0_0_0_0_0_0_0	2N	33	0	SUM-159_NLS_2N_O1_A18_seed	SUM-159_NLS_2N_O1_A18	180	7.69597989949749	1.00009040071205e-12	-27.6309307193024	127	oxygen-deprived	4.02046392246032e-14
20.5_20.5_2_1_0.5_0.3_0.2_0.1_0_0_0_0_0_0_0_0_0_0_0_0	2N	33	0	SUM-159_NLS_2N_O1_A18_seed	SUM-159_NLS_2N_O1_A18	181	7.73618090452261	1.00009040071205e-12	-27.6309307193024	127	oxygen-deprived	4.02046392246032e-14
20.5_20.5_2_1_0.5_0.3_0.2_0.1_0_0_0_0_0_0_0_0_0_0_0_0	2N	33	0	SUM-159_NLS_2N_O1_A18_seed	SUM-159_NLS_2N_O1_A18	182	7.77638190954774	1.00009040071205e-12	-27.6309307193024	127	oxygen-deprived	4.02046392246032e-14
20.5_20.5_2_1_0.5_0.3_0.2_0.1_0_0_0_0_0_0_0_0_0_0_0_0	2N	33	0	SUM-159_NLS_2N_O1_A18_seed	SUM-159_NLS_2N_O1_A18	183	7.81658291457286	1.00009040071205e-12	-27.6309307193024	127	oxygen-deprived	4.02046392246032e-14
20.5_20.5_2_1_0.5_0.3_0.2_0.1_0_0_0_0_0_0_0_0_0_0_0_0	2N	33	0	SUM-159_NLS_2N_O1_A18_seed	SUM-159_NLS_2N_O1_A18	184	7.85678391959799	1.00009040071205e-12	-27.6309307193024	127	oxygen-deprived	4.02046392246032e-14
20.5_20.5_2_1_0.5_0.3_0.2_0.1_0_0_0_0_0_0_0_0_0_0_0_0	2N	33	0	SUM-159_NLS_2N_O1_A18_seed	SUM-159_NLS_2N_O1_A18	185	7.89698492462312	1.00009040071205e-12	-27.6309307193024	127	oxygen-deprived	4.02046392246032e-14
20.5_20.5_2_1_0.5_0.3_0.2_0.1_0_0_0_0_0_0_0_0_0_0_0_0	2N	33	0	SUM-159_NLS_2N_O1_A18_seed	SUM-159_NLS_2N_O1_A18	186	7.93718592964824	1.00009040071205e-12	-27.6309307193024	127	oxygen-deprived	4.02046392246032e-14
20.5_20.5_2_1_0.5_0.3_0.2_0.1_0_0_0_0_0_0_0_0_0_0_0_0	2N	33	0	SUM-159_NLS_2N_O1_A18_seed	SUM-159_NLS_2N_O1_A18	187	7.97738693467337	1.00009040071205e-12	-27.6309307193024	127	oxygen-deprived	4.02046392246032e-14
20.5_20.5_2_1_0.5_0.3_0.2_0.1_0_0_0_0_0_0_0_0_0_0_0_0	2N	33	0	SUM-159_NLS_2N_O1_A18_seed	SUM-159_NLS_2N_O1_A18	188	8.01758793969849	1.00009040071205e-12	-27.6309307193024	127	oxygen-deprived	4.02046392246032e-14
20.5_20.5_2_1_0.5_0.3_0.2_0.1_0_0_0_0_0_0_0_0_0_0_0_0	2N	33	0	SUM-159_NLS_2N_O1_A18_seed	SUM-159_NLS_2N_O1_A18	189	8.05778894472362	1.00009040071205e-12	-27.6309307193024	127	oxygen-deprived	4.02046392246032e-14
20.5_20.5_2_1_0.5_0.3_0.2_0.1_0_0_0_0_0_0_0_0_0_0_0_0	2N	33	0	SUM-159_NLS_2N_O1_A18_seed	SUM-159_NLS_2N_O1_A18	190	8.09798994974874	1.00009040071205e-12	-27.6309307193024	127	oxygen-deprived	4.02046392246032e-14
20.5_20.5_2_1_0.5_0.3_0.2_0.1_0_0_0_0_0_0_0_0_0_0_0_0	2N	33	0	SUM-159_NLS_2N_O1_A18_seed	SUM-159_NLS_2N_O1_A18	191	8.13819095477387	1.00009040071205e-12	-27.6309307193024	127	oxygen-deprived	4.02046392246032e-14
20.5_20.5_2_1_0.5_0.3_0.2_0.1_0_0_0_0_0_0_0_0_0_0_0_0	2N	33	0	SUM-159_NLS_2N_O1_A18_seed	SUM-159_NLS_2N_O1_A18	192	8.178391959799	1.00009040071205e-12	-27.6309307193024	127	oxygen-deprived	4.02046392246032e-14
20.5_20.5_2_1_0.5_0.3_0.2_0.1_0_0_0_0_0_0_0_0_0_0_0_0	2N	33	0	SUM-159_NLS_2N_O1_A18_seed	SUM-159_NLS_2N_O1_A18	193	8.21859296482412	1.00009040071205e-12	-27.6309307193024	127	oxygen-deprived	4.02046392246032e-14
20.5_20.5_2_1_0.5_0.3_0.2_0.1_0_0_0_0_0_0_0_0_0_0_0_0	2N	33	0	SUM-159_NLS_2N_O1_A18_seed	SUM-159_NLS_2N_O1_A18	194	8.25879396984925	1.00009040071205e-12	-27.6309307193024	127	oxygen-deprived	4.02046392246032e-14
20.5_20.5_2_1_0.5_0.3_0.2_0.1_0_0_0_0_0_0_0_0_0_0_0_0	2N	33	0	SUM-159_NLS_2N_O1_A18_seed	SUM-159_NLS_2N_O1_A18	195	8.29899497487437	1.00009040071205e-12	-27.6309307193024	127	oxygen-deprived	4.02046392246032e-14
20.5_20.5_2_1_0.5_0.3_0.2_0.1_0_0_0_0_0_0_0_0_0_0_0_0	2N	33	0	SUM-159_NLS_2N_O1_A18_seed	SUM-159_NLS_2N_O1_A18	196	8.3391959798995	1.00009040071205e-12	-27.6309307193024	127	oxygen-deprived	4.02046392246032e-14
20.5_20.5_2_1_0.5_0.3_0.2_0.1_0_0_0_0_0_0_0_0_0_0_0_0	2N	33	0	SUM-159_NLS_2N_O1_A18_seed	SUM-159_NLS_2N_O1_A18	197	8.37939698492462	1.00009040071205e-12	-27.6309307193024	127	oxygen-deprived	4.02046392246032e-14
20.5_20.5_2_1_0.5_0.3_0.2_0.1_0_0_0_0_0_0_0_0_0_0_0_0	2N	33	0	SUM-159_NLS_2N_O1_A18_seed	SUM-159_NLS_2N_O1_A18	198	8.41959798994975	1.00009040071205e-12	-27.6309307193024	127	oxygen-deprived	4.02046392246032e-14
20.5_20.5_2_1_0.5_0.3_0.2_0.1_0_0_0_0_0_0_0_0_0_0_0_0	2N	33	0	SUM-159_NLS_2N_O1_A18_seed	SUM-159_NLS_2N_O1_A18	199	8.45979899497488	1.00009040071205e-12	-27.6309307193024	127	oxygen-deprived	4.02046392246032e-14
20.5_20.5_2_1_0.5_0.3_0.2_0.1_0_0_0_0_0_0_0_0_0_0_0_0	2N	33	0	SUM-159_NLS_2N_O1_A18_seed	SUM-159_NLS_2N_O1_A18	200	8.5	1.00009040071205e-12	-27.6309307193024	127	oxygen-deprived	4.02046392246032e-14
20.5_20.5_2_1_0.5_0.3_0.2_0.1_0_0_0_0_0_0_0_0_0_0_0_0	2N	33	0	SUM-159_NLS_2N_O2_A18_seed	SUM-159_NLS_2N_O2_A18	1	0.5	1.00000136569728e-12	-27.6310197502322	127	oxygen-deprived	4.02010599275274e-14
20.5_20.5_2_1_0.5_0.3_0.2_0.1_0_0_0_0_0_0_0_0_0_0_0_0	2N	33	0	SUM-159_NLS_2N_O2_A18_seed	SUM-159_NLS_2N_O2_A18	2	0.540201005025126	1.00000136569728e-12	-27.6310197502322	127	oxygen-deprived	4.02010599275274e-14
20.5_20.5_2_1_0.5_0.3_0.2_0.1_0_0_0_0_0_0_0_0_0_0_0_0	2N	33	0	SUM-159_NLS_2N_O2_A18_seed	SUM-159_NLS_2N_O2_A18	3	0.580402010050251	1.00000136569728e-12	-27.6310197502322	127	oxygen-deprived	4.02010599275274e-14
20.5_20.5_2_1_0.5_0.3_0.2_0.1_0_0_0_0_0_0_0_0_0_0_0_0	2N	33	0	SUM-159_NLS_2N_O2_A18_seed	SUM-159_NLS_2N_O2_A18	4	0.620603015075377	1.00000136569728e-12	-27.6310197502322	127	oxygen-deprived	4.02010599275274e-14
20.5_20.5_2_1_0.5_0.3_0.2_0.1_0_0_0_0_0_0_0_0_0_0_0_0	2N	33	0	SUM-159_NLS_2N_O2_A18_seed	SUM-159_NLS_2N_O2_A18	5	0.660804020100503	1.00000136569728e-12	-27.6310197502322	127	oxygen-deprived	4.02010599275274e-14
20.5_20.5_2_1_0.5_0.3_0.2_0.1_0_0_0_0_0_0_0_0_0_0_0_0	2N	33	0	SUM-159_NLS_2N_O2_A18_seed	SUM-159_NLS_2N_O2_A18	6	0.701005025125628	1.00000136569728e-12	-27.6310197502322	127	oxygen-deprived	4.02010599275274e-14
20.5_20.5_2_1_0.5_0.3_0.2_0.1_0_0_0_0_0_0_0_0_0_0_0_0	2N	33	0	SUM-159_NLS_2N_O2_A18_seed	SUM-159_NLS_2N_O2_A18	7	0.741206030150754	1.00000136569728e-12	-27.6310197502322	127	oxygen-deprived	4.02010599275274e-14
20.5_20.5_2_1_0.5_0.3_0.2_0.1_0_0_0_0_0_0_0_0_0_0_0_0	2N	33	0	SUM-159_NLS_2N_O2_A18_seed	SUM-159_NLS_2N_O2_A18	8	0.781407035175879	1.00000136569728e-12	-27.6310197502322	127	oxygen-deprived	4.02010599275274e-14
20.5_20.5_2_1_0.5_0.3_0.2_0.1_0_0_0_0_0_0_0_0_0_0_0_0	2N	33	0	SUM-159_NLS_2N_O2_A18_seed	SUM-159_NLS_2N_O2_A18	9	0.821608040201005	4.20725708884947e-12	-26.1942102034061	127	oxygen-deprived	1.69135963370827e-13
20.5_20.5_2_1_0.5_0.3_0.2_0.1_0_0_0_0_0_0_0_0_0_0_0_0	2N	33	0	SUM-159_NLS_2N_O2_A18_seed	SUM-159_NLS_2N_O2_A18	10	0.861809045226131	8.05372979281375e-11	-23.2423007105076	127	oxygen-deprived	3.23768031871898e-12
20.5_20.5_2_1_0.5_0.3_0.2_0.1_0_0_0_0_0_0_0_0_0_0_0_0	2N	33	0	SUM-159_NLS_2N_O2_A18_seed	SUM-159_NLS_2N_O2_A18	11	0.902010050251256	1.45850743227849e-09	-20.3458522307966	127	oxygen-deprived	5.86334646142085e-11
20.5_20.5_2_1_0.5_0.3_0.2_0.1_0_0_0_0_0_0_0_0_0_0_0_0	2N	33	0	SUM-159_NLS_2N_O2_A18_seed	SUM-159_NLS_2N_O2_A18	12	0.942211055276382	1.59591930723274e-08	-17.9532308055809	127	oxygen-deprived	6.4157560089756e-10
20.5_20.5_2_1_0.5_0.3_0.2_0.1_0_0_0_0_0_0_0_0_0_0_0_0	2N	33	0	SUM-159_NLS_2N_O2_A18_seed	SUM-159_NLS_2N_O2_A18	13	0.982412060301508	1.31742443154124e-07	-15.8424170086339	127	oxygen-deprived	5.29617861926107e-09
20.5_20.5_2_1_0.5_0.3_0.2_0.1_0_0_0_0_0_0_0_0_0_0_0_0	2N	33	0	SUM-159_NLS_2N_O2_A18_seed	SUM-159_NLS_2N_O2_A18	14	1.02261306532663	8.14394587743903e-07	-14.0208208368698	127	oxygen-deprived	3.27394809143265e-08
20.5_20.5_2_1_0.5_0.3_0.2_0.1_0_0_0_0_0_0_0_0_0_0_0_0	2N	33	0	SUM-159_NLS_2N_O2_A18_seed	SUM-159_NLS_2N_O2_A18	15	1.06281407035176	3.54647500236428e-06	-12.5495564048659	127	oxygen-deprived	1.42571859391524e-07
20.5_20.5_2_1_0.5_0.3_0.2_0.1_0_0_0_0_0_0_0_0_0_0_0_0	2N	33	0	SUM-159_NLS_2N_O2_A18_seed	SUM-159_NLS_2N_O2_A18	16	1.10301507537688	1.25120696943065e-05	-11.2888168039797	127	oxygen-deprived	5.02997776655519e-07
20.5_20.5_2_1_0.5_0.3_0.2_0.1_0_0_0_0_0_0_0_0_0_0_0_0	2N	33	0	SUM-159_NLS_2N_O2_A18_seed	SUM-159_NLS_2N_O2_A18	17	1.14321608040201	3.42051921847875e-05	-10.2831331071503	127	oxygen-deprived	1.37508310290598e-06
20.5_20.5_2_1_0.5_0.3_0.2_0.1_0_0_0_0_0_0_0_0_0_0_0_0	2N	33	0	SUM-159_NLS_2N_O2_A18_seed	SUM-159_NLS_2N_O2_A18	18	1.18341708542714	7.99626119656634e-05	-9.43395138296185	127	oxygen-deprived	3.21457736545369e-06
20.5_20.5_2_1_0.5_0.3_0.2_0.1_0_0_0_0_0_0_0_0_0_0_0_0	2N	33	0	SUM-159_NLS_2N_O2_A18_seed	SUM-159_NLS_2N_O2_A18	19	1.22361809045226	0.000170768425187283	-8.67520215794238	127	oxygen-deprived	6.8650623190865e-06
20.5_20.5_2_1_0.5_0.3_0.2_0.1_0_0_0_0_0_0_0_0_0_0_0_0	2N	33	0	SUM-159_NLS_2N_O2_A18_seed	SUM-159_NLS_2N_O2_A18	20	1.26381909547739	0.000342341518471173	-7.97970172714203	127	oxygen-deprived	1.37624731043683e-05
20.5_20.5_2_1_0.5_0.3_0.2_0.1_0_0_0_0_0_0_0_0_0_0_0_0	2N	33	0	SUM-159_NLS_2N_O2_A18_seed	SUM-159_NLS_2N_O2_A18	21	1.30402010050251	0.00067325413538512	-7.30338768387016	127	oxygen-deprived	2.70654928798028e-05
20.5_20.5_2_1_0.5_0.3_0.2_0.1_0_0_0_0_0_0_0_0_0_0_0_0	2N	33	0	SUM-159_NLS_2N_O2_A18_seed	SUM-159_NLS_2N_O2_A18	22	1.34422110552764	0.00126436558756718	-6.67318479440636	127	oxygen-deprived	5.08287673393822e-05
20.5_20.5_2_1_0.5_0.3_0.2_0.1_0_0_0_0_0_0_0_0_0_0_0_0	2N	33	0	SUM-159_NLS_2N_O2_A18_seed	SUM-159_NLS_2N_O2_A18	23	1.38442211055276	0.00229326004774507	-6.07778087214071	127	oxygen-deprived	9.2191358703316e-05
20.5_20.5_2_1_0.5_0.3_0.2_0.1_0_0_0_0_0_0_0_0_0_0_0_0	2N	33	0	SUM-159_NLS_2N_O2_A18_seed	SUM-159_NLS_2N_O2_A18	24	1.42462311557789	0.00401720180508837	-5.51716968710526	127	oxygen-deprived	0.000161495549953295
20.5_20.5_2_1_0.5_0.3_0.2_0.1_0_0_0_0_0_0_0_0_0_0_0_0	2N	33	0	SUM-159_NLS_2N_O2_A18_seed	SUM-159_NLS_2N_O2_A18	25	1.46482412060302	0.00678388456257008	-4.9932053967679	127	oxygen-deprived	0.000272718977389742
20.5_20.5_2_1_0.5_0.3_0.2_0.1_0_0_0_0_0_0_0_0_0_0_0_0	2N	33	0	SUM-159_NLS_2N_O2_A18_seed	SUM-159_NLS_2N_O2_A18	26	1.50502512562814	0.0113022476952564	-4.48275366195939	127	oxygen-deprived	0.0004543617163922
20.5_20.5_2_1_0.5_0.3_0.2_0.1_0_0_0_0_0_0_0_0_0_0_0_0	2N	33	0	SUM-159_NLS_2N_O2_A18_seed	SUM-159_NLS_2N_O2_A18	27	1.54522613065327	0.018235501448904	-4.00438495584519	127	oxygen-deprived	0.000733085485383048
20.5_20.5_2_1_0.5_0.3_0.2_0.1_0_0_0_0_0_0_0_0_0_0_0_0	2N	33	0	SUM-159_NLS_2N_O2_A18_seed	SUM-159_NLS_2N_O2_A18	28	1.58542713567839	0.0285509028648127	-3.55606671939371	127	oxygen-deprived	0.00114777498954017
20.5_20.5_2_1_0.5_0.3_0.2_0.1_0_0_0_0_0_0_0_0_0_0_0_0	2N	33	0	SUM-159_NLS_2N_O2_A18_seed	SUM-159_NLS_2N_O2_A18	29	1.62562814070352	0.043178473792252	-3.14241319976673	127	oxygen-deprived	0.00173581804189951
20.5_20.5_2_1_0.5_0.3_0.2_0.1_0_0_0_0_0_0_0_0_0_0_0_0	2N	33	0	SUM-159_NLS_2N_O2_A18_seed	SUM-159_NLS_2N_O2_A18	30	1.66582914572864	0.0630559671001389	-2.76373258028586	127	oxygen-deprived	0.00253491325025675
20.5_20.5_2_1_0.5_0.3_0.2_0.1_0_0_0_0_0_0_0_0_0_0_0_0	2N	33	0	SUM-159_NLS_2N_O2_A18_seed	SUM-159_NLS_2N_O2_A18	31	1.70603015075377	0.0898621824900822	-2.40947808796444	127	oxygen-deprived	0.00361255004985242
20.5_20.5_2_1_0.5_0.3_0.2_0.1_0_0_0_0_0_0_0_0_0_0_0_0	2N	33	0	SUM-159_NLS_2N_O2_A18_seed	SUM-159_NLS_2N_O2_A18	32	1.74623115577889	0.124130512546342	-2.08642174635347	127	oxygen-deprived	0.00499017135864673
20.5_20.5_2_1_0.5_0.3_0.2_0.1_0_0_0_0_0_0_0_0_0_0_0_0	2N	33	0	SUM-159_NLS_2N_O2_A18_seed	SUM-159_NLS_2N_O2_A18	33	1.78643216080402	0.166299716894496	-1.79396359516296	127	oxygen-deprived	0.00668541575455236
20.5_20.5_2_1_0.5_0.3_0.2_0.1_0_0_0_0_0_0_0_0_0_0_0_0	2N	33	0	SUM-159_NLS_2N_O2_A18_seed	SUM-159_NLS_2N_O2_A18	34	1.82663316582915	0.215512437802603	-1.53473665508248	127	oxygen-deprived	0.0086638165950792
20.5_20.5_2_1_0.5_0.3_0.2_0.1_0_0_0_0_0_0_0_0_0_0_0_0	2N	33	0	SUM-159_NLS_2N_O2_A18_seed	SUM-159_NLS_2N_O2_A18	35	1.86683417085427	0.270260872179365	-1.30836759319112	127	oxygen-deprived	0.0108647586805771
20.5_20.5_2_1_0.5_0.3_0.2_0.1_0_0_0_0_0_0_0_0_0_0_0_0	2N	33	0	SUM-159_NLS_2N_O2_A18_seed	SUM-159_NLS_2N_O2_A18	36	1.9070351758794	0.328806455323221	-1.11228598301467	127	oxygen-deprived	0.0132183499627421
20.5_20.5_2_1_0.5_0.3_0.2_0.1_0_0_0_0_0_0_0_0_0_0_0_0	2N	33	0	SUM-159_NLS_2N_O2_A18_seed	SUM-159_NLS_2N_O2_A18	37	1.94723618090452	0.388300093131219	-0.945976802401075	127	oxygen-deprived	0.0156100539952243
20.5_20.5_2_1_0.5_0.3_0.2_0.1_0_0_0_0_0_0_0_0_0_0_0_0	2N	33	0	SUM-159_NLS_2N_O2_A18_seed	SUM-159_NLS_2N_O2_A18	38	1.98743718592965	0.445357891760164	-0.808877068906117	127	oxygen-deprived	0.017903834844629
20.5_20.5_2_1_0.5_0.3_0.2_0.1_0_0_0_0_0_0_0_0_0_0_0_0	2N	33	0	SUM-159_NLS_2N_O2_A18_seed	SUM-159_NLS_2N_O2_A18	39	2.02763819095477	0.49616855309218	-0.700839585201953	127	oxygen-deprived	0.0199464744961673
20.5_20.5_2_1_0.5_0.3_0.2_0.1_0_0_0_0_0_0_0_0_0_0_0_0	2N	33	0	SUM-159_NLS_2N_O2_A18_seed	SUM-159_NLS_2N_O2_A18	40	2.0678391959799	0.537199742836827	-0.621385293043469	127	oxygen-deprived	0.0215959695612787
20.5_20.5_2_1_0.5_0.3_0.2_0.1_0_0_0_0_0_0_0_0_0_0_0_0	2N	33	0	SUM-159_NLS_2N_O2_A18_seed	SUM-159_NLS_2N_O2_A18	41	2.10804020100502	0.564671553492726	-0.571511038120219	127	oxygen-deprived	0.0227003639595057
20.5_20.5_2_1_0.5_0.3_0.2_0.1_0_0_0_0_0_0_0_0_0_0_0_0	2N	33	0	SUM-159_NLS_2N_O2_A18_seed	SUM-159_NLS_2N_O2_A18	42	2.14824120603015	0.576860063685186	-0.550155565830209	127	oxygen-deprived	0.0231903543190016
20.5_20.5_2_1_0.5_0.3_0.2_0.1_0_0_0_0_0_0_0_0_0_0_0_0	2N	33	0	SUM-159_NLS_2N_O2_A18_seed	SUM-159_NLS_2N_O2_A18	43	2.18844221105528	0.571382196213983	-0.55969694785433	127	oxygen-deprived	0.0229701385412648
20.5_20.5_2_1_0.5_0.3_0.2_0.1_0_0_0_0_0_0_0_0_0_0_0_0	2N	33	0	SUM-159_NLS_2N_O2_A18_seed	SUM-159_NLS_2N_O2_A18	44	2.2286432160804	0.548991587434752	-0.599672161023978	127	oxygen-deprived	0.0220700135652153
20.5_20.5_2_1_0.5_0.3_0.2_0.1_0_0_0_0_0_0_0_0_0_0_0_0	2N	33	0	SUM-159_NLS_2N_O2_A18_seed	SUM-159_NLS_2N_O2_A18	45	2.26884422110553	0.512514525644163	-0.668426225650904	127	oxygen-deprived	0.0206035990208701
20.5_20.5_2_1_0.5_0.3_0.2_0.1_0_0_0_0_0_0_0_0_0_0_0_0	2N	33	0	SUM-159_NLS_2N_O2_A18_seed	SUM-159_NLS_2N_O2_A18	46	2.30904522613065	0.465670088487738	-0.764277860200372	127	oxygen-deprived	0.0187204055673456
20.5_20.5_2_1_0.5_0.3_0.2_0.1_0_0_0_0_0_0_0_0_0_0_0_0	2N	33	0	SUM-159_NLS_2N_O2_A18_seed	SUM-159_NLS_2N_O2_A18	47	2.34924623115578	0.413066209193879	-0.884147386051722	127	oxygen-deprived	0.0166056767515121
20.5_20.5_2_1_0.5_0.3_0.2_0.1_0_0_0_0_0_0_0_0_0_0_0_0	2N	33	0	SUM-159_NLS_2N_O2_A18_seed	SUM-159_NLS_2N_O2_A18	48	2.3894472361809	0.357798832757654	-1.02778437018882	127	oxygen-deprived	0.014383872673674
20.5_20.5_2_1_0.5_0.3_0.2_0.1_0_0_0_0_0_0_0_0_0_0_0_0	2N	33	0	SUM-159_NLS_2N_O2_A18_seed	SUM-159_NLS_2N_O2_A18	49	2.42964824120603	0.302530403367866	-1.19557349956052	127	oxygen-deprived	0.0121620262660444
20.5_20.5_2_1_0.5_0.3_0.2_0.1_0_0_0_0_0_0_0_0_0_0_0_0	2N	33	0	SUM-159_NLS_2N_O2_A18_seed	SUM-159_NLS_2N_O2_A18	50	2.46984924623116	0.249392435498734	-1.38872757699517	127	oxygen-deprived	0.0100258265527126
20.5_20.5_2_1_0.5_0.3_0.2_0.1_0_0_0_0_0_0_0_0_0_0_0_0	2N	33	0	SUM-159_NLS_2N_O2_A18_seed	SUM-159_NLS_2N_O2_A18	51	2.51005025125628	0.200419018752981	-1.60734501031753	127	oxygen-deprived	0.00805704598001904
20.5_20.5_2_1_0.5_0.3_0.2_0.1_0_0_0_0_0_0_0_0_0_0_0_0	2N	33	0	SUM-159_NLS_2N_O2_A18_seed	SUM-159_NLS_2N_O2_A18	52	2.55025125628141	0.156833896578109	-1.85256801727244	127	oxygen-deprived	0.00630488026444636
20.5_20.5_2_1_0.5_0.3_0.2_0.1_0_0_0_0_0_0_0_0_0_0_0_0	2N	33	0	SUM-159_NLS_2N_O2_A18_seed	SUM-159_NLS_2N_O2_A18	53	2.59045226130653	0.119850342293828	-2.12151146208723	127	oxygen-deprived	0.00481810421281703
20.5_20.5_2_1_0.5_0.3_0.2_0.1_0_0_0_0_0_0_0_0_0_0_0_0	2N	33	0	SUM-159_NLS_2N_O2_A18_seed	SUM-159_NLS_2N_O2_A18	54	2.63065326633166	0.0894812077531823	-2.41372664498614	127	oxygen-deprived	0.00359723448253986
20.5_20.5_2_1_0.5_0.3_0.2_0.1_0_0_0_0_0_0_0_0_0_0_0_0	2N	33	0	SUM-159_NLS_2N_O2_A18_seed	SUM-159_NLS_2N_O2_A18	55	2.67085427135678	0.0653836241724338	-2.72748344678994	127	oxygen-deprived	0.00262848740391684
20.5_20.5_2_1_0.5_0.3_0.2_0.1_0_0_0_0_0_0_0_0_0_0_0_0	2N	33	0	SUM-159_NLS_2N_O2_A18_seed	SUM-159_NLS_2N_O2_A18	56	2.71105527638191	0.0468543872578809	-3.06071062990343	127	oxygen-deprived	0.00188359345760318
20.5_20.5_2_1_0.5_0.3_0.2_0.1_0_0_0_0_0_0_0_0_0_0_0_0	2N	33	0	SUM-159_NLS_2N_O2_A18_seed	SUM-159_NLS_2N_O2_A18	57	2.75125628140704	0.0326746748157779	-3.42115497160162	127	oxygen-deprived	0.00131355476646338
20.5_20.5_2_1_0.5_0.3_0.2_0.1_0_0_0_0_0_0_0_0_0_0_0_0	2N	33	0	SUM-159_NLS_2N_O2_A18_seed	SUM-159_NLS_2N_O2_A18	58	2.79145728643216	0.0222698780567071	-3.80452027340333	127	oxygen-deprived	0.000895271479666584
20.5_20.5_2_1_0.5_0.3_0.2_0.1_0_0_0_0_0_0_0_0_0_0_0_0	2N	33	0	SUM-159_NLS_2N_O2_A18_seed	SUM-159_NLS_2N_O2_A18	59	2.83165829145729	0.014823079488142	-4.21156988797798	127	oxygen-deprived	0.000595902692990611
20.5_20.5_2_1_0.5_0.3_0.2_0.1_0_0_0_0_0_0_0_0_0_0_0_0	2N	33	0	SUM-159_NLS_2N_O2_A18_seed	SUM-159_NLS_2N_O2_A18	60	2.87185929648241	0.00971181353373807	-4.63441224442323	127	oxygen-deprived	0.000390424664672873
20.5_20.5_2_1_0.5_0.3_0.2_0.1_0_0_0_0_0_0_0_0_0_0_0_0	2N	33	0	SUM-159_NLS_2N_O2_A18_seed	SUM-159_NLS_2N_O2_A18	61	2.91206030150754	0.00630058479268732	-5.06711282565647	127	oxygen-deprived	0.000253289840912044
20.5_20.5_2_1_0.5_0.3_0.2_0.1_0_0_0_0_0_0_0_0_0_0_0_0	2N	33	0	SUM-159_NLS_2N_O2_A18_seed	SUM-159_NLS_2N_O2_A18	62	2.95226130653266	0.00399768255139488	-5.52204044790863	127	oxygen-deprived	0.000160710856337477
20.5_20.5_2_1_0.5_0.3_0.2_0.1_0_0_0_0_0_0_0_0_0_0_0_0	2N	33	0	SUM-159_NLS_2N_O2_A18_seed	SUM-159_NLS_2N_O2_A18	63	2.99246231155779	0.00251680498570067	-5.98476504469406	127	oxygen-deprived	0.00010117808987741
20.5_20.5_2_1_0.5_0.3_0.2_0.1_0_0_0_0_0_0_0_0_0_0_0_0	2N	33	0	SUM-159_NLS_2N_O2_A18_seed	SUM-159_NLS_2N_O2_A18	64	3.03266331658291	0.00158656125660451	-6.44618633652694	127	oxygen-deprived	6.37813570494252e-05
20.5_20.5_2_1_0.5_0.3_0.2_0.1_0_0_0_0_0_0_0_0_0_0_0_0	2N	33	0	SUM-159_NLS_2N_O2_A18_seed	SUM-159_NLS_2N_O2_A18	65	3.07286432160804	0.00104058644466991	-6.86797083564889	127	oxygen-deprived	4.18326208912511e-05
20.5_20.5_2_1_0.5_0.3_0.2_0.1_0_0_0_0_0_0_0_0_0_0_0_0	2N	33	0	SUM-159_NLS_2N_O2_A18_seed	SUM-159_NLS_2N_O2_A18	66	3.11306532663317	0.000756909106039979	-7.18626738301736	127	oxygen-deprived	3.04285067754754e-05
20.5_20.5_2_1_0.5_0.3_0.2_0.1_0_0_0_0_0_0_0_0_0_0_0_0	2N	33	0	SUM-159_NLS_2N_O2_A18_seed	SUM-159_NLS_2N_O2_A18	67	3.15326633165829	0.000662185073642479	-7.31996547366319	127	oxygen-deprived	2.66205054730635e-05
20.5_20.5_2_1_0.5_0.3_0.2_0.1_0_0_0_0_0_0_0_0_0_0_0_0	2N	33	0	SUM-159_NLS_2N_O2_A18_seed	SUM-159_NLS_2N_O2_A18	68	3.19346733668342	0.000760830389061069	-7.18110010397	127	oxygen-deprived	3.05861462939112e-05
20.5_20.5_2_1_0.5_0.3_0.2_0.1_0_0_0_0_0_0_0_0_0_0_0_0	2N	33	0	SUM-159_NLS_2N_O2_A18_seed	SUM-159_NLS_2N_O2_A18	69	3.23366834170854	0.00108377043719082	-6.82730917220113	127	oxygen-deprived	4.35686607915891e-05
20.5_20.5_2_1_0.5_0.3_0.2_0.1_0_0_0_0_0_0_0_0_0_0_0_0	2N	33	0	SUM-159_NLS_2N_O2_A18_seed	SUM-159_NLS_2N_O2_A18	70	3.27386934673367	0.0017222231323301	-6.36413930394356	127	oxygen-deprived	6.92351007971874e-05
20.5_20.5_2_1_0.5_0.3_0.2_0.1_0_0_0_0_0_0_0_0_0_0_0_0	2N	33	0	SUM-159_NLS_2N_O2_A18_seed	SUM-159_NLS_2N_O2_A18	71	3.31407035175879	0.00280055163659108	-5.87793886813726	127	oxygen-deprived	0.000112584990415718
20.5_20.5_2_1_0.5_0.3_0.2_0.1_0_0_0_0_0_0_0_0_0_0_0_0	2N	33	0	SUM-159_NLS_2N_O2_A18_seed	SUM-159_NLS_2N_O2_A18	72	3.35427135678392	0.00445452562450297	-5.41383470532198	127	oxygen-deprived	0.000179076407015188
20.5_20.5_2_1_0.5_0.3_0.2_0.1_0_0_0_0_0_0_0_0_0_0_0_0	2N	33	0	SUM-159_NLS_2N_O2_A18_seed	SUM-159_NLS_2N_O2_A18	73	3.39447236180905	0.00695951545527256	-4.96764542555461	127	oxygen-deprived	0.000279779515789841
20.5_20.5_2_1_0.5_0.3_0.2_0.1_0_0_0_0_0_0_0_0_0_0_0_0	2N	33	0	SUM-159_NLS_2N_O2_A18_seed	SUM-159_NLS_2N_O2_A18	74	3.43467336683417	0.0105621263973947	-4.55048065758526	127	oxygen-deprived	0.000424608096377661
20.5_20.5_2_1_0.5_0.3_0.2_0.1_0_0_0_0_0_0_0_0_0_0_0_0	2N	33	0	SUM-159_NLS_2N_O2_A18_seed	SUM-159_NLS_2N_O2_A18	75	3.4748743718593	0.015686056582768	-4.15498307698358	127	oxygen-deprived	0.000630595239508238
20.5_20.5_2_1_0.5_0.3_0.2_0.1_0_0_0_0_0_0_0_0_0_0_0_0	2N	33	0	SUM-159_NLS_2N_O2_A18_seed	SUM-159_NLS_2N_O2_A18	76	3.51507537688442	0.0228336671232991	-3.77951920395027	127	oxygen-deprived	0.000917936366765759
20.5_20.5_2_1_0.5_0.3_0.2_0.1_0_0_0_0_0_0_0_0_0_0_0_0	2N	33	0	SUM-159_NLS_2N_O2_A18_seed	SUM-159_NLS_2N_O2_A18	77	3.55527638190955	0.0325385366604275	-3.42533014868716	127	oxygen-deprived	0.00130808187579603
20.5_20.5_2_1_0.5_0.3_0.2_0.1_0_0_0_0_0_0_0_0_0_0_0_0	2N	33	0	SUM-159_NLS_2N_O2_A18_seed	SUM-159_NLS_2N_O2_A18	78	3.59547738693467	0.0457450301633279	-3.08467212347108	127	oxygen-deprived	0.0018389961874704
20.5_20.5_2_1_0.5_0.3_0.2_0.1_0_0_0_0_0_0_0_0_0_0_0_0	2N	33	0	SUM-159_NLS_2N_O2_A18_seed	SUM-159_NLS_2N_O2_A18	79	3.6356783919598	0.0629971708821341	-2.76466546023173	127	oxygen-deprived	0.00253254958320128
20.5_20.5_2_1_0.5_0.3_0.2_0.1_0_0_0_0_0_0_0_0_0_0_0_0	2N	33	0	SUM-159_NLS_2N_O2_A18_seed	SUM-159_NLS_2N_O2_A18	80	3.67587939698492	0.0854043840705739	-2.46035784378424	127	oxygen-deprived	0.00343334207318877
20.5_20.5_2_1_0.5_0.3_0.2_0.1_0_0_0_0_0_0_0_0_0_0_0_0	2N	33	0	SUM-159_NLS_2N_O2_A18_seed	SUM-159_NLS_2N_O2_A18	81	3.71608040201005	0.114118551286124	-2.17051744737108	127	oxygen-deprived	0.00458768045371336
20.5_20.5_2_1_0.5_0.3_0.2_0.1_0_0_0_0_0_0_0_0_0_0_0_0	2N	33	0	SUM-159_NLS_2N_O2_A18_seed	SUM-159_NLS_2N_O2_A18	82	3.75628140703518	0.150003670241009	-1.89709551691183	127	oxygen-deprived	0.00603029830114587
20.5_20.5_2_1_0.5_0.3_0.2_0.1_0_0_0_0_0_0_0_0_0_0_0_0	2N	33	0	SUM-159_NLS_2N_O2_A18_seed	SUM-159_NLS_2N_O2_A18	83	3.7964824120603	0.193983742654554	-1.63998092418001	127	oxygen-deprived	0.00779834141324811
20.5_20.5_2_1_0.5_0.3_0.2_0.1_0_0_0_0_0_0_0_0_0_0_0_0	2N	33	0	SUM-159_NLS_2N_O2_A18_seed	SUM-159_NLS_2N_O2_A18	84	3.83668341708543	0.245147292957161	-1.40589605333966	127	oxygen-deprived	0.00985516755606641
20.5_20.5_2_1_0.5_0.3_0.2_0.1_0_0_0_0_0_0_0_0_0_0_0_0	2N	33	0	SUM-159_NLS_2N_O2_A18_seed	SUM-159_NLS_2N_O2_A18	85	3.87688442211055	0.302216664675486	-1.1966110861388	127	oxygen-deprived	0.0121494136552955
20.5_20.5_2_1_0.5_0.3_0.2_0.1_0_0_0_0_0_0_0_0_0_0_0_0	2N	33	0	SUM-159_NLS_2N_O2_A18_seed	SUM-159_NLS_2N_O2_A18	86	3.91708542713568	0.36181789631517	-1.01661424258101	127	oxygen-deprived	0.014545443067946
20.5_20.5_2_1_0.5_0.3_0.2_0.1_0_0_0_0_0_0_0_0_0_0_0_0	2N	33	0	SUM-159_NLS_2N_O2_A18_seed	SUM-159_NLS_2N_O2_A18	87	3.9572864321608	0.41956078045214	-0.868546875722336	127	oxygen-deprived	0.0168667650433015
20.5_20.5_2_1_0.5_0.3_0.2_0.1_0_0_0_0_0_0_0_0_0_0_0_0	2N	33	0	SUM-159_NLS_2N_O2_A18_seed	SUM-159_NLS_2N_O2_A18	88	3.99748743718593	0.472603385381493	-0.749498750942474	127	oxygen-deprived	0.0189991310706121
20.5_20.5_2_1_0.5_0.3_0.2_0.1_0_0_0_0_0_0_0_0_0_0_0_0	2N	33	0	SUM-159_NLS_2N_O2_A18_seed	SUM-159_NLS_2N_O2_A18	89	4.03768844221106	0.522725523544318	-0.648698764257755	127	oxygen-deprived	0.0210140913987658
20.5_20.5_2_1_0.5_0.3_0.2_0.1_0_0_0_0_0_0_0_0_0_0_0_0	2N	33	0	SUM-159_NLS_2N_O2_A18_seed	SUM-159_NLS_2N_O2_A18	90	4.07788944723618	0.572881006237722	-0.557077251830377	127	oxygen-deprived	0.0230303922105608
20.5_20.5_2_1_0.5_0.3_0.2_0.1_0_0_0_0_0_0_0_0_0_0_0_0	2N	33	0	SUM-159_NLS_2N_O2_A18_seed	SUM-159_NLS_2N_O2_A18	91	4.11809045226131	0.623075477614343	-0.473087615664049	127	oxygen-deprived	0.0250482604066058
20.5_20.5_2_1_0.5_0.3_0.2_0.1_0_0_0_0_0_0_0_0_0_0_0_0	2N	33	0	SUM-159_NLS_2N_O2_A18_seed	SUM-159_NLS_2N_O2_A18	92	4.15829145728643	0.670167713016009	-0.400227279987091	127	oxygen-deprived	0.0269414155986325
20.5_20.5_2_1_0.5_0.3_0.2_0.1_0_0_0_0_0_0_0_0_0_0_0_0	2N	33	0	SUM-159_NLS_2N_O2_A18_seed	SUM-159_NLS_2N_O2_A18	93	4.19849246231156	0.710567756635325	-0.341690971269424	127	oxygen-deprived	0.0285655379551879
20.5_20.5_2_1_0.5_0.3_0.2_0.1_0_0_0_0_0_0_0_0_0_0_0_0	2N	33	0	SUM-159_NLS_2N_O2_A18_seed	SUM-159_NLS_2N_O2_A18	94	4.23869346733668	0.743101994966605	-0.296921969168025	127	oxygen-deprived	0.0298734470338323
20.5_20.5_2_1_0.5_0.3_0.2_0.1_0_0_0_0_0_0_0_0_0_0_0_0	2N	33	0	SUM-159_NLS_2N_O2_A18_seed	SUM-159_NLS_2N_O2_A18	95	4.27889447236181	0.766918326020946	-0.265374968264019	127	oxygen-deprived	0.0308308874782278
20.5_20.5_2_1_0.5_0.3_0.2_0.1_0_0_0_0_0_0_0_0_0_0_0_0	2N	33	0	SUM-159_NLS_2N_O2_A18_seed	SUM-159_NLS_2N_O2_A18	96	4.31909547738693	0.781277858996773	-0.246824419051442	127	oxygen-deprived	0.0314081551355475
20.5_20.5_2_1_0.5_0.3_0.2_0.1_0_0_0_0_0_0_0_0_0_0_0_0	2N	33	0	SUM-159_NLS_2N_O2_A18_seed	SUM-159_NLS_2N_O2_A18	97	4.35929648241206	0.784245911488163	-0.243032645201109	127	oxygen-deprived	0.0315274738286687
20.5_20.5_2_1_0.5_0.3_0.2_0.1_0_0_0_0_0_0_0_0_0_0_0_0	2N	33	0	SUM-159_NLS_2N_O2_A18_seed	SUM-159_NLS_2N_O2_A18	98	4.39949748743719	0.773640530072311	-0.256647944705214	127	oxygen-deprived	0.0311011268370767
20.5_20.5_2_1_0.5_0.3_0.2_0.1_0_0_0_0_0_0_0_0_0_0_0_0	2N	33	0	SUM-159_NLS_2N_O2_A18_seed	SUM-159_NLS_2N_O2_A18	99	4.43969849246231	0.750612898273694	-0.286865208477761	127	oxygen-deprived	0.0301753928954238
20.5_20.5_2_1_0.5_0.3_0.2_0.1_0_0_0_0_0_0_0_0_0_0_0_0	2N	33	0	SUM-159_NLS_2N_O2_A18_seed	SUM-159_NLS_2N_O2_A18	100	4.47989949748744	0.717007663717583	-0.332668749851657	127	oxygen-deprived	0.0288244286921631
20.5_20.5_2_1_0.5_0.3_0.2_0.1_0_0_0_0_0_0_0_0_0_0_0_0	2N	33	0	SUM-159_NLS_2N_O2_A18_seed	SUM-159_NLS_2N_O2_A18	101	4.52010050251256	0.675883648624604	-0.3917343351723	127	oxygen-deprived	0.0271712019547569
20.5_20.5_2_1_0.5_0.3_0.2_0.1_0_0_0_0_0_0_0_0_0_0_0_0	2N	33	0	SUM-159_NLS_2N_O2_A18_seed	SUM-159_NLS_2N_O2_A18	102	4.56030150753769	0.628883248389139	-0.463809654153884	127	oxygen-deprived	0.0252817386287082
20.5_20.5_2_1_0.5_0.3_0.2_0.1_0_0_0_0_0_0_0_0_0_0_0_0	2N	33	0	SUM-159_NLS_2N_O2_A18_seed	SUM-159_NLS_2N_O2_A18	103	4.60050251256281	0.576789927238229	-0.550277156343096	127	oxygen-deprived	0.023187534763345
20.5_20.5_2_1_0.5_0.3_0.2_0.1_0_0_0_0_0_0_0_0_0_0_0_0	2N	33	0	SUM-159_NLS_2N_O2_A18_seed	SUM-159_NLS_2N_O2_A18	104	4.64070351758794	0.52131228912542	-0.651406013487436	127	oxygen-deprived	0.02095727795479
20.5_20.5_2_1_0.5_0.3_0.2_0.1_0_0_0_0_0_0_0_0_0_0_0_0	2N	33	0	SUM-159_NLS_2N_O2_A18_seed	SUM-159_NLS_2N_O2_A18	105	4.68090452261307	0.464776178215741	-0.766199326445153	127	oxygen-deprived	0.018684469476009
20.5_20.5_2_1_0.5_0.3_0.2_0.1_0_0_0_0_0_0_0_0_0_0_0_0	2N	33	0	SUM-159_NLS_2N_O2_A18_seed	SUM-159_NLS_2N_O2_A18	106	4.72110552763819	0.409568235224961	-0.892651758984362	127	oxygen-deprived	0.0164650546824099
20.5_20.5_2_1_0.5_0.3_0.2_0.1_0_0_0_0_0_0_0_0_0_0_0_0	2N	33	0	SUM-159_NLS_2N_O2_A18_seed	SUM-159_NLS_2N_O2_A18	107	4.76130653266332	0.356935713189987	-1.03019958851604	127	oxygen-deprived	0.0143491743995969
20.5_20.5_2_1_0.5_0.3_0.2_0.1_0_0_0_0_0_0_0_0_0_0_0_0	2N	33	0	SUM-159_NLS_2N_O2_A18_seed	SUM-159_NLS_2N_O2_A18	108	4.80150753768844	0.307290365411203	-1.17996216272508	127	oxygen-deprived	0.012353381524068
20.5_20.5_2_1_0.5_0.3_0.2_0.1_0_0_0_0_0_0_0_0_0_0_0_0	2N	33	0	SUM-159_NLS_2N_O2_A18_seed	SUM-159_NLS_2N_O2_A18	109	4.84170854271357	0.260766052232165	-1.34413162522366	127	oxygen-deprived	0.010483057376167
20.5_20.5_2_1_0.5_0.3_0.2_0.1_0_0_0_0_0_0_0_0_0_0_0_0	2N	33	0	SUM-159_NLS_2N_O2_A18_seed	SUM-159_NLS_2N_O2_A18	110	4.88190954773869	0.218346455055159	-1.52167223433162	127	oxygen-deprived	0.00877774693689049
20.5_20.5_2_1_0.5_0.3_0.2_0.1_0_0_0_0_0_0_0_0_0_0_0_0	2N	33	0	SUM-159_NLS_2N_O2_A18_seed	SUM-159_NLS_2N_O2_A18	111	4.92211055276382	0.18079268149638	-1.71040431029256	127	oxygen-deprived	0.00726804749734164
20.5_20.5_2_1_0.5_0.3_0.2_0.1_0_0_0_0_0_0_0_0_0_0_0_0	2N	33	0	SUM-159_NLS_2N_O2_A18_seed	SUM-159_NLS_2N_O2_A18	112	4.96231155778894	0.148566583267028	-1.90672204905961	127	oxygen-deprived	0.00597252596048332
20.5_20.5_2_1_0.5_0.3_0.2_0.1_0_0_0_0_0_0_0_0_0_0_0_0	2N	33	0	SUM-159_NLS_2N_O2_A18_seed	SUM-159_NLS_2N_O2_A18	113	5.00251256281407	0.121301786871318	-2.10947373213224	127	oxygen-deprived	0.00487645374357039
20.5_20.5_2_1_0.5_0.3_0.2_0.1_0_0_0_0_0_0_0_0_0_0_0_0	2N	33	0	SUM-159_NLS_2N_O2_A18_seed	SUM-159_NLS_2N_O2_A18	114	5.0427135678392	0.0980191589713853	-2.32259231971113	127	oxygen-deprived	0.0039404687023671
20.5_20.5_2_1_0.5_0.3_0.2_0.1_0_0_0_0_0_0_0_0_0_0_0_0	2N	33	0	SUM-159_NLS_2N_O2_A18_seed	SUM-159_NLS_2N_O2_A18	115	5.08291457286432	0.078459931877199	-2.54516720644991	127	oxygen-deprived	0.00315416811566618
20.5_20.5_2_1_0.5_0.3_0.2_0.1_0_0_0_0_0_0_0_0_0_0_0_0	2N	33	0	SUM-159_NLS_2N_O2_A18_seed	SUM-159_NLS_2N_O2_A18	116	5.12311557788945	0.0622111978070293	-2.77722026638837	127	oxygen-deprived	0.00250095267565938
20.5_20.5_2_1_0.5_0.3_0.2_0.1_0_0_0_0_0_0_0_0_0_0_0_0	2N	33	0	SUM-159_NLS_2N_O2_A18_seed	SUM-159_NLS_2N_O2_A18	117	5.16331658291457	0.0490692781089036	-3.01452214044353	127	oxygen-deprived	0.00197263429583525
20.5_20.5_2_1_0.5_0.3_0.2_0.1_0_0_0_0_0_0_0_0_0_0_0_0	2N	33	0	SUM-159_NLS_2N_O2_A18_seed	SUM-159_NLS_2N_O2_A18	118	5.2035175879397	0.0386068962580983	-3.25432435893284	127	oxygen-deprived	0.00155203603047626
20.5_20.5_2_1_0.5_0.3_0.2_0.1_0_0_0_0_0_0_0_0_0_0_0_0	2N	33	0	SUM-159_NLS_2N_O2_A18_seed	SUM-159_NLS_2N_O2_A18	119	5.24371859296482	0.0301984421868062	-3.49996493915011	127	oxygen-deprived	0.00121400772610272
20.5_20.5_2_1_0.5_0.3_0.2_0.1_0_0_0_0_0_0_0_0_0_0_0_0	2N	33	0	SUM-159_NLS_2N_O2_A18_seed	SUM-159_NLS_2N_O2_A18	120	5.28391959798995	0.0235063754135794	-3.75048360043077	127	oxygen-deprived	0.00094497991612376
20.5_20.5_2_1_0.5_0.3_0.2_0.1_0_0_0_0_0_0_0_0_0_0_0_0	2N	33	0	SUM-159_NLS_2N_O2_A18_seed	SUM-159_NLS_2N_O2_A18	121	5.32412060301508	0.0181168722537021	-4.01091160619698	127	oxygen-deprived	0.00072831647251061
20.5_20.5_2_1_0.5_0.3_0.2_0.1_0_0_0_0_0_0_0_0_0_0_0_0	2N	33	0	SUM-159_NLS_2N_O2_A18_seed	SUM-159_NLS_2N_O2_A18	122	5.3643216080402	0.0138405424149351	-4.28015313773002	127	oxygen-deprived	0.00055640371517325
20.5_20.5_2_1_0.5_0.3_0.2_0.1_0_0_0_0_0_0_0_0_0_0_0_0	2N	33	0	SUM-159_NLS_2N_O2_A18_seed	SUM-159_NLS_2N_O2_A18	123	5.40452261306533	0.0105058329481893	-4.55582465718698	127	oxygen-deprived	0.000422345043143273
20.5_20.5_2_1_0.5_0.3_0.2_0.1_0_0_0_0_0_0_0_0_0_0_0_0	2N	33	0	SUM-159_NLS_2N_O2_A18_seed	SUM-159_NLS_2N_O2_A18	124	5.44472361809045	0.00793837069223745	-4.83604722726899	127	oxygen-deprived	0.000319130480089936
20.5_20.5_2_1_0.5_0.3_0.2_0.1_0_0_0_0_0_0_0_0_0_0_0_0	2N	33	0	SUM-159_NLS_2N_O2_A18_seed	SUM-159_NLS_2N_O2_A18	125	5.48492462311558	0.00602342177843968	-5.11209977940632	127	oxygen-deprived	0.000242147609183496
20.5_20.5_2_1_0.5_0.3_0.2_0.1_0_0_0_0_0_0_0_0_0_0_0_0	2N	33	0	SUM-159_NLS_2N_O2_A18_seed	SUM-159_NLS_2N_O2_A18	126	5.5251256281407	0.00455624097890537	-5.39125734214773	127	oxygen-deprived	0.000183165466488651
20.5_20.5_2_1_0.5_0.3_0.2_0.1_0_0_0_0_0_0_0_0_0_0_0_0	2N	33	0	SUM-159_NLS_2N_O2_A18_seed	SUM-159_NLS_2N_O2_A18	127	5.56532663316583	0.00343675350973175	-5.67322800037758	127	oxygen-deprived	0.000138160945114839
20.5_20.5_2_1_0.5_0.3_0.2_0.1_0_0_0_0_0_0_0_0_0_0_0_0	2N	33	0	SUM-159_NLS_2N_O2_A18_seed	SUM-159_NLS_2N_O2_A18	128	5.60552763819095	0.00258724038320787	-5.95716346041667	127	oxygen-deprived	0.000104009663646544
20.5_20.5_2_1_0.5_0.3_0.2_0.1_0_0_0_0_0_0_0_0_0_0_0_0	2N	33	0	SUM-159_NLS_2N_O2_A18_seed	SUM-159_NLS_2N_O2_A18	129	5.64572864321608	0.00193505552495627	-6.24761925784425	127	oxygen-deprived	7.77911768826612e-05
20.5_20.5_2_1_0.5_0.3_0.2_0.1_0_0_0_0_0_0_0_0_0_0_0_0	2N	33	0	SUM-159_NLS_2N_O2_A18_seed	SUM-159_NLS_2N_O2_A18	130	5.68592964824121	0.00144069783895293	-6.54262767239594	127	oxygen-deprived	5.79175010634322e-05
20.5_20.5_2_1_0.5_0.3_0.2_0.1_0_0_0_0_0_0_0_0_0_0_0_0	2N	33	0	SUM-159_NLS_2N_O2_A18_seed	SUM-159_NLS_2N_O2_A18	131	5.72613065326633	0.00106414113463334	-6.84558725152721	127	oxygen-deprived	4.27795431008362e-05
20.5_20.5_2_1_0.5_0.3_0.2_0.1_0_0_0_0_0_0_0_0_0_0_0_0	2N	33	0	SUM-159_NLS_2N_O2_A18_seed	SUM-159_NLS_2N_O2_A18	132	5.76633165829146	0.000786993784566038	-7.14729020720698	127	oxygen-deprived	3.16379410880808e-05
20.5_20.5_2_1_0.5_0.3_0.2_0.1_0_0_0_0_0_0_0_0_0_0_0_0	2N	33	0	SUM-159_NLS_2N_O2_A18_seed	SUM-159_NLS_2N_O2_A18	133	5.80653266331658	0.000588569920633046	-7.43781482671053	127	oxygen-deprived	2.3661102337006e-05
20.5_20.5_2_1_0.5_0.3_0.2_0.1_0_0_0_0_0_0_0_0_0_0_0_0	2N	33	0	SUM-159_NLS_2N_O2_A18_seed	SUM-159_NLS_2N_O2_A18	134	5.84673366834171	0.000449545812228264	-7.70727279105177	127	oxygen-deprived	1.8072193456412e-05
20.5_20.5_2_1_0.5_0.3_0.2_0.1_0_0_0_0_0_0_0_0_0_0_0_0	2N	33	0	SUM-159_NLS_2N_O2_A18_seed	SUM-159_NLS_2N_O2_A18	135	5.88693467336683	0.00035252808089283	-7.95038027677749	127	oxygen-deprived	1.417198315147e-05
20.5_20.5_2_1_0.5_0.3_0.2_0.1_0_0_0_0_0_0_0_0_0_0_0_0	2N	33	0	SUM-159_NLS_2N_O2_A18_seed	SUM-159_NLS_2N_O2_A18	136	5.92713567839196	0.000275935311180534	-8.19534409949903	127	oxygen-deprived	1.10928768313778e-05
20.5_20.5_2_1_0.5_0.3_0.2_0.1_0_0_0_0_0_0_0_0_0_0_0_0	2N	33	0	SUM-159_NLS_2N_O2_A18_seed	SUM-159_NLS_2N_O2_A18	137	5.96733668341709	0.0002072964813843	-8.48136051221073	127	oxygen-deprived	8.3335268898208e-06
20.5_20.5_2_1_0.5_0.3_0.2_0.1_0_0_0_0_0_0_0_0_0_0_0_0	2N	33	0	SUM-159_NLS_2N_O2_A18_seed	SUM-159_NLS_2N_O2_A18	138	6.00753768844221	0.000142841279791206	-8.85377647566457	127	oxygen-deprived	5.74236300668144e-06
20.5_20.5_2_1_0.5_0.3_0.2_0.1_0_0_0_0_0_0_0_0_0_0_0_0	2N	33	0	SUM-159_NLS_2N_O2_A18_seed	SUM-159_NLS_2N_O2_A18	139	6.04773869346734	8.86255199084211e-05	-9.33109070674362	127	oxygen-deprived	3.56283497119268e-06
20.5_20.5_2_1_0.5_0.3_0.2_0.1_0_0_0_0_0_0_0_0_0_0_0_0	2N	33	0	SUM-159_NLS_2N_O2_A18_seed	SUM-159_NLS_2N_O2_A18	140	6.08793969849246	5.41604489417261e-05	-9.82355964021946	127	oxygen-deprived	2.17730448006931e-06
20.5_20.5_2_1_0.5_0.3_0.2_0.1_0_0_0_0_0_0_0_0_0_0_0_0	2N	33	0	SUM-159_NLS_2N_O2_A18_seed	SUM-159_NLS_2N_O2_A18	141	6.12814070351759	3.83574394462497e-05	-10.1685620607961	127	oxygen-deprived	1.54200761592958e-06
20.5_20.5_2_1_0.5_0.3_0.2_0.1_0_0_0_0_0_0_0_0_0_0_0_0	2N	33	0	SUM-159_NLS_2N_O2_A18_seed	SUM-159_NLS_2N_O2_A18	142	6.16834170854271	3.2045742204538e-05	-10.3483462319551	127	oxygen-deprived	1.28827104339846e-06
20.5_20.5_2_1_0.5_0.3_0.2_0.1_0_0_0_0_0_0_0_0_0_0_0_0	2N	33	0	SUM-159_NLS_2N_O2_A18_seed	SUM-159_NLS_2N_O2_A18	143	6.20854271356784	2.54204642532344e-05	-10.5799560290639	127	oxygen-deprived	1.02192821118526e-06
20.5_20.5_2_1_0.5_0.3_0.2_0.1_0_0_0_0_0_0_0_0_0_0_0_0	2N	33	0	SUM-159_NLS_2N_O2_A18_seed	SUM-159_NLS_2N_O2_A18	144	6.24874371859296	1.72882315170193e-05	-10.9654845470736	127	oxygen-deprived	6.95004282091202e-07
20.5_20.5_2_1_0.5_0.3_0.2_0.1_0_0_0_0_0_0_0_0_0_0_0_0	2N	33	0	SUM-159_NLS_2N_O2_A18_seed	SUM-159_NLS_2N_O2_A18	145	6.28894472361809	1.18026960559451e-05	-11.3471825732727	127	oxygen-deprived	4.74480243455062e-07
20.5_20.5_2_1_0.5_0.3_0.2_0.1_0_0_0_0_0_0_0_0_0_0_0_0	2N	33	0	SUM-159_NLS_2N_O2_A18_seed	SUM-159_NLS_2N_O2_A18	146	6.32914572864322	1.03565760253171e-05	-11.4778888752467	127	oxygen-deprived	4.16344764836853e-07
20.5_20.5_2_1_0.5_0.3_0.2_0.1_0_0_0_0_0_0_0_0_0_0_0_0	2N	33	0	SUM-159_NLS_2N_O2_A18_seed	SUM-159_NLS_2N_O2_A18	147	6.36934673366834	1.01933889095704e-05	-11.4937711939321	127	oxygen-deprived	4.09784478776684e-07
20.5_20.5_2_1_0.5_0.3_0.2_0.1_0_0_0_0_0_0_0_0_0_0_0_0	2N	33	0	SUM-159_NLS_2N_O2_A18_seed	SUM-159_NLS_2N_O2_A18	148	6.40954773869347	8.34407256417856e-06	-11.6939591437338	127	oxygen-deprived	3.35440103082543e-07
20.5_20.5_2_1_0.5_0.3_0.2_0.1_0_0_0_0_0_0_0_0_0_0_0_0	2N	33	0	SUM-159_NLS_2N_O2_A18_seed	SUM-159_NLS_2N_O2_A18	149	6.44974874371859	5.04672461457762e-06	-12.196771116276	127	oxygen-deprived	2.02883401591053e-07
20.5_20.5_2_1_0.5_0.3_0.2_0.1_0_0_0_0_0_0_0_0_0_0_0_0	2N	33	0	SUM-159_NLS_2N_O2_A18_seed	SUM-159_NLS_2N_O2_A18	150	6.48994974874372	2.20144680892093e-06	-13.0263957733321	127	oxygen-deprived	8.85003742279738e-08
20.5_20.5_2_1_0.5_0.3_0.2_0.1_0_0_0_0_0_0_0_0_0_0_0_0	2N	33	0	SUM-159_NLS_2N_O2_A18_seed	SUM-159_NLS_2N_O2_A18	151	6.53015075376884	6.72078404514835e-07	-14.2128908298439	127	oxygen-deprived	2.70182273171783e-08
20.5_20.5_2_1_0.5_0.3_0.2_0.1_0_0_0_0_0_0_0_0_0_0_0_0	2N	33	0	SUM-159_NLS_2N_O2_A18_seed	SUM-159_NLS_2N_O2_A18	152	6.57035175879397	1.50515985940899e-07	-15.7091965395219	127	oxygen-deprived	6.0508939071716e-09
20.5_20.5_2_1_0.5_0.3_0.2_0.1_0_0_0_0_0_0_0_0_0_0_0_0	2N	33	0	SUM-159_NLS_2N_O2_A18_seed	SUM-159_NLS_2N_O2_A18	153	6.6105527638191	2.39332261421362e-08	-17.5479981283112	127	oxygen-deprived	9.6213974440745e-10
20.5_20.5_2_1_0.5_0.3_0.2_0.1_0_0_0_0_0_0_0_0_0_0_0_0	2N	33	0	SUM-159_NLS_2N_O2_A18_seed	SUM-159_NLS_2N_O2_A18	154	6.65075376884422	2.5265678601192e-09	-19.7964040322186	127	oxygen-deprived	1.01570567240969e-10
20.5_20.5_2_1_0.5_0.3_0.2_0.1_0_0_0_0_0_0_0_0_0_0_0_0	2N	33	0	SUM-159_NLS_2N_O2_A18_seed	SUM-159_NLS_2N_O2_A18	155	6.69095477386935	2.19157252701324e-10	-22.2412315949213	127	oxygen-deprived	8.81034181713833e-12
20.5_20.5_2_1_0.5_0.3_0.2_0.1_0_0_0_0_0_0_0_0_0_0_0_0	2N	33	0	SUM-159_NLS_2N_O2_A18_seed	SUM-159_NLS_2N_O2_A18	156	6.73115577889447	1.12969239723661e-11	-25.2064906421023	127	oxygen-deprived	4.54147697381535e-13
20.5_20.5_2_1_0.5_0.3_0.2_0.1_0_0_0_0_0_0_0_0_0_0_0_0	2N	33	0	SUM-159_NLS_2N_O2_A18_seed	SUM-159_NLS_2N_O2_A18	157	6.7713567839196	1.00000136569728e-12	-27.6310197502322	127	oxygen-deprived	4.02010599275274e-14
20.5_20.5_2_1_0.5_0.3_0.2_0.1_0_0_0_0_0_0_0_0_0_0_0_0	2N	33	0	SUM-159_NLS_2N_O2_A18_seed	SUM-159_NLS_2N_O2_A18	158	6.81155778894472	1.00000136569728e-12	-27.6310197502322	127	oxygen-deprived	4.02010599275274e-14
20.5_20.5_2_1_0.5_0.3_0.2_0.1_0_0_0_0_0_0_0_0_0_0_0_0	2N	33	0	SUM-159_NLS_2N_O2_A18_seed	SUM-159_NLS_2N_O2_A18	159	6.85175879396985	1.00000136569728e-12	-27.6310197502322	127	oxygen-deprived	4.02010599275274e-14
20.5_20.5_2_1_0.5_0.3_0.2_0.1_0_0_0_0_0_0_0_0_0_0_0_0	2N	33	0	SUM-159_NLS_2N_O2_A18_seed	SUM-159_NLS_2N_O2_A18	160	6.89195979899498	1.00000136569728e-12	-27.6310197502322	127	oxygen-deprived	4.02010599275274e-14
20.5_20.5_2_1_0.5_0.3_0.2_0.1_0_0_0_0_0_0_0_0_0_0_0_0	2N	33	0	SUM-159_NLS_2N_O2_A18_seed	SUM-159_NLS_2N_O2_A18	161	6.9321608040201	1.00000136569728e-12	-27.6310197502322	127	oxygen-deprived	4.02010599275274e-14
20.5_20.5_2_1_0.5_0.3_0.2_0.1_0_0_0_0_0_0_0_0_0_0_0_0	2N	33	0	SUM-159_NLS_2N_O2_A18_seed	SUM-159_NLS_2N_O2_A18	162	6.97236180904523	1.00000136569728e-12	-27.6310197502322	127	oxygen-deprived	4.02010599275274e-14
20.5_20.5_2_1_0.5_0.3_0.2_0.1_0_0_0_0_0_0_0_0_0_0_0_0	2N	33	0	SUM-159_NLS_2N_O2_A18_seed	SUM-159_NLS_2N_O2_A18	163	7.01256281407035	1.00000136569728e-12	-27.6310197502322	127	oxygen-deprived	4.02010599275274e-14
20.5_20.5_2_1_0.5_0.3_0.2_0.1_0_0_0_0_0_0_0_0_0_0_0_0	2N	33	0	SUM-159_NLS_2N_O2_A18_seed	SUM-159_NLS_2N_O2_A18	164	7.05276381909548	1.00000136569728e-12	-27.6310197502322	127	oxygen-deprived	4.02010599275274e-14
20.5_20.5_2_1_0.5_0.3_0.2_0.1_0_0_0_0_0_0_0_0_0_0_0_0	2N	33	0	SUM-159_NLS_2N_O2_A18_seed	SUM-159_NLS_2N_O2_A18	165	7.0929648241206	1.00000136569728e-12	-27.6310197502322	127	oxygen-deprived	4.02010599275274e-14
20.5_20.5_2_1_0.5_0.3_0.2_0.1_0_0_0_0_0_0_0_0_0_0_0_0	2N	33	0	SUM-159_NLS_2N_O2_A18_seed	SUM-159_NLS_2N_O2_A18	166	7.13316582914573	1.00000136569728e-12	-27.6310197502322	127	oxygen-deprived	4.02010599275274e-14
20.5_20.5_2_1_0.5_0.3_0.2_0.1_0_0_0_0_0_0_0_0_0_0_0_0	2N	33	0	SUM-159_NLS_2N_O2_A18_seed	SUM-159_NLS_2N_O2_A18	167	7.17336683417085	1.00000136569728e-12	-27.6310197502322	127	oxygen-deprived	4.02010599275274e-14
20.5_20.5_2_1_0.5_0.3_0.2_0.1_0_0_0_0_0_0_0_0_0_0_0_0	2N	33	0	SUM-159_NLS_2N_O2_A18_seed	SUM-159_NLS_2N_O2_A18	168	7.21356783919598	1.00000136569728e-12	-27.6310197502322	127	oxygen-deprived	4.02010599275274e-14
20.5_20.5_2_1_0.5_0.3_0.2_0.1_0_0_0_0_0_0_0_0_0_0_0_0	2N	33	0	SUM-159_NLS_2N_O2_A18_seed	SUM-159_NLS_2N_O2_A18	169	7.25376884422111	1.00000136569728e-12	-27.6310197502322	127	oxygen-deprived	4.02010599275274e-14
20.5_20.5_2_1_0.5_0.3_0.2_0.1_0_0_0_0_0_0_0_0_0_0_0_0	2N	33	0	SUM-159_NLS_2N_O2_A18_seed	SUM-159_NLS_2N_O2_A18	170	7.29396984924623	1.00000136569728e-12	-27.6310197502322	127	oxygen-deprived	4.02010599275274e-14
20.5_20.5_2_1_0.5_0.3_0.2_0.1_0_0_0_0_0_0_0_0_0_0_0_0	2N	33	0	SUM-159_NLS_2N_O2_A18_seed	SUM-159_NLS_2N_O2_A18	171	7.33417085427136	1.00000136569728e-12	-27.6310197502322	127	oxygen-deprived	4.02010599275274e-14
20.5_20.5_2_1_0.5_0.3_0.2_0.1_0_0_0_0_0_0_0_0_0_0_0_0	2N	33	0	SUM-159_NLS_2N_O2_A18_seed	SUM-159_NLS_2N_O2_A18	172	7.37437185929648	1.00000136569728e-12	-27.6310197502322	127	oxygen-deprived	4.02010599275274e-14
20.5_20.5_2_1_0.5_0.3_0.2_0.1_0_0_0_0_0_0_0_0_0_0_0_0	2N	33	0	SUM-159_NLS_2N_O2_A18_seed	SUM-159_NLS_2N_O2_A18	173	7.41457286432161	1.00000136569728e-12	-27.6310197502322	127	oxygen-deprived	4.02010599275274e-14
20.5_20.5_2_1_0.5_0.3_0.2_0.1_0_0_0_0_0_0_0_0_0_0_0_0	2N	33	0	SUM-159_NLS_2N_O2_A18_seed	SUM-159_NLS_2N_O2_A18	174	7.45477386934673	1.00000136569728e-12	-27.6310197502322	127	oxygen-deprived	4.02010599275274e-14
20.5_20.5_2_1_0.5_0.3_0.2_0.1_0_0_0_0_0_0_0_0_0_0_0_0	2N	33	0	SUM-159_NLS_2N_O2_A18_seed	SUM-159_NLS_2N_O2_A18	175	7.49497487437186	1.00000136569728e-12	-27.6310197502322	127	oxygen-deprived	4.02010599275274e-14
20.5_20.5_2_1_0.5_0.3_0.2_0.1_0_0_0_0_0_0_0_0_0_0_0_0	2N	33	0	SUM-159_NLS_2N_O2_A18_seed	SUM-159_NLS_2N_O2_A18	176	7.53517587939699	1.00000136569728e-12	-27.6310197502322	127	oxygen-deprived	4.02010599275274e-14
20.5_20.5_2_1_0.5_0.3_0.2_0.1_0_0_0_0_0_0_0_0_0_0_0_0	2N	33	0	SUM-159_NLS_2N_O2_A18_seed	SUM-159_NLS_2N_O2_A18	177	7.57537688442211	1.00000136569728e-12	-27.6310197502322	127	oxygen-deprived	4.02010599275274e-14
20.5_20.5_2_1_0.5_0.3_0.2_0.1_0_0_0_0_0_0_0_0_0_0_0_0	2N	33	0	SUM-159_NLS_2N_O2_A18_seed	SUM-159_NLS_2N_O2_A18	178	7.61557788944724	1.00000136569728e-12	-27.6310197502322	127	oxygen-deprived	4.02010599275274e-14
20.5_20.5_2_1_0.5_0.3_0.2_0.1_0_0_0_0_0_0_0_0_0_0_0_0	2N	33	0	SUM-159_NLS_2N_O2_A18_seed	SUM-159_NLS_2N_O2_A18	179	7.65577889447236	1.00000136569728e-12	-27.6310197502322	127	oxygen-deprived	4.02010599275274e-14
20.5_20.5_2_1_0.5_0.3_0.2_0.1_0_0_0_0_0_0_0_0_0_0_0_0	2N	33	0	SUM-159_NLS_2N_O2_A18_seed	SUM-159_NLS_2N_O2_A18	180	7.69597989949749	1.00000136569728e-12	-27.6310197502322	127	oxygen-deprived	4.02010599275274e-14
20.5_20.5_2_1_0.5_0.3_0.2_0.1_0_0_0_0_0_0_0_0_0_0_0_0	2N	33	0	SUM-159_NLS_2N_O2_A18_seed	SUM-159_NLS_2N_O2_A18	181	7.73618090452261	1.00000136569728e-12	-27.6310197502322	127	oxygen-deprived	4.02010599275274e-14
20.5_20.5_2_1_0.5_0.3_0.2_0.1_0_0_0_0_0_0_0_0_0_0_0_0	2N	33	0	SUM-159_NLS_2N_O2_A18_seed	SUM-159_NLS_2N_O2_A18	182	7.77638190954774	1.00000136569728e-12	-27.6310197502322	127	oxygen-deprived	4.02010599275274e-14
20.5_20.5_2_1_0.5_0.3_0.2_0.1_0_0_0_0_0_0_0_0_0_0_0_0	2N	33	0	SUM-159_NLS_2N_O2_A18_seed	SUM-159_NLS_2N_O2_A18	183	7.81658291457286	1.00000136569728e-12	-27.6310197502322	127	oxygen-deprived	4.02010599275274e-14
20.5_20.5_2_1_0.5_0.3_0.2_0.1_0_0_0_0_0_0_0_0_0_0_0_0	2N	33	0	SUM-159_NLS_2N_O2_A18_seed	SUM-159_NLS_2N_O2_A18	184	7.85678391959799	1.00000136569728e-12	-27.6310197502322	127	oxygen-deprived	4.02010599275274e-14
20.5_20.5_2_1_0.5_0.3_0.2_0.1_0_0_0_0_0_0_0_0_0_0_0_0	2N	33	0	SUM-159_NLS_2N_O2_A18_seed	SUM-159_NLS_2N_O2_A18	185	7.89698492462312	1.00000136569728e-12	-27.6310197502322	127	oxygen-deprived	4.02010599275274e-14
20.5_20.5_2_1_0.5_0.3_0.2_0.1_0_0_0_0_0_0_0_0_0_0_0_0	2N	33	0	SUM-159_NLS_2N_O2_A18_seed	SUM-159_NLS_2N_O2_A18	186	7.93718592964824	1.00000136569728e-12	-27.6310197502322	127	oxygen-deprived	4.02010599275274e-14
20.5_20.5_2_1_0.5_0.3_0.2_0.1_0_0_0_0_0_0_0_0_0_0_0_0	2N	33	0	SUM-159_NLS_2N_O2_A18_seed	SUM-159_NLS_2N_O2_A18	187	7.97738693467337	1.00000136569728e-12	-27.6310197502322	127	oxygen-deprived	4.02010599275274e-14
20.5_20.5_2_1_0.5_0.3_0.2_0.1_0_0_0_0_0_0_0_0_0_0_0_0	2N	33	0	SUM-159_NLS_2N_O2_A18_seed	SUM-159_NLS_2N_O2_A18	188	8.01758793969849	1.00000136569728e-12	-27.6310197502322	127	oxygen-deprived	4.02010599275274e-14
20.5_20.5_2_1_0.5_0.3_0.2_0.1_0_0_0_0_0_0_0_0_0_0_0_0	2N	33	0	SUM-159_NLS_2N_O2_A18_seed	SUM-159_NLS_2N_O2_A18	189	8.05778894472362	1.00000136569728e-12	-27.6310197502322	127	oxygen-deprived	4.02010599275274e-14
20.5_20.5_2_1_0.5_0.3_0.2_0.1_0_0_0_0_0_0_0_0_0_0_0_0	2N	33	0	SUM-159_NLS_2N_O2_A18_seed	SUM-159_NLS_2N_O2_A18	190	8.09798994974874	1.00000136569728e-12	-27.6310197502322	127	oxygen-deprived	4.02010599275274e-14
20.5_20.5_2_1_0.5_0.3_0.2_0.1_0_0_0_0_0_0_0_0_0_0_0_0	2N	33	0	SUM-159_NLS_2N_O2_A18_seed	SUM-159_NLS_2N_O2_A18	191	8.13819095477387	1.00000136569728e-12	-27.6310197502322	127	oxygen-deprived	4.02010599275274e-14
20.5_20.5_2_1_0.5_0.3_0.2_0.1_0_0_0_0_0_0_0_0_0_0_0_0	2N	33	0	SUM-159_NLS_2N_O2_A18_seed	SUM-159_NLS_2N_O2_A18	192	8.178391959799	1.00000136569728e-12	-27.6310197502322	127	oxygen-deprived	4.02010599275274e-14
20.5_20.5_2_1_0.5_0.3_0.2_0.1_0_0_0_0_0_0_0_0_0_0_0_0	2N	33	0	SUM-159_NLS_2N_O2_A18_seed	SUM-159_NLS_2N_O2_A18	193	8.21859296482412	1.00000136569728e-12	-27.6310197502322	127	oxygen-deprived	4.02010599275274e-14
20.5_20.5_2_1_0.5_0.3_0.2_0.1_0_0_0_0_0_0_0_0_0_0_0_0	2N	33	0	SUM-159_NLS_2N_O2_A18_seed	SUM-159_NLS_2N_O2_A18	194	8.25879396984925	1.00000136569728e-12	-27.6310197502322	127	oxygen-deprived	4.02010599275274e-14
20.5_20.5_2_1_0.5_0.3_0.2_0.1_0_0_0_0_0_0_0_0_0_0_0_0	2N	33	0	SUM-159_NLS_2N_O2_A18_seed	SUM-159_NLS_2N_O2_A18	195	8.29899497487437	1.00000136569728e-12	-27.6310197502322	127	oxygen-deprived	4.02010599275274e-14
20.5_20.5_2_1_0.5_0.3_0.2_0.1_0_0_0_0_0_0_0_0_0_0_0_0	2N	33	0	SUM-159_NLS_2N_O2_A18_seed	SUM-159_NLS_2N_O2_A18	196	8.3391959798995	1.00000136569728e-12	-27.6310197502322	127	oxygen-deprived	4.02010599275274e-14
20.5_20.5_2_1_0.5_0.3_0.2_0.1_0_0_0_0_0_0_0_0_0_0_0_0	2N	33	0	SUM-159_NLS_2N_O2_A18_seed	SUM-159_NLS_2N_O2_A18	197	8.37939698492462	1.00000136569728e-12	-27.6310197502322	127	oxygen-deprived	4.02010599275274e-14
20.5_20.5_2_1_0.5_0.3_0.2_0.1_0_0_0_0_0_0_0_0_0_0_0_0	2N	33	0	SUM-159_NLS_2N_O2_A18_seed	SUM-159_NLS_2N_O2_A18	198	8.41959798994975	1.00000136569728e-12	-27.6310197502322	127	oxygen-deprived	4.02010599275274e-14
20.5_20.5_2_1_0.5_0.3_0.2_0.1_0_0_0_0_0_0_0_0_0_0_0_0	2N	33	0	SUM-159_NLS_2N_O2_A18_seed	SUM-159_NLS_2N_O2_A18	199	8.45979899497488	1.00000136569728e-12	-27.6310197502322	127	oxygen-deprived	4.02010599275274e-14
20.5_20.5_2_1_0.5_0.3_0.2_0.1_0_0_0_0_0_0_0_0_0_0_0_0	2N	33	0	SUM-159_NLS_2N_O2_A18_seed	SUM-159_NLS_2N_O2_A18	200	8.5	1.00000136569728e-12	-27.6310197502322	127	oxygen-deprived	4.02010599275274e-14
20.5_20.5_2_1_0.5_0.3_0.2_0.1_0_0_0_0_0_0_0_0_0_0_0_0_0_0_0_0_0	2N	38	0	SUM-159_NLS_2N_O1_A23_seed	SUM-159_NLS_2N_O1_A23	1	0.5	9.99870850076618e-13	-27.6311502741925	150	oxygen-deprived	4.01958130684053e-14
20.5_20.5_2_1_0.5_0.3_0.2_0.1_0_0_0_0_0_0_0_0_0_0_0_0_0_0_0_0_0	2N	38	0	SUM-159_NLS_2N_O1_A23_seed	SUM-159_NLS_2N_O1_A23	2	0.540201005025126	9.99870850076618e-13	-27.6311502741925	150	oxygen-deprived	4.01958130684053e-14
20.5_20.5_2_1_0.5_0.3_0.2_0.1_0_0_0_0_0_0_0_0_0_0_0_0_0_0_0_0_0	2N	38	0	SUM-159_NLS_2N_O1_A23_seed	SUM-159_NLS_2N_O1_A23	3	0.580402010050251	9.99870850076618e-13	-27.6311502741925	150	oxygen-deprived	4.01958130684053e-14
20.5_20.5_2_1_0.5_0.3_0.2_0.1_0_0_0_0_0_0_0_0_0_0_0_0_0_0_0_0_0	2N	38	0	SUM-159_NLS_2N_O1_A23_seed	SUM-159_NLS_2N_O1_A23	4	0.620603015075377	9.99870850076618e-13	-27.6311502741925	150	oxygen-deprived	4.01958130684053e-14
20.5_20.5_2_1_0.5_0.3_0.2_0.1_0_0_0_0_0_0_0_0_0_0_0_0_0_0_0_0_0	2N	38	0	SUM-159_NLS_2N_O1_A23_seed	SUM-159_NLS_2N_O1_A23	5	0.660804020100503	9.99870850076618e-13	-27.6311502741925	150	oxygen-deprived	4.01958130684053e-14
20.5_20.5_2_1_0.5_0.3_0.2_0.1_0_0_0_0_0_0_0_0_0_0_0_0_0_0_0_0_0	2N	38	0	SUM-159_NLS_2N_O1_A23_seed	SUM-159_NLS_2N_O1_A23	6	0.701005025125628	9.99870850076618e-13	-27.6311502741925	150	oxygen-deprived	4.01958130684053e-14
20.5_20.5_2_1_0.5_0.3_0.2_0.1_0_0_0_0_0_0_0_0_0_0_0_0_0_0_0_0_0	2N	38	0	SUM-159_NLS_2N_O1_A23_seed	SUM-159_NLS_2N_O1_A23	7	0.741206030150754	9.99870850076618e-13	-27.6311502741925	150	oxygen-deprived	4.01958130684053e-14
20.5_20.5_2_1_0.5_0.3_0.2_0.1_0_0_0_0_0_0_0_0_0_0_0_0_0_0_0_0_0	2N	38	0	SUM-159_NLS_2N_O1_A23_seed	SUM-159_NLS_2N_O1_A23	8	0.781407035175879	9.99870850076618e-13	-27.6311502741925	150	oxygen-deprived	4.01958130684053e-14
20.5_20.5_2_1_0.5_0.3_0.2_0.1_0_0_0_0_0_0_0_0_0_0_0_0_0_0_0_0_0	2N	38	0	SUM-159_NLS_2N_O1_A23_seed	SUM-159_NLS_2N_O1_A23	9	0.821608040201005	9.99870850076618e-13	-27.6311502741925	150	oxygen-deprived	4.01958130684053e-14
20.5_20.5_2_1_0.5_0.3_0.2_0.1_0_0_0_0_0_0_0_0_0_0_0_0_0_0_0_0_0	2N	38	0	SUM-159_NLS_2N_O1_A23_seed	SUM-159_NLS_2N_O1_A23	10	0.861809045226131	9.99870850076618e-13	-27.6311502741925	150	oxygen-deprived	4.01958130684053e-14
20.5_20.5_2_1_0.5_0.3_0.2_0.1_0_0_0_0_0_0_0_0_0_0_0_0_0_0_0_0_0	2N	38	0	SUM-159_NLS_2N_O1_A23_seed	SUM-159_NLS_2N_O1_A23	11	0.902010050251256	9.99870850076618e-13	-27.6311502741925	150	oxygen-deprived	4.01958130684053e-14
20.5_20.5_2_1_0.5_0.3_0.2_0.1_0_0_0_0_0_0_0_0_0_0_0_0_0_0_0_0_0	2N	38	0	SUM-159_NLS_2N_O1_A23_seed	SUM-159_NLS_2N_O1_A23	12	0.942211055276382	9.99870850076618e-13	-27.6311502741925	150	oxygen-deprived	4.01958130684053e-14
20.5_20.5_2_1_0.5_0.3_0.2_0.1_0_0_0_0_0_0_0_0_0_0_0_0_0_0_0_0_0	2N	38	0	SUM-159_NLS_2N_O1_A23_seed	SUM-159_NLS_2N_O1_A23	13	0.982412060301508	9.99870850076618e-13	-27.6311502741925	150	oxygen-deprived	4.01958130684053e-14
20.5_20.5_2_1_0.5_0.3_0.2_0.1_0_0_0_0_0_0_0_0_0_0_0_0_0_0_0_0_0	2N	38	0	SUM-159_NLS_2N_O1_A23_seed	SUM-159_NLS_2N_O1_A23	14	1.02261306532663	9.99870850076618e-13	-27.6311502741925	150	oxygen-deprived	4.01958130684053e-14
20.5_20.5_2_1_0.5_0.3_0.2_0.1_0_0_0_0_0_0_0_0_0_0_0_0_0_0_0_0_0	2N	38	0	SUM-159_NLS_2N_O1_A23_seed	SUM-159_NLS_2N_O1_A23	15	1.06281407035176	9.99870850076618e-13	-27.6311502741925	150	oxygen-deprived	4.01958130684053e-14
20.5_20.5_2_1_0.5_0.3_0.2_0.1_0_0_0_0_0_0_0_0_0_0_0_0_0_0_0_0_0	2N	38	0	SUM-159_NLS_2N_O1_A23_seed	SUM-159_NLS_2N_O1_A23	16	1.10301507537688	9.99870850076618e-13	-27.6311502741925	150	oxygen-deprived	4.01958130684053e-14
20.5_20.5_2_1_0.5_0.3_0.2_0.1_0_0_0_0_0_0_0_0_0_0_0_0_0_0_0_0_0	2N	38	0	SUM-159_NLS_2N_O1_A23_seed	SUM-159_NLS_2N_O1_A23	17	1.14321608040201	9.99870850076618e-13	-27.6311502741925	150	oxygen-deprived	4.01958130684053e-14
20.5_20.5_2_1_0.5_0.3_0.2_0.1_0_0_0_0_0_0_0_0_0_0_0_0_0_0_0_0_0	2N	38	0	SUM-159_NLS_2N_O1_A23_seed	SUM-159_NLS_2N_O1_A23	18	1.18341708542714	2.77810686381375e-11	-24.3066663114467	150	oxygen-deprived	1.11682687992509e-12
20.5_20.5_2_1_0.5_0.3_0.2_0.1_0_0_0_0_0_0_0_0_0_0_0_0_0_0_0_0_0	2N	38	0	SUM-159_NLS_2N_O1_A23_seed	SUM-159_NLS_2N_O1_A23	19	1.22361809045226	8.88192319370259e-07	-13.934077541536	150	oxygen-deprived	3.57062238942805e-08
20.5_20.5_2_1_0.5_0.3_0.2_0.1_0_0_0_0_0_0_0_0_0_0_0_0_0_0_0_0_0	2N	38	0	SUM-159_NLS_2N_O1_A23_seed	SUM-159_NLS_2N_O1_A23	20	1.26381909547739	3.01789646481864e-05	-10.4083654111048	150	oxygen-deprived	1.21322470947479e-06
20.5_20.5_2_1_0.5_0.3_0.2_0.1_0_0_0_0_0_0_0_0_0_0_0_0_0_0_0_0_0	2N	38	0	SUM-159_NLS_2N_O1_A23_seed	SUM-159_NLS_2N_O1_A23	21	1.30402010050251	6.34122131254556e-05	-9.66585407902484	150	oxygen-deprived	2.54923469851069e-06
20.5_20.5_2_1_0.5_0.3_0.2_0.1_0_0_0_0_0_0_0_0_0_0_0_0_0_0_0_0_0	2N	38	0	SUM-159_NLS_2N_O1_A23_seed	SUM-159_NLS_2N_O1_A23	22	1.34422110552764	0.000272664914588216	-8.20726693576587	150	oxygen-deprived	1.09614036015359e-05
20.5_20.5_2_1_0.5_0.3_0.2_0.1_0_0_0_0_0_0_0_0_0_0_0_0_0_0_0_0_0	2N	38	0	SUM-159_NLS_2N_O1_A23_seed	SUM-159_NLS_2N_O1_A23	23	1.38442211055276	0.000747546075969574	-7.19871461450603	150	oxygen-deprived	3.00521035565647e-05
20.5_20.5_2_1_0.5_0.3_0.2_0.1_0_0_0_0_0_0_0_0_0_0_0_0_0_0_0_0_0	2N	38	0	SUM-159_NLS_2N_O1_A23_seed	SUM-159_NLS_2N_O1_A23	24	1.42462311557789	0.00214140990671316	-6.14629083197213	150	oxygen-deprived	8.60868304206264e-05
20.5_20.5_2_1_0.5_0.3_0.2_0.1_0_0_0_0_0_0_0_0_0_0_0_0_0_0_0_0_0	2N	38	0	SUM-159_NLS_2N_O1_A23_seed	SUM-159_NLS_2N_O1_A23	25	1.46482412060302	0.00499915773528694	-5.29848583368044	150	oxygen-deprived	0.000200971165237659
20.5_20.5_2_1_0.5_0.3_0.2_0.1_0_0_0_0_0_0_0_0_0_0_0_0_0_0_0_0_0	2N	38	0	SUM-159_NLS_2N_O1_A23_seed	SUM-159_NLS_2N_O1_A23	26	1.50502512562814	0.0115156284239319	-4.46405017282329	150	oxygen-deprived	0.000462939836137949
20.5_20.5_2_1_0.5_0.3_0.2_0.1_0_0_0_0_0_0_0_0_0_0_0_0_0_0_0_0_0	2N	38	0	SUM-159_NLS_2N_O1_A23_seed	SUM-159_NLS_2N_O1_A23	27	1.54522613065327	0.0238858322646	-3.73446978809163	150	oxygen-deprived	0.000960234462898458
20.5_20.5_2_1_0.5_0.3_0.2_0.1_0_0_0_0_0_0_0_0_0_0_0_0_0_0_0_0_0	2N	38	0	SUM-159_NLS_2N_O1_A23_seed	SUM-159_NLS_2N_O1_A23	28	1.58542713567839	0.04606871583954	-3.07762117453741	150	oxygen-deprived	0.00185200867696637
20.5_20.5_2_1_0.5_0.3_0.2_0.1_0_0_0_0_0_0_0_0_0_0_0_0_0_0_0_0_0	2N	38	0	SUM-159_NLS_2N_O1_A23_seed	SUM-159_NLS_2N_O1_A23	29	1.62562814070352	0.0853685199827432	-2.46077786461315	150	oxygen-deprived	0.00343190030081367
20.5_20.5_2_1_0.5_0.3_0.2_0.1_0_0_0_0_0_0_0_0_0_0_0_0_0_0_0_0_0	2N	38	0	SUM-159_NLS_2N_O1_A23_seed	SUM-159_NLS_2N_O1_A23	30	1.66582914572864	0.151998946430167	-1.88388168954036	150	oxygen-deprived	0.00611051040925272
20.5_20.5_2_1_0.5_0.3_0.2_0.1_0_0_0_0_0_0_0_0_0_0_0_0_0_0_0_0_0	2N	38	0	SUM-159_NLS_2N_O1_A23_seed	SUM-159_NLS_2N_O1_A23	31	1.70603015075377	0.257254735230544	-1.35768849732157	150	oxygen-deprived	0.0103418989037401
20.5_20.5_2_1_0.5_0.3_0.2_0.1_0_0_0_0_0_0_0_0_0_0_0_0_0_0_0_0_0	2N	38	0	SUM-159_NLS_2N_O1_A23_seed	SUM-159_NLS_2N_O1_A23	32	1.74623115577889	0.401243918007803	-0.913185762265741	150	oxygen-deprived	0.0161304087641322
20.5_20.5_2_1_0.5_0.3_0.2_0.1_0_0_0_0_0_0_0_0_0_0_0_0_0_0_0_0_0	2N	38	0	SUM-159_NLS_2N_O1_A23_seed	SUM-159_NLS_2N_O1_A23	33	1.78643216080402	0.599246505898128	-0.512082236476252	150	oxygen-deprived	0.0240903117948987
20.5_20.5_2_1_0.5_0.3_0.2_0.1_0_0_0_0_0_0_0_0_0_0_0_0_0_0_0_0_0	2N	38	0	SUM-159_NLS_2N_O1_A23_seed	SUM-159_NLS_2N_O1_A23	34	1.82663316582915	0.841747369259984	-0.172275346268101	150	oxygen-deprived	0.0338390902215057
20.5_20.5_2_1_0.5_0.3_0.2_0.1_0_0_0_0_0_0_0_0_0_0_0_0_0_0_0_0_0	2N	38	0	SUM-159_NLS_2N_O1_A23_seed	SUM-159_NLS_2N_O1_A23	35	1.86683417085427	1.10503127254494	0.0998736355149006	150	oxygen-deprived	0.0444233677404985
20.5_20.5_2_1_0.5_0.3_0.2_0.1_0_0_0_0_0_0_0_0_0_0_0_0_0_0_0_0_0	2N	38	0	SUM-159_NLS_2N_O1_A23_seed	SUM-159_NLS_2N_O1_A23	36	1.9070351758794	1.38868695293373	0.328358662513606	150	oxygen-deprived	0.0558266111732133
20.5_20.5_2_1_0.5_0.3_0.2_0.1_0_0_0_0_0_0_0_0_0_0_0_0_0_0_0_0_0	2N	38	0	SUM-159_NLS_2N_O1_A23_seed	SUM-159_NLS_2N_O1_A23	37	1.94723618090452	1.62559490746201	0.485873845684279	150	oxygen-deprived	0.0653505490436965
20.5_20.5_2_1_0.5_0.3_0.2_0.1_0_0_0_0_0_0_0_0_0_0_0_0_0_0_0_0_0	2N	38	0	SUM-159_NLS_2N_O1_A23_seed	SUM-159_NLS_2N_O1_A23	38	1.98743718592965	1.79867915063937	0.587052590334949	150	oxygen-deprived	0.0723087095734394
20.5_20.5_2_1_0.5_0.3_0.2_0.1_0_0_0_0_0_0_0_0_0_0_0_0_0_0_0_0_0	2N	38	0	SUM-159_NLS_2N_O1_A23_seed	SUM-159_NLS_2N_O1_A23	39	2.02763819095477	1.89634266619337	0.639927118617578	150	oxygen-deprived	0.076234881052997
20.5_20.5_2_1_0.5_0.3_0.2_0.1_0_0_0_0_0_0_0_0_0_0_0_0_0_0_0_0_0	2N	38	0	SUM-159_NLS_2N_O1_A23_seed	SUM-159_NLS_2N_O1_A23	40	2.0678391959799	1.87626462961098	0.629282901196152	150	oxygen-deprived	0.0754277238034538
20.5_20.5_2_1_0.5_0.3_0.2_0.1_0_0_0_0_0_0_0_0_0_0_0_0_0_0_0_0_0	2N	38	0	SUM-159_NLS_2N_O1_A23_seed	SUM-159_NLS_2N_O1_A23	41	2.10804020100502	1.75362829200777	0.561686951313725	150	oxygen-deprived	0.0704976197792043
20.5_20.5_2_1_0.5_0.3_0.2_0.1_0_0_0_0_0_0_0_0_0_0_0_0_0_0_0_0_0	2N	38	0	SUM-159_NLS_2N_O1_A23_seed	SUM-159_NLS_2N_O1_A23	42	2.14824120603015	1.55376789272516	0.440682879609244	150	oxygen-deprived	0.0624630308633207
20.5_20.5_2_1_0.5_0.3_0.2_0.1_0_0_0_0_0_0_0_0_0_0_0_0_0_0_0_0_0	2N	38	0	SUM-159_NLS_2N_O1_A23_seed	SUM-159_NLS_2N_O1_A23	43	2.18844221105528	1.30791682991857	0.268435665324185	150	oxygen-deprived	0.0525795710520009
20.5_20.5_2_1_0.5_0.3_0.2_0.1_0_0_0_0_0_0_0_0_0_0_0_0_0_0_0_0_0	2N	38	0	SUM-159_NLS_2N_O1_A23_seed	SUM-159_NLS_2N_O1_A23	44	2.2286432160804	1.04269662800272	0.0418102688988266	150	oxygen-deprived	0.0419174523820174
20.5_20.5_2_1_0.5_0.3_0.2_0.1_0_0_0_0_0_0_0_0_0_0_0_0_0_0_0_0_0	2N	38	0	SUM-159_NLS_2N_O1_A23_seed	SUM-159_NLS_2N_O1_A23	45	2.26884422110553	0.79801908213974	-0.225622769362412	150	oxygen-deprived	0.0320811691312447
20.5_20.5_2_1_0.5_0.3_0.2_0.1_0_0_0_0_0_0_0_0_0_0_0_0_0_0_0_0_0	2N	38	0	SUM-159_NLS_2N_O1_A23_seed	SUM-159_NLS_2N_O1_A23	46	2.30904522613065	0.573378524445055	-0.556209179242525	150	oxygen-deprived	0.0230503929425139
20.5_20.5_2_1_0.5_0.3_0.2_0.1_0_0_0_0_0_0_0_0_0_0_0_0_0_0_0_0_0	2N	38	0	SUM-159_NLS_2N_O1_A23_seed	SUM-159_NLS_2N_O1_A23	47	2.34924623115578	0.402264873614815	-0.910644517746466	150	oxygen-deprived	0.0161714522056201
20.5_20.5_2_1_0.5_0.3_0.2_0.1_0_0_0_0_0_0_0_0_0_0_0_0_0_0_0_0_0	2N	38	0	SUM-159_NLS_2N_O1_A23_seed	SUM-159_NLS_2N_O1_A23	48	2.3894472361809	0.26450136828999	-1.32990885457811	150	oxygen-deprived	0.0106332208357781
20.5_20.5_2_1_0.5_0.3_0.2_0.1_0_0_0_0_0_0_0_0_0_0_0_0_0_0_0_0_0	2N	38	0	SUM-159_NLS_2N_O1_A23_seed	SUM-159_NLS_2N_O1_A23	49	2.42964824120603	0.170864489224941	-1.76688449731528	150	oxygen-deprived	0.00686892418994713
20.5_20.5_2_1_0.5_0.3_0.2_0.1_0_0_0_0_0_0_0_0_0_0_0_0_0_0_0_0_0	2N	38	0	SUM-159_NLS_2N_O1_A23_seed	SUM-159_NLS_2N_O1_A23	50	2.46984924623116	0.106241019936834	-2.24204499299104	150	oxygen-deprived	0.00427099577635498
20.5_20.5_2_1_0.5_0.3_0.2_0.1_0_0_0_0_0_0_0_0_0_0_0_0_0_0_0_0_0	2N	38	0	SUM-159_NLS_2N_O1_A23_seed	SUM-159_NLS_2N_O1_A23	51	2.51005025125628	0.0652377411052597	-2.72971712621166	150	oxygen-deprived	0.0026226227580003
20.5_20.5_2_1_0.5_0.3_0.2_0.1_0_0_0_0_0_0_0_0_0_0_0_0_0_0_0_0_0	2N	38	0	SUM-159_NLS_2N_O1_A23_seed	SUM-159_NLS_2N_O1_A23	52	2.55025125628141	0.0391307469270242	-3.24084675459484	150	oxygen-deprived	0.00157309535385016
20.5_20.5_2_1_0.5_0.3_0.2_0.1_0_0_0_0_0_0_0_0_0_0_0_0_0_0_0_0_0	2N	38	0	SUM-159_NLS_2N_O1_A23_seed	SUM-159_NLS_2N_O1_A23	53	2.59045226130653	0.0238398968311153	-3.73639476434824	150	oxygen-deprived	0.000958387812306108
20.5_20.5_2_1_0.5_0.3_0.2_0.1_0_0_0_0_0_0_0_0_0_0_0_0_0_0_0_0_0	2N	38	0	SUM-159_NLS_2N_O1_A23_seed	SUM-159_NLS_2N_O1_A23	54	2.63065326633166	0.0145362263765722	-4.23111137449741	150	oxygen-deprived	0.000584370909610921
20.5_20.5_2_1_0.5_0.3_0.2_0.1_0_0_0_0_0_0_0_0_0_0_0_0_0_0_0_0_0	2N	38	0	SUM-159_NLS_2N_O1_A23_seed	SUM-159_NLS_2N_O1_A23	55	2.67085427135678	0.00918914607815111	-4.68973226552248	150	oxygen-deprived	0.000369412907664353
20.5_20.5_2_1_0.5_0.3_0.2_0.1_0_0_0_0_0_0_0_0_0_0_0_0_0_0_0_0_0	2N	38	0	SUM-159_NLS_2N_O1_A23_seed	SUM-159_NLS_2N_O1_A23	56	2.71105527638191	0.00571056610225616	-5.16543711797697	150	oxygen-deprived	0.000229570496573104
20.5_20.5_2_1_0.5_0.3_0.2_0.1_0_0_0_0_0_0_0_0_0_0_0_0_0_0_0_0_0	2N	38	0	SUM-159_NLS_2N_O1_A23_seed	SUM-159_NLS_2N_O1_A23	57	2.75125628140704	0.0037985836134309	-5.57312701503978	150	oxygen-deprived	0.00015270687893189
20.5_20.5_2_1_0.5_0.3_0.2_0.1_0_0_0_0_0_0_0_0_0_0_0_0_0_0_0_0_0	2N	38	0	SUM-159_NLS_2N_O1_A23_seed	SUM-159_NLS_2N_O1_A23	58	2.79145728643216	0.00278441223020037	-5.88371847627876	150	oxygen-deprived	0.000111936170058302
20.5_20.5_2_1_0.5_0.3_0.2_0.1_0_0_0_0_0_0_0_0_0_0_0_0_0_0_0_0_0	2N	38	0	SUM-159_NLS_2N_O1_A23_seed	SUM-159_NLS_2N_O1_A23	59	2.83165829145729	0.00147163360820815	-6.52138219712535	150	oxygen-deprived	5.91611500787175e-05
20.5_20.5_2_1_0.5_0.3_0.2_0.1_0_0_0_0_0_0_0_0_0_0_0_0_0_0_0_0_0	2N	38	0	SUM-159_NLS_2N_O1_A23_seed	SUM-159_NLS_2N_O1_A23	60	2.87185929648241	0.000933866201952332	-6.97617738272478	150	oxygen-deprived	3.75423598774793e-05
20.5_20.5_2_1_0.5_0.3_0.2_0.1_0_0_0_0_0_0_0_0_0_0_0_0_0_0_0_0_0	2N	38	0	SUM-159_NLS_2N_O1_A23_seed	SUM-159_NLS_2N_O1_A23	61	2.91206030150754	0.000987679728493273	-6.92015207421214	150	oxygen-deprived	3.97057177283713e-05
20.5_20.5_2_1_0.5_0.3_0.2_0.1_0_0_0_0_0_0_0_0_0_0_0_0_0_0_0_0_0	2N	38	0	SUM-159_NLS_2N_O1_A23_seed	SUM-159_NLS_2N_O1_A23	62	2.95226130653266	0.000606429499063388	-7.40792207860659	150	oxygen-deprived	2.43790753392308e-05
20.5_20.5_2_1_0.5_0.3_0.2_0.1_0_0_0_0_0_0_0_0_0_0_0_0_0_0_0_0_0	2N	38	0	SUM-159_NLS_2N_O1_A23_seed	SUM-159_NLS_2N_O1_A23	63	2.99246231155779	0.000553022333572764	-7.50011217104991	150	oxygen-deprived	2.22320536109646e-05
20.5_20.5_2_1_0.5_0.3_0.2_0.1_0_0_0_0_0_0_0_0_0_0_0_0_0_0_0_0_0	2N	38	0	SUM-159_NLS_2N_O1_A23_seed	SUM-159_NLS_2N_O1_A23	64	3.03266331658291	0.000553030334885793	-7.50009770281841	150	oxygen-deprived	2.22323752717899e-05
20.5_20.5_2_1_0.5_0.3_0.2_0.1_0_0_0_0_0_0_0_0_0_0_0_0_0_0_0_0_0	2N	38	0	SUM-159_NLS_2N_O1_A23_seed	SUM-159_NLS_2N_O1_A23	65	3.07286432160804	0.000354175969148094	-7.94571668034884	150	oxygen-deprived	1.42382299155007e-05
20.5_20.5_2_1_0.5_0.3_0.2_0.1_0_0_0_0_0_0_0_0_0_0_0_0_0_0_0_0_0	2N	38	0	SUM-159_NLS_2N_O1_A23_seed	SUM-159_NLS_2N_O1_A23	66	3.11306532663317	0.000220282076894787	-8.42060166518341	150	oxygen-deprived	8.85556088019212e-06
20.5_20.5_2_1_0.5_0.3_0.2_0.1_0_0_0_0_0_0_0_0_0_0_0_0_0_0_0_0_0	2N	38	0	SUM-159_NLS_2N_O1_A23_seed	SUM-159_NLS_2N_O1_A23	67	3.15326633165829	0.000113008456173696	-9.08804790865627	150	oxygen-deprived	4.54305351452028e-06
20.5_20.5_2_1_0.5_0.3_0.2_0.1_0_0_0_0_0_0_0_0_0_0_0_0_0_0_0_0_0	2N	38	0	SUM-159_NLS_2N_O1_A23_seed	SUM-159_NLS_2N_O1_A23	68	3.19346733668342	0.000295171774984464	-8.12795308300545	150	oxygen-deprived	1.18662020094253e-05
20.5_20.5_2_1_0.5_0.3_0.2_0.1_0_0_0_0_0_0_0_0_0_0_0_0_0_0_0_0_0	2N	38	0	SUM-159_NLS_2N_O1_A23_seed	SUM-159_NLS_2N_O1_A23	69	3.23366834170854	0.000592375953212593	-7.43136906854071	150	oxygen-deprived	2.38141086718622e-05
20.5_20.5_2_1_0.5_0.3_0.2_0.1_0_0_0_0_0_0_0_0_0_0_0_0_0_0_0_0_0	2N	38	0	SUM-159_NLS_2N_O1_A23_seed	SUM-159_NLS_2N_O1_A23	70	3.27386934673367	0.000815663223261312	-7.11150900478263	150	oxygen-deprived	3.2790481337137e-05
20.5_20.5_2_1_0.5_0.3_0.2_0.1_0_0_0_0_0_0_0_0_0_0_0_0_0_0_0_0_0	2N	38	0	SUM-159_NLS_2N_O1_A23_seed	SUM-159_NLS_2N_O1_A23	71	3.31407035175879	0.00138066324263714	-6.58519128466269	150	oxygen-deprived	5.55040499552599e-05
20.5_20.5_2_1_0.5_0.3_0.2_0.1_0_0_0_0_0_0_0_0_0_0_0_0_0_0_0_0_0	2N	38	0	SUM-159_NLS_2N_O1_A23_seed	SUM-159_NLS_2N_O1_A23	72	3.35427135678392	0.00214253412487396	-6.1457659800234	150	oxygen-deprived	8.61320251205581e-05
20.5_20.5_2_1_0.5_0.3_0.2_0.1_0_0_0_0_0_0_0_0_0_0_0_0_0_0_0_0_0	2N	38	0	SUM-159_NLS_2N_O1_A23_seed	SUM-159_NLS_2N_O1_A23	73	3.39447236180905	0.00379353840209594	-5.57445608010678	150	oxygen-deprived	0.00015250405636566
20.5_20.5_2_1_0.5_0.3_0.2_0.1_0_0_0_0_0_0_0_0_0_0_0_0_0_0_0_0_0	2N	38	0	SUM-159_NLS_2N_O1_A23_seed	SUM-159_NLS_2N_O1_A23	74	3.43467336683417	0.0061250522124686	-5.09536799810301	150	oxygen-deprived	0.000246233254772598
20.5_20.5_2_1_0.5_0.3_0.2_0.1_0_0_0_0_0_0_0_0_0_0_0_0_0_0_0_0_0	2N	38	0	SUM-159_NLS_2N_O1_A23_seed	SUM-159_NLS_2N_O1_A23	75	3.4748743718593	0.00934829972739768	-4.67256079955492	150	oxygen-deprived	0.000375811044317481
20.5_20.5_2_1_0.5_0.3_0.2_0.1_0_0_0_0_0_0_0_0_0_0_0_0_0_0_0_0_0	2N	38	0	SUM-159_NLS_2N_O1_A23_seed	SUM-159_NLS_2N_O1_A23	76	3.51507537688442	0.0138712099960485	-4.27793981010078	150	oxygen-deprived	0.000557636582755698
20.5_20.5_2_1_0.5_0.3_0.2_0.1_0_0_0_0_0_0_0_0_0_0_0_0_0_0_0_0_0	2N	38	0	SUM-159_NLS_2N_O1_A23_seed	SUM-159_NLS_2N_O1_A23	77	3.55527638190955	0.0209636647373238	-3.86496459047482	150	oxygen-deprived	0.000842760391450172
20.5_20.5_2_1_0.5_0.3_0.2_0.1_0_0_0_0_0_0_0_0_0_0_0_0_0_0_0_0_0	2N	38	0	SUM-159_NLS_2N_O1_A23_seed	SUM-159_NLS_2N_O1_A23	78	3.59547738693467	0.0309469279116686	-3.47548154449802	150	oxygen-deprived	0.00124409760448914
20.5_20.5_2_1_0.5_0.3_0.2_0.1_0_0_0_0_0_0_0_0_0_0_0_0_0_0_0_0_0	2N	38	0	SUM-159_NLS_2N_O1_A23_seed	SUM-159_NLS_2N_O1_A23	79	3.6356783919598	0.0423605174855163	-3.16153854195159	150	oxygen-deprived	0.0017029353763021
20.5_20.5_2_1_0.5_0.3_0.2_0.1_0_0_0_0_0_0_0_0_0_0_0_0_0_0_0_0_0	2N	38	0	SUM-159_NLS_2N_O1_A23_seed	SUM-159_NLS_2N_O1_A23	80	3.67587939698492	0.0606189080843569	-2.80314841997995	150	oxygen-deprived	0.00243694102851677
20.5_20.5_2_1_0.5_0.3_0.2_0.1_0_0_0_0_0_0_0_0_0_0_0_0_0_0_0_0_0	2N	38	0	SUM-159_NLS_2N_O1_A23_seed	SUM-159_NLS_2N_O1_A23	81	3.71608040201005	0.0847696359518429	-2.46781786691106	150	oxygen-deprived	0.00340782456087798
20.5_20.5_2_1_0.5_0.3_0.2_0.1_0_0_0_0_0_0_0_0_0_0_0_0_0_0_0_0_0	2N	38	0	SUM-159_NLS_2N_O1_A23_seed	SUM-159_NLS_2N_O1_A23	82	3.75628140703518	0.107121705002449	-2.23378966097413	150	oxygen-deprived	0.00430640020110332
20.5_20.5_2_1_0.5_0.3_0.2_0.1_0_0_0_0_0_0_0_0_0_0_0_0_0_0_0_0_0	2N	38	0	SUM-159_NLS_2N_O1_A23_seed	SUM-159_NLS_2N_O1_A23	83	3.7964824120603	0.139545890872403	-1.96936176499118	150	oxygen-deprived	0.0056098850601969
20.5_20.5_2_1_0.5_0.3_0.2_0.1_0_0_0_0_0_0_0_0_0_0_0_0_0_0_0_0_0	2N	38	0	SUM-159_NLS_2N_O1_A23_seed	SUM-159_NLS_2N_O1_A23	84	3.83668341708543	0.177975638467906	-1.72610860059644	150	oxygen-deprived	0.00715479953639797
20.5_20.5_2_1_0.5_0.3_0.2_0.1_0_0_0_0_0_0_0_0_0_0_0_0_0_0_0_0_0	2N	38	0	SUM-159_NLS_2N_O1_A23_seed	SUM-159_NLS_2N_O1_A23	85	3.87688442211055	0.208452982311386	-1.56804176767499	150	oxygen-deprived	0.00838001938940215
20.5_20.5_2_1_0.5_0.3_0.2_0.1_0_0_0_0_0_0_0_0_0_0_0_0_0_0_0_0_0	2N	38	0	SUM-159_NLS_2N_O1_A23_seed	SUM-159_NLS_2N_O1_A23	86	3.91708542713568	0.243133091509388	-1.41414628389069	150	oxygen-deprived	0.00977419463354288
20.5_20.5_2_1_0.5_0.3_0.2_0.1_0_0_0_0_0_0_0_0_0_0_0_0_0_0_0_0_0	2N	38	0	SUM-159_NLS_2N_O1_A23_seed	SUM-159_NLS_2N_O1_A23	87	3.9572864321608	0.278652694175406	-1.2777890963415	150	oxygen-deprived	0.0112021183588099
20.5_20.5_2_1_0.5_0.3_0.2_0.1_0_0_0_0_0_0_0_0_0_0_0_0_0_0_0_0_0	2N	38	0	SUM-159_NLS_2N_O1_A23_seed	SUM-159_NLS_2N_O1_A23	88	3.99748743718593	0.290256855935628	-1.23698903788852	150	oxygen-deprived	0.0116686173240449
20.5_20.5_2_1_0.5_0.3_0.2_0.1_0_0_0_0_0_0_0_0_0_0_0_0_0_0_0_0_0	2N	38	0	SUM-159_NLS_2N_O1_A23_seed	SUM-159_NLS_2N_O1_A23	89	4.03768844221106	0.276427081530588	-1.28580821239992	150	oxygen-deprived	0.0111126464936916
20.5_20.5_2_1_0.5_0.3_0.2_0.1_0_0_0_0_0_0_0_0_0_0_0_0_0_0_0_0_0	2N	38	0	SUM-159_NLS_2N_O1_A23_seed	SUM-159_NLS_2N_O1_A23	90	4.07788944723618	0.285263239805892	-1.2543428765725	150	oxygen-deprived	0.0114678689369199
20.5_20.5_2_1_0.5_0.3_0.2_0.1_0_0_0_0_0_0_0_0_0_0_0_0_0_0_0_0_0	2N	38	0	SUM-159_NLS_2N_O1_A23_seed	SUM-159_NLS_2N_O1_A23	91	4.11809045226131	0.28291557497207	-1.26260674749912	150	oxygen-deprived	0.0113734904511381
20.5_20.5_2_1_0.5_0.3_0.2_0.1_0_0_0_0_0_0_0_0_0_0_0_0_0_0_0_0_0	2N	38	0	SUM-159_NLS_2N_O1_A23_seed	SUM-159_NLS_2N_O1_A23	92	4.15829145728643	0.276276919867433	-1.28635158341395	150	oxygen-deprived	0.0111066098439165
20.5_20.5_2_1_0.5_0.3_0.2_0.1_0_0_0_0_0_0_0_0_0_0_0_0_0_0_0_0_0	2N	38	0	SUM-159_NLS_2N_O1_A23_seed	SUM-159_NLS_2N_O1_A23	93	4.19849246231156	0.257280815010324	-1.35758712520145	150	oxygen-deprived	0.0103429473370981
20.5_20.5_2_1_0.5_0.3_0.2_0.1_0_0_0_0_0_0_0_0_0_0_0_0_0_0_0_0_0	2N	38	0	SUM-159_NLS_2N_O1_A23_seed	SUM-159_NLS_2N_O1_A23	94	4.23869346733668	0.240484294327521	-1.42510049582021	150	oxygen-deprived	0.00966771032472411
20.5_20.5_2_1_0.5_0.3_0.2_0.1_0_0_0_0_0_0_0_0_0_0_0_0_0_0_0_0_0	2N	38	0	SUM-159_NLS_2N_O1_A23_seed	SUM-159_NLS_2N_O1_A23	95	4.27889447236181	0.219346625982932	-1.51710203337592	150	oxygen-deprived	0.00881795481338388
20.5_20.5_2_1_0.5_0.3_0.2_0.1_0_0_0_0_0_0_0_0_0_0_0_0_0_0_0_0_0	2N	38	0	SUM-159_NLS_2N_O1_A23_seed	SUM-159_NLS_2N_O1_A23	96	4.31909547738693	0.192765212557975	-1.64628234587623	150	oxygen-deprived	0.00774935527871228
20.5_20.5_2_1_0.5_0.3_0.2_0.1_0_0_0_0_0_0_0_0_0_0_0_0_0_0_0_0_0	2N	38	0	SUM-159_NLS_2N_O1_A23_seed	SUM-159_NLS_2N_O1_A23	97	4.35929648241206	0.169594421709023	-1.77434544703186	150	oxygen-deprived	0.00681786619935746
20.5_20.5_2_1_0.5_0.3_0.2_0.1_0_0_0_0_0_0_0_0_0_0_0_0_0_0_0_0_0	2N	38	0	SUM-159_NLS_2N_O1_A23_seed	SUM-159_NLS_2N_O1_A23	98	4.39949748743719	0.142362743989933	-1.94937694351935	150	oxygen-deprived	0.00572312538652976
20.5_20.5_2_1_0.5_0.3_0.2_0.1_0_0_0_0_0_0_0_0_0_0_0_0_0_0_0_0_0	2N	38	0	SUM-159_NLS_2N_O1_A23_seed	SUM-159_NLS_2N_O1_A23	99	4.43969849246231	0.118305514621056	-2.13448489352166	150	oxygen-deprived	0.00475600058778097
20.5_20.5_2_1_0.5_0.3_0.2_0.1_0_0_0_0_0_0_0_0_0_0_0_0_0_0_0_0_0	2N	38	0	SUM-159_NLS_2N_O1_A23_seed	SUM-159_NLS_2N_O1_A23	100	4.47989949748744	0.0965466642762028	-2.3377288198893	150	oxygen-deprived	0.0038812729357266
20.5_20.5_2_1_0.5_0.3_0.2_0.1_0_0_0_0_0_0_0_0_0_0_0_0_0_0_0_0_0	2N	38	0	SUM-159_NLS_2N_O1_A23_seed	SUM-159_NLS_2N_O1_A23	101	4.52010050251256	0.0765972059681777	-2.5691946785121	150	oxygen-deprived	0.00307928466203718
20.5_20.5_2_1_0.5_0.3_0.2_0.1_0_0_0_0_0_0_0_0_0_0_0_0_0_0_0_0_0	2N	38	0	SUM-159_NLS_2N_O1_A23_seed	SUM-159_NLS_2N_O1_A23	102	4.56030150753769	0.060275760087419	-2.80882524466809	150	oxygen-deprived	0.00242314613416751
20.5_20.5_2_1_0.5_0.3_0.2_0.1_0_0_0_0_0_0_0_0_0_0_0_0_0_0_0_0_0	2N	38	0	SUM-159_NLS_2N_O1_A23_seed	SUM-159_NLS_2N_O1_A23	103	4.60050251256281	0.0483132807569732	-3.03004879220677	150	oxygen-deprived	0.00194224244249131
20.5_20.5_2_1_0.5_0.3_0.2_0.1_0_0_0_0_0_0_0_0_0_0_0_0_0_0_0_0_0	2N	38	0	SUM-159_NLS_2N_O1_A23_seed	SUM-159_NLS_2N_O1_A23	104	4.64070351758794	0.0359044485194918	-3.32689407697266	150	oxygen-deprived	0.0014433949153564
20.5_20.5_2_1_0.5_0.3_0.2_0.1_0_0_0_0_0_0_0_0_0_0_0_0_0_0_0_0_0	2N	38	0	SUM-159_NLS_2N_O1_A23_seed	SUM-159_NLS_2N_O1_A23	105	4.68090452261307	0.0258797783397761	-3.65429337430976	150	oxygen-deprived	0.00104039309908644
20.5_20.5_2_1_0.5_0.3_0.2_0.1_0_0_0_0_0_0_0_0_0_0_0_0_0_0_0_0_0	2N	38	0	SUM-159_NLS_2N_O1_A23_seed	SUM-159_NLS_2N_O1_A23	106	4.72110552763819	0.0196479682299886	-3.92978134397776	150	oxygen-deprived	0.000789868069547252
20.5_20.5_2_1_0.5_0.3_0.2_0.1_0_0_0_0_0_0_0_0_0_0_0_0_0_0_0_0_0	2N	38	0	SUM-159_NLS_2N_O1_A23_seed	SUM-159_NLS_2N_O1_A23	107	4.76130653266332	0.0154179040562732	-4.17222584380311	150	oxygen-deprived	0.000619815238443121
20.5_20.5_2_1_0.5_0.3_0.2_0.1_0_0_0_0_0_0_0_0_0_0_0_0_0_0_0_0_0	2N	38	0	SUM-159_NLS_2N_O1_A23_seed	SUM-159_NLS_2N_O1_A23	108	4.80150753768844	0.0122340656661634	-4.4035309506624	150	oxygen-deprived	0.000491821735323134
20.5_20.5_2_1_0.5_0.3_0.2_0.1_0_0_0_0_0_0_0_0_0_0_0_0_0_0_0_0_0	2N	38	0	SUM-159_NLS_2N_O1_A23_seed	SUM-159_NLS_2N_O1_A23	109	4.84170854271357	0.00843264038070847	-4.77564534358821	150	oxygen-deprived	0.000339000618319926
20.5_20.5_2_1_0.5_0.3_0.2_0.1_0_0_0_0_0_0_0_0_0_0_0_0_0_0_0_0_0	2N	38	0	SUM-159_NLS_2N_O1_A23_seed	SUM-159_NLS_2N_O1_A23	110	4.88190954773869	0.00690013554542705	-4.97621422330708	150	oxygen-deprived	0.000277392383735751
20.5_20.5_2_1_0.5_0.3_0.2_0.1_0_0_0_0_0_0_0_0_0_0_0_0_0_0_0_0_0	2N	38	0	SUM-159_NLS_2N_O1_A23_seed	SUM-159_NLS_2N_O1_A23	111	4.92211055276382	0.00516199635092023	-5.26643188459797	150	oxygen-deprived	0.000207517441243017
20.5_20.5_2_1_0.5_0.3_0.2_0.1_0_0_0_0_0_0_0_0_0_0_0_0_0_0_0_0_0	2N	38	0	SUM-159_NLS_2N_O1_A23_seed	SUM-159_NLS_2N_O1_A23	112	4.96231155778894	0.00402268581608569	-5.51580548598549	150	oxygen-deprived	0.000161716012706957
20.5_20.5_2_1_0.5_0.3_0.2_0.1_0_0_0_0_0_0_0_0_0_0_0_0_0_0_0_0_0	2N	38	0	SUM-159_NLS_2N_O1_A23_seed	SUM-159_NLS_2N_O1_A23	113	5.00251256281407	0.00292857538542714	-5.83323919077254	150	oxygen-deprived	0.000117731673786011
20.5_20.5_2_1_0.5_0.3_0.2_0.1_0_0_0_0_0_0_0_0_0_0_0_0_0_0_0_0_0	2N	38	0	SUM-159_NLS_2N_O1_A23_seed	SUM-159_NLS_2N_O1_A23	114	5.0427135678392	0.00241037798644477	-6.02797170292936	150	oxygen-deprived	9.68996175455149e-05
20.5_20.5_2_1_0.5_0.3_0.2_0.1_0_0_0_0_0_0_0_0_0_0_0_0_0_0_0_0_0	2N	38	0	SUM-159_NLS_2N_O1_A23_seed	SUM-159_NLS_2N_O1_A23	115	5.08291457286432	0.00194805490363587	-6.24092388954097	150	oxygen-deprived	7.83137649702834e-05
20.5_20.5_2_1_0.5_0.3_0.2_0.1_0_0_0_0_0_0_0_0_0_0_0_0_0_0_0_0_0	2N	38	0	SUM-159_NLS_2N_O1_A23_seed	SUM-159_NLS_2N_O1_A23	116	5.12311557788945	0.00149517686233571	-6.50551077657099	150	oxygen-deprived	6.01076125562073e-05
20.5_20.5_2_1_0.5_0.3_0.2_0.1_0_0_0_0_0_0_0_0_0_0_0_0_0_0_0_0_0	2N	38	0	SUM-159_NLS_2N_O1_A23_seed	SUM-159_NLS_2N_O1_A23	117	5.16331658291457	0.00114286367920553	-6.77421816706913	150	oxygen-deprived	4.59442685107734e-05
20.5_20.5_2_1_0.5_0.3_0.2_0.1_0_0_0_0_0_0_0_0_0_0_0_0_0_0_0_0_0	2N	38	0	SUM-159_NLS_2N_O1_A23_seed	SUM-159_NLS_2N_O1_A23	118	5.2035175879397	0.000647307149679678	-7.34268964708577	150	oxygen-deprived	2.60223979770715e-05
20.5_20.5_2_1_0.5_0.3_0.2_0.1_0_0_0_0_0_0_0_0_0_0_0_0_0_0_0_0_0	2N	38	0	SUM-159_NLS_2N_O1_A23_seed	SUM-159_NLS_2N_O1_A23	119	5.24371859296482	0.000395898071522437	-7.83435377498697	150	oxygen-deprived	1.59155003627105e-05
20.5_20.5_2_1_0.5_0.3_0.2_0.1_0_0_0_0_0_0_0_0_0_0_0_0_0_0_0_0_0	2N	38	0	SUM-159_NLS_2N_O1_A23_seed	SUM-159_NLS_2N_O1_A23	120	5.28391959798995	0.00041017070249183	-7.79893713737346	150	oxygen-deprived	1.64892744720328e-05
20.5_20.5_2_1_0.5_0.3_0.2_0.1_0_0_0_0_0_0_0_0_0_0_0_0_0_0_0_0_0	2N	38	0	SUM-159_NLS_2N_O1_A23_seed	SUM-159_NLS_2N_O1_A23	121	5.32412060301508	0.000335870216170947	-7.99878573401521	150	oxygen-deprived	1.35023202480778e-05
20.5_20.5_2_1_0.5_0.3_0.2_0.1_0_0_0_0_0_0_0_0_0_0_0_0_0_0_0_0_0	2N	38	0	SUM-159_NLS_2N_O1_A23_seed	SUM-159_NLS_2N_O1_A23	122	5.3643216080402	0.00039902227316841	-7.82649332015521	150	oxygen-deprived	1.60410964087797e-05
20.5_20.5_2_1_0.5_0.3_0.2_0.1_0_0_0_0_0_0_0_0_0_0_0_0_0_0_0_0_0	2N	38	0	SUM-159_NLS_2N_O1_A23_seed	SUM-159_NLS_2N_O1_A23	123	5.40452261306533	0.000348731798250951	-7.96120741758584	150	oxygen-deprived	1.40193687739071e-05
20.5_20.5_2_1_0.5_0.3_0.2_0.1_0_0_0_0_0_0_0_0_0_0_0_0_0_0_0_0_0	2N	38	0	SUM-159_NLS_2N_O1_A23_seed	SUM-159_NLS_2N_O1_A23	124	5.44472361809045	0.000266438664943726	-8.23036649115199	150	oxygen-deprived	1.07111021082901e-05
20.5_20.5_2_1_0.5_0.3_0.2_0.1_0_0_0_0_0_0_0_0_0_0_0_0_0_0_0_0_0	2N	38	0	SUM-159_NLS_2N_O1_A23_seed	SUM-159_NLS_2N_O1_A23	125	5.48492462311558	0.000351964433664601	-7.9519804281967	150	oxygen-deprived	1.41493239664156e-05
20.5_20.5_2_1_0.5_0.3_0.2_0.1_0_0_0_0_0_0_0_0_0_0_0_0_0_0_0_0_0	2N	38	0	SUM-159_NLS_2N_O1_A23_seed	SUM-159_NLS_2N_O1_A23	126	5.5251256281407	0.00017013132847749	-8.67893989869853	150	oxygen-deprived	6.83945039105463e-06
20.5_20.5_2_1_0.5_0.3_0.2_0.1_0_0_0_0_0_0_0_0_0_0_0_0_0_0_0_0_0	2N	38	0	SUM-159_NLS_2N_O1_A23_seed	SUM-159_NLS_2N_O1_A23	127	5.56532663316583	0.000213324941795866	-8.4526940063842	150	oxygen-deprived	8.57587705711993e-06
20.5_20.5_2_1_0.5_0.3_0.2_0.1_0_0_0_0_0_0_0_0_0_0_0_0_0_0_0_0_0	2N	38	0	SUM-159_NLS_2N_O1_A23_seed	SUM-159_NLS_2N_O1_A23	128	5.60552763819095	0.000281967540757745	-8.17371859734704	150	oxygen-deprived	1.1335378522924e-05
20.5_20.5_2_1_0.5_0.3_0.2_0.1_0_0_0_0_0_0_0_0_0_0_0_0_0_0_0_0_0	2N	38	0	SUM-159_NLS_2N_O1_A23_seed	SUM-159_NLS_2N_O1_A23	129	5.64572864321608	0.00017567872618136	-8.64685365045856	150	oxygen-deprived	7.06246135402427e-06
20.5_20.5_2_1_0.5_0.3_0.2_0.1_0_0_0_0_0_0_0_0_0_0_0_0_0_0_0_0_0	2N	38	0	SUM-159_NLS_2N_O1_A23_seed	SUM-159_NLS_2N_O1_A23	130	5.68592964824121	0.000109356209610454	-9.12090002589271	150	oxygen-deprived	4.39622953207839e-06
20.5_20.5_2_1_0.5_0.3_0.2_0.1_0_0_0_0_0_0_0_0_0_0_0_0_0_0_0_0_0	2N	38	0	SUM-159_NLS_2N_O1_A23_seed	SUM-159_NLS_2N_O1_A23	131	5.72613065326633	0.00015475718255915	-8.77365323352416	150	oxygen-deprived	6.22139427373445e-06
20.5_20.5_2_1_0.5_0.3_0.2_0.1_0_0_0_0_0_0_0_0_0_0_0_0_0_0_0_0_0	2N	38	0	SUM-159_NLS_2N_O1_A23_seed	SUM-159_NLS_2N_O1_A23	132	5.76633165829146	0.000195536037361523	-8.5397658611963	150	oxygen-deprived	7.86074522056345e-06
20.5_20.5_2_1_0.5_0.3_0.2_0.1_0_0_0_0_0_0_0_0_0_0_0_0_0_0_0_0_0	2N	38	0	SUM-159_NLS_2N_O1_A23_seed	SUM-159_NLS_2N_O1_A23	133	5.80653266331658	0.000142278364256913	-8.85772510759817	150	oxygen-deprived	5.71973323645861e-06
20.5_20.5_2_1_0.5_0.3_0.2_0.1_0_0_0_0_0_0_0_0_0_0_0_0_0_0_0_0_0	2N	38	0	SUM-159_NLS_2N_O1_A23_seed	SUM-159_NLS_2N_O1_A23	134	5.84673366834171	8.87362847991067e-05	-9.32984167902575	150	oxygen-deprived	3.56728783111974e-06
20.5_20.5_2_1_0.5_0.3_0.2_0.1_0_0_0_0_0_0_0_0_0_0_0_0_0_0_0_0_0	2N	38	0	SUM-159_NLS_2N_O1_A23_seed	SUM-159_NLS_2N_O1_A23	135	5.88693467336683	0.000133497389001704	-8.9214286383549	150	oxygen-deprived	5.36672920609846e-06
20.5_20.5_2_1_0.5_0.3_0.2_0.1_0_0_0_0_0_0_0_0_0_0_0_0_0_0_0_0_0	2N	38	0	SUM-159_NLS_2N_O1_A23_seed	SUM-159_NLS_2N_O1_A23	136	5.92713567839196	3.8757883289831e-05	-10.1581763831184	150	oxygen-deprived	1.55810586089767e-06
20.5_20.5_2_1_0.5_0.3_0.2_0.1_0_0_0_0_0_0_0_0_0_0_0_0_0_0_0_0_0	2N	38	0	SUM-159_NLS_2N_O1_A23_seed	SUM-159_NLS_2N_O1_A23	137	5.96733668341709	8.22103154810612e-05	-9.40622977130533	150	oxygen-deprived	3.30493730577118e-06
20.5_20.5_2_1_0.5_0.3_0.2_0.1_0_0_0_0_0_0_0_0_0_0_0_0_0_0_0_0_0	2N	38	0	SUM-159_NLS_2N_O1_A23_seed	SUM-159_NLS_2N_O1_A23	138	6.00753768844221	8.23159074212473e-05	-9.40494618315967	150	oxygen-deprived	3.30918220788922e-06
20.5_20.5_2_1_0.5_0.3_0.2_0.1_0_0_0_0_0_0_0_0_0_0_0_0_0_0_0_0_0	2N	38	0	SUM-159_NLS_2N_O1_A23_seed	SUM-159_NLS_2N_O1_A23	139	6.04773869346734	6.24816341845457e-06	-11.9832229904465	150	oxygen-deprived	2.51182448983089e-07
20.5_20.5_2_1_0.5_0.3_0.2_0.1_0_0_0_0_0_0_0_0_0_0_0_0_0_0_0_0_0	2N	38	0	SUM-159_NLS_2N_O1_A23_seed	SUM-159_NLS_2N_O1_A23	140	6.08793969849246	1.23999524341139e-05	-11.2978179213192	150	oxygen-deprived	4.98490550115114e-07
20.5_20.5_2_1_0.5_0.3_0.2_0.1_0_0_0_0_0_0_0_0_0_0_0_0_0_0_0_0_0	2N	38	0	SUM-159_NLS_2N_O1_A23_seed	SUM-159_NLS_2N_O1_A23	141	6.12814070351759	2.75622096802952e-05	-10.4990649379539	150	oxygen-deprived	1.10802852986107e-06
20.5_20.5_2_1_0.5_0.3_0.2_0.1_0_0_0_0_0_0_0_0_0_0_0_0_0_0_0_0_0	2N	38	0	SUM-159_NLS_2N_O1_A23_seed	SUM-159_NLS_2N_O1_A23	142	6.16834170854271	3.3333828799345e-07	-14.9141079827625	150	oxygen-deprived	1.3400534190691e-08
20.5_20.5_2_1_0.5_0.3_0.2_0.1_0_0_0_0_0_0_0_0_0_0_0_0_0_0_0_0_0	2N	38	0	SUM-159_NLS_2N_O1_A23_seed	SUM-159_NLS_2N_O1_A23	143	6.20854271356784	2.43747202210812e-11	-24.43747457722	150	oxygen-deprived	9.79888250093681e-13
20.5_20.5_2_1_0.5_0.3_0.2_0.1_0_0_0_0_0_0_0_0_0_0_0_0_0_0_0_0_0	2N	38	0	SUM-159_NLS_2N_O1_A23_seed	SUM-159_NLS_2N_O1_A23	144	6.24874371859296	9.99870850076618e-13	-27.6311502741925	150	oxygen-deprived	4.01958130684053e-14
20.5_20.5_2_1_0.5_0.3_0.2_0.1_0_0_0_0_0_0_0_0_0_0_0_0_0_0_0_0_0	2N	38	0	SUM-159_NLS_2N_O1_A23_seed	SUM-159_NLS_2N_O1_A23	145	6.28894472361809	9.99870850076618e-13	-27.6311502741925	150	oxygen-deprived	4.01958130684053e-14
20.5_20.5_2_1_0.5_0.3_0.2_0.1_0_0_0_0_0_0_0_0_0_0_0_0_0_0_0_0_0	2N	38	0	SUM-159_NLS_2N_O1_A23_seed	SUM-159_NLS_2N_O1_A23	146	6.32914572864322	9.99870850076618e-13	-27.6311502741925	150	oxygen-deprived	4.01958130684053e-14
20.5_20.5_2_1_0.5_0.3_0.2_0.1_0_0_0_0_0_0_0_0_0_0_0_0_0_0_0_0_0	2N	38	0	SUM-159_NLS_2N_O1_A23_seed	SUM-159_NLS_2N_O1_A23	147	6.36934673366834	9.99870850076618e-13	-27.6311502741925	150	oxygen-deprived	4.01958130684053e-14
20.5_20.5_2_1_0.5_0.3_0.2_0.1_0_0_0_0_0_0_0_0_0_0_0_0_0_0_0_0_0	2N	38	0	SUM-159_NLS_2N_O1_A23_seed	SUM-159_NLS_2N_O1_A23	148	6.40954773869347	9.99870850076618e-13	-27.6311502741925	150	oxygen-deprived	4.01958130684053e-14
20.5_20.5_2_1_0.5_0.3_0.2_0.1_0_0_0_0_0_0_0_0_0_0_0_0_0_0_0_0_0	2N	38	0	SUM-159_NLS_2N_O1_A23_seed	SUM-159_NLS_2N_O1_A23	149	6.44974874371859	9.99870850076618e-13	-27.6311502741925	150	oxygen-deprived	4.01958130684053e-14
20.5_20.5_2_1_0.5_0.3_0.2_0.1_0_0_0_0_0_0_0_0_0_0_0_0_0_0_0_0_0	2N	38	0	SUM-159_NLS_2N_O1_A23_seed	SUM-159_NLS_2N_O1_A23	150	6.48994974874372	9.99870850076618e-13	-27.6311502741925	150	oxygen-deprived	4.01958130684053e-14
20.5_20.5_2_1_0.5_0.3_0.2_0.1_0_0_0_0_0_0_0_0_0_0_0_0_0_0_0_0_0	2N	38	0	SUM-159_NLS_2N_O1_A23_seed	SUM-159_NLS_2N_O1_A23	151	6.53015075376884	9.99870850076618e-13	-27.6311502741925	150	oxygen-deprived	4.01958130684053e-14
20.5_20.5_2_1_0.5_0.3_0.2_0.1_0_0_0_0_0_0_0_0_0_0_0_0_0_0_0_0_0	2N	38	0	SUM-159_NLS_2N_O1_A23_seed	SUM-159_NLS_2N_O1_A23	152	6.57035175879397	9.99870850076618e-13	-27.6311502741925	150	oxygen-deprived	4.01958130684053e-14
20.5_20.5_2_1_0.5_0.3_0.2_0.1_0_0_0_0_0_0_0_0_0_0_0_0_0_0_0_0_0	2N	38	0	SUM-159_NLS_2N_O1_A23_seed	SUM-159_NLS_2N_O1_A23	153	6.6105527638191	9.99870850076618e-13	-27.6311502741925	150	oxygen-deprived	4.01958130684053e-14
20.5_20.5_2_1_0.5_0.3_0.2_0.1_0_0_0_0_0_0_0_0_0_0_0_0_0_0_0_0_0	2N	38	0	SUM-159_NLS_2N_O1_A23_seed	SUM-159_NLS_2N_O1_A23	154	6.65075376884422	9.99870850076618e-13	-27.6311502741925	150	oxygen-deprived	4.01958130684053e-14
20.5_20.5_2_1_0.5_0.3_0.2_0.1_0_0_0_0_0_0_0_0_0_0_0_0_0_0_0_0_0	2N	38	0	SUM-159_NLS_2N_O1_A23_seed	SUM-159_NLS_2N_O1_A23	155	6.69095477386935	9.99870850076618e-13	-27.6311502741925	150	oxygen-deprived	4.01958130684053e-14
20.5_20.5_2_1_0.5_0.3_0.2_0.1_0_0_0_0_0_0_0_0_0_0_0_0_0_0_0_0_0	2N	38	0	SUM-159_NLS_2N_O1_A23_seed	SUM-159_NLS_2N_O1_A23	156	6.73115577889447	9.99870850076618e-13	-27.6311502741925	150	oxygen-deprived	4.01958130684053e-14
20.5_20.5_2_1_0.5_0.3_0.2_0.1_0_0_0_0_0_0_0_0_0_0_0_0_0_0_0_0_0	2N	38	0	SUM-159_NLS_2N_O1_A23_seed	SUM-159_NLS_2N_O1_A23	157	6.7713567839196	9.99870850076618e-13	-27.6311502741925	150	oxygen-deprived	4.01958130684053e-14
20.5_20.5_2_1_0.5_0.3_0.2_0.1_0_0_0_0_0_0_0_0_0_0_0_0_0_0_0_0_0	2N	38	0	SUM-159_NLS_2N_O1_A23_seed	SUM-159_NLS_2N_O1_A23	158	6.81155778894472	9.99870850076618e-13	-27.6311502741925	150	oxygen-deprived	4.01958130684053e-14
20.5_20.5_2_1_0.5_0.3_0.2_0.1_0_0_0_0_0_0_0_0_0_0_0_0_0_0_0_0_0	2N	38	0	SUM-159_NLS_2N_O1_A23_seed	SUM-159_NLS_2N_O1_A23	159	6.85175879396985	9.99870850076618e-13	-27.6311502741925	150	oxygen-deprived	4.01958130684053e-14
20.5_20.5_2_1_0.5_0.3_0.2_0.1_0_0_0_0_0_0_0_0_0_0_0_0_0_0_0_0_0	2N	38	0	SUM-159_NLS_2N_O1_A23_seed	SUM-159_NLS_2N_O1_A23	160	6.89195979899498	9.99870850076618e-13	-27.6311502741925	150	oxygen-deprived	4.01958130684053e-14
20.5_20.5_2_1_0.5_0.3_0.2_0.1_0_0_0_0_0_0_0_0_0_0_0_0_0_0_0_0_0	2N	38	0	SUM-159_NLS_2N_O1_A23_seed	SUM-159_NLS_2N_O1_A23	161	6.9321608040201	9.99870850076618e-13	-27.6311502741925	150	oxygen-deprived	4.01958130684053e-14
20.5_20.5_2_1_0.5_0.3_0.2_0.1_0_0_0_0_0_0_0_0_0_0_0_0_0_0_0_0_0	2N	38	0	SUM-159_NLS_2N_O1_A23_seed	SUM-159_NLS_2N_O1_A23	162	6.97236180904523	9.99870850076618e-13	-27.6311502741925	150	oxygen-deprived	4.01958130684053e-14
20.5_20.5_2_1_0.5_0.3_0.2_0.1_0_0_0_0_0_0_0_0_0_0_0_0_0_0_0_0_0	2N	38	0	SUM-159_NLS_2N_O1_A23_seed	SUM-159_NLS_2N_O1_A23	163	7.01256281407035	9.99870850076618e-13	-27.6311502741925	150	oxygen-deprived	4.01958130684053e-14
20.5_20.5_2_1_0.5_0.3_0.2_0.1_0_0_0_0_0_0_0_0_0_0_0_0_0_0_0_0_0	2N	38	0	SUM-159_NLS_2N_O1_A23_seed	SUM-159_NLS_2N_O1_A23	164	7.05276381909548	9.99870850076618e-13	-27.6311502741925	150	oxygen-deprived	4.01958130684053e-14
20.5_20.5_2_1_0.5_0.3_0.2_0.1_0_0_0_0_0_0_0_0_0_0_0_0_0_0_0_0_0	2N	38	0	SUM-159_NLS_2N_O1_A23_seed	SUM-159_NLS_2N_O1_A23	165	7.0929648241206	9.99870850076618e-13	-27.6311502741925	150	oxygen-deprived	4.01958130684053e-14
20.5_20.5_2_1_0.5_0.3_0.2_0.1_0_0_0_0_0_0_0_0_0_0_0_0_0_0_0_0_0	2N	38	0	SUM-159_NLS_2N_O1_A23_seed	SUM-159_NLS_2N_O1_A23	166	7.13316582914573	9.99870850076618e-13	-27.6311502741925	150	oxygen-deprived	4.01958130684053e-14
20.5_20.5_2_1_0.5_0.3_0.2_0.1_0_0_0_0_0_0_0_0_0_0_0_0_0_0_0_0_0	2N	38	0	SUM-159_NLS_2N_O1_A23_seed	SUM-159_NLS_2N_O1_A23	167	7.17336683417085	9.99870850076618e-13	-27.6311502741925	150	oxygen-deprived	4.01958130684053e-14
20.5_20.5_2_1_0.5_0.3_0.2_0.1_0_0_0_0_0_0_0_0_0_0_0_0_0_0_0_0_0	2N	38	0	SUM-159_NLS_2N_O1_A23_seed	SUM-159_NLS_2N_O1_A23	168	7.21356783919598	9.99870850076618e-13	-27.6311502741925	150	oxygen-deprived	4.01958130684053e-14
20.5_20.5_2_1_0.5_0.3_0.2_0.1_0_0_0_0_0_0_0_0_0_0_0_0_0_0_0_0_0	2N	38	0	SUM-159_NLS_2N_O1_A23_seed	SUM-159_NLS_2N_O1_A23	169	7.25376884422111	9.99870850076618e-13	-27.6311502741925	150	oxygen-deprived	4.01958130684053e-14
20.5_20.5_2_1_0.5_0.3_0.2_0.1_0_0_0_0_0_0_0_0_0_0_0_0_0_0_0_0_0	2N	38	0	SUM-159_NLS_2N_O1_A23_seed	SUM-159_NLS_2N_O1_A23	170	7.29396984924623	9.99870850076618e-13	-27.6311502741925	150	oxygen-deprived	4.01958130684053e-14
20.5_20.5_2_1_0.5_0.3_0.2_0.1_0_0_0_0_0_0_0_0_0_0_0_0_0_0_0_0_0	2N	38	0	SUM-159_NLS_2N_O1_A23_seed	SUM-159_NLS_2N_O1_A23	171	7.33417085427136	9.99870850076618e-13	-27.6311502741925	150	oxygen-deprived	4.01958130684053e-14
20.5_20.5_2_1_0.5_0.3_0.2_0.1_0_0_0_0_0_0_0_0_0_0_0_0_0_0_0_0_0	2N	38	0	SUM-159_NLS_2N_O1_A23_seed	SUM-159_NLS_2N_O1_A23	172	7.37437185929648	9.99870850076618e-13	-27.6311502741925	150	oxygen-deprived	4.01958130684053e-14
20.5_20.5_2_1_0.5_0.3_0.2_0.1_0_0_0_0_0_0_0_0_0_0_0_0_0_0_0_0_0	2N	38	0	SUM-159_NLS_2N_O1_A23_seed	SUM-159_NLS_2N_O1_A23	173	7.41457286432161	9.99870850076618e-13	-27.6311502741925	150	oxygen-deprived	4.01958130684053e-14
20.5_20.5_2_1_0.5_0.3_0.2_0.1_0_0_0_0_0_0_0_0_0_0_0_0_0_0_0_0_0	2N	38	0	SUM-159_NLS_2N_O1_A23_seed	SUM-159_NLS_2N_O1_A23	174	7.45477386934673	9.99870850076618e-13	-27.6311502741925	150	oxygen-deprived	4.01958130684053e-14
20.5_20.5_2_1_0.5_0.3_0.2_0.1_0_0_0_0_0_0_0_0_0_0_0_0_0_0_0_0_0	2N	38	0	SUM-159_NLS_2N_O1_A23_seed	SUM-159_NLS_2N_O1_A23	175	7.49497487437186	9.99870850076618e-13	-27.6311502741925	150	oxygen-deprived	4.01958130684053e-14
20.5_20.5_2_1_0.5_0.3_0.2_0.1_0_0_0_0_0_0_0_0_0_0_0_0_0_0_0_0_0	2N	38	0	SUM-159_NLS_2N_O1_A23_seed	SUM-159_NLS_2N_O1_A23	176	7.53517587939699	9.99870850076618e-13	-27.6311502741925	150	oxygen-deprived	4.01958130684053e-14
20.5_20.5_2_1_0.5_0.3_0.2_0.1_0_0_0_0_0_0_0_0_0_0_0_0_0_0_0_0_0	2N	38	0	SUM-159_NLS_2N_O1_A23_seed	SUM-159_NLS_2N_O1_A23	177	7.57537688442211	9.99870850076618e-13	-27.6311502741925	150	oxygen-deprived	4.01958130684053e-14
20.5_20.5_2_1_0.5_0.3_0.2_0.1_0_0_0_0_0_0_0_0_0_0_0_0_0_0_0_0_0	2N	38	0	SUM-159_NLS_2N_O1_A23_seed	SUM-159_NLS_2N_O1_A23	178	7.61557788944724	9.99870850076618e-13	-27.6311502741925	150	oxygen-deprived	4.01958130684053e-14
20.5_20.5_2_1_0.5_0.3_0.2_0.1_0_0_0_0_0_0_0_0_0_0_0_0_0_0_0_0_0	2N	38	0	SUM-159_NLS_2N_O1_A23_seed	SUM-159_NLS_2N_O1_A23	179	7.65577889447236	9.99870850076618e-13	-27.6311502741925	150	oxygen-deprived	4.01958130684053e-14
20.5_20.5_2_1_0.5_0.3_0.2_0.1_0_0_0_0_0_0_0_0_0_0_0_0_0_0_0_0_0	2N	38	0	SUM-159_NLS_2N_O1_A23_seed	SUM-159_NLS_2N_O1_A23	180	7.69597989949749	9.99870850076618e-13	-27.6311502741925	150	oxygen-deprived	4.01958130684053e-14
20.5_20.5_2_1_0.5_0.3_0.2_0.1_0_0_0_0_0_0_0_0_0_0_0_0_0_0_0_0_0	2N	38	0	SUM-159_NLS_2N_O1_A23_seed	SUM-159_NLS_2N_O1_A23	181	7.73618090452261	9.99870850076618e-13	-27.6311502741925	150	oxygen-deprived	4.01958130684053e-14
20.5_20.5_2_1_0.5_0.3_0.2_0.1_0_0_0_0_0_0_0_0_0_0_0_0_0_0_0_0_0	2N	38	0	SUM-159_NLS_2N_O1_A23_seed	SUM-159_NLS_2N_O1_A23	182	7.77638190954774	9.99870850076618e-13	-27.6311502741925	150	oxygen-deprived	4.01958130684053e-14
20.5_20.5_2_1_0.5_0.3_0.2_0.1_0_0_0_0_0_0_0_0_0_0_0_0_0_0_0_0_0	2N	38	0	SUM-159_NLS_2N_O1_A23_seed	SUM-159_NLS_2N_O1_A23	183	7.81658291457286	9.99870850076618e-13	-27.6311502741925	150	oxygen-deprived	4.01958130684053e-14
20.5_20.5_2_1_0.5_0.3_0.2_0.1_0_0_0_0_0_0_0_0_0_0_0_0_0_0_0_0_0	2N	38	0	SUM-159_NLS_2N_O1_A23_seed	SUM-159_NLS_2N_O1_A23	184	7.85678391959799	9.99870850076618e-13	-27.6311502741925	150	oxygen-deprived	4.01958130684053e-14
20.5_20.5_2_1_0.5_0.3_0.2_0.1_0_0_0_0_0_0_0_0_0_0_0_0_0_0_0_0_0	2N	38	0	SUM-159_NLS_2N_O1_A23_seed	SUM-159_NLS_2N_O1_A23	185	7.89698492462312	9.99870850076618e-13	-27.6311502741925	150	oxygen-deprived	4.01958130684053e-14
20.5_20.5_2_1_0.5_0.3_0.2_0.1_0_0_0_0_0_0_0_0_0_0_0_0_0_0_0_0_0	2N	38	0	SUM-159_NLS_2N_O1_A23_seed	SUM-159_NLS_2N_O1_A23	186	7.93718592964824	9.99870850076618e-13	-27.6311502741925	150	oxygen-deprived	4.01958130684053e-14
20.5_20.5_2_1_0.5_0.3_0.2_0.1_0_0_0_0_0_0_0_0_0_0_0_0_0_0_0_0_0	2N	38	0	SUM-159_NLS_2N_O1_A23_seed	SUM-159_NLS_2N_O1_A23	187	7.97738693467337	9.99870850076618e-13	-27.6311502741925	150	oxygen-deprived	4.01958130684053e-14
20.5_20.5_2_1_0.5_0.3_0.2_0.1_0_0_0_0_0_0_0_0_0_0_0_0_0_0_0_0_0	2N	38	0	SUM-159_NLS_2N_O1_A23_seed	SUM-159_NLS_2N_O1_A23	188	8.01758793969849	9.99870850076618e-13	-27.6311502741925	150	oxygen-deprived	4.01958130684053e-14
20.5_20.5_2_1_0.5_0.3_0.2_0.1_0_0_0_0_0_0_0_0_0_0_0_0_0_0_0_0_0	2N	38	0	SUM-159_NLS_2N_O1_A23_seed	SUM-159_NLS_2N_O1_A23	189	8.05778894472362	9.99870850076618e-13	-27.6311502741925	150	oxygen-deprived	4.01958130684053e-14
20.5_20.5_2_1_0.5_0.3_0.2_0.1_0_0_0_0_0_0_0_0_0_0_0_0_0_0_0_0_0	2N	38	0	SUM-159_NLS_2N_O1_A23_seed	SUM-159_NLS_2N_O1_A23	190	8.09798994974874	9.99870850076618e-13	-27.6311502741925	150	oxygen-deprived	4.01958130684053e-14
20.5_20.5_2_1_0.5_0.3_0.2_0.1_0_0_0_0_0_0_0_0_0_0_0_0_0_0_0_0_0	2N	38	0	SUM-159_NLS_2N_O1_A23_seed	SUM-159_NLS_2N_O1_A23	191	8.13819095477387	9.99870850076618e-13	-27.6311502741925	150	oxygen-deprived	4.01958130684053e-14
20.5_20.5_2_1_0.5_0.3_0.2_0.1_0_0_0_0_0_0_0_0_0_0_0_0_0_0_0_0_0	2N	38	0	SUM-159_NLS_2N_O1_A23_seed	SUM-159_NLS_2N_O1_A23	192	8.178391959799	9.99870850076618e-13	-27.6311502741925	150	oxygen-deprived	4.01958130684053e-14
20.5_20.5_2_1_0.5_0.3_0.2_0.1_0_0_0_0_0_0_0_0_0_0_0_0_0_0_0_0_0	2N	38	0	SUM-159_NLS_2N_O1_A23_seed	SUM-159_NLS_2N_O1_A23	193	8.21859296482412	9.99870850076618e-13	-27.6311502741925	150	oxygen-deprived	4.01958130684053e-14
20.5_20.5_2_1_0.5_0.3_0.2_0.1_0_0_0_0_0_0_0_0_0_0_0_0_0_0_0_0_0	2N	38	0	SUM-159_NLS_2N_O1_A23_seed	SUM-159_NLS_2N_O1_A23	194	8.25879396984925	9.99870850076618e-13	-27.6311502741925	150	oxygen-deprived	4.01958130684053e-14
20.5_20.5_2_1_0.5_0.3_0.2_0.1_0_0_0_0_0_0_0_0_0_0_0_0_0_0_0_0_0	2N	38	0	SUM-159_NLS_2N_O1_A23_seed	SUM-159_NLS_2N_O1_A23	195	8.29899497487437	9.99870850076618e-13	-27.6311502741925	150	oxygen-deprived	4.01958130684053e-14
20.5_20.5_2_1_0.5_0.3_0.2_0.1_0_0_0_0_0_0_0_0_0_0_0_0_0_0_0_0_0	2N	38	0	SUM-159_NLS_2N_O1_A23_seed	SUM-159_NLS_2N_O1_A23	196	8.3391959798995	9.99870850076618e-13	-27.6311502741925	150	oxygen-deprived	4.01958130684053e-14
20.5_20.5_2_1_0.5_0.3_0.2_0.1_0_0_0_0_0_0_0_0_0_0_0_0_0_0_0_0_0	2N	38	0	SUM-159_NLS_2N_O1_A23_seed	SUM-159_NLS_2N_O1_A23	197	8.37939698492462	9.99870850076618e-13	-27.6311502741925	150	oxygen-deprived	4.01958130684053e-14
20.5_20.5_2_1_0.5_0.3_0.2_0.1_0_0_0_0_0_0_0_0_0_0_0_0_0_0_0_0_0	2N	38	0	SUM-159_NLS_2N_O1_A23_seed	SUM-159_NLS_2N_O1_A23	198	8.41959798994975	9.99870850076618e-13	-27.6311502741925	150	oxygen-deprived	4.01958130684053e-14
20.5_20.5_2_1_0.5_0.3_0.2_0.1_0_0_0_0_0_0_0_0_0_0_0_0_0_0_0_0_0	2N	38	0	SUM-159_NLS_2N_O1_A23_seed	SUM-159_NLS_2N_O1_A23	199	8.45979899497488	9.99870850076618e-13	-27.6311502741925	150	oxygen-deprived	4.01958130684053e-14
20.5_20.5_2_1_0.5_0.3_0.2_0.1_0_0_0_0_0_0_0_0_0_0_0_0_0_0_0_0_0	2N	38	0	SUM-159_NLS_2N_O1_A23_seed	SUM-159_NLS_2N_O1_A23	200	8.5	9.99870850076618e-13	-27.6311502741925	150	oxygen-deprived	4.01958130684053e-14
20.5_20.5_2_1_0.5_0.3_0.2_0.1_0_0_0_0_0_0_0_0_0_0_0_0_0_0_0_0_0	2N	38	0	SUM-159_NLS_2N_O2_A23_seed	SUM-159_NLS_2N_O2_A23	1	0.5	9.99998486518495e-13	-27.6310226294112	150	oxygen-deprived	4.02009441816466e-14
20.5_20.5_2_1_0.5_0.3_0.2_0.1_0_0_0_0_0_0_0_0_0_0_0_0_0_0_0_0_0	2N	38	0	SUM-159_NLS_2N_O2_A23_seed	SUM-159_NLS_2N_O2_A23	2	0.540201005025126	9.99998486518495e-13	-27.6310226294112	150	oxygen-deprived	4.02009441816466e-14
20.5_20.5_2_1_0.5_0.3_0.2_0.1_0_0_0_0_0_0_0_0_0_0_0_0_0_0_0_0_0	2N	38	0	SUM-159_NLS_2N_O2_A23_seed	SUM-159_NLS_2N_O2_A23	3	0.580402010050251	9.99998486518495e-13	-27.6310226294112	150	oxygen-deprived	4.02009441816466e-14
20.5_20.5_2_1_0.5_0.3_0.2_0.1_0_0_0_0_0_0_0_0_0_0_0_0_0_0_0_0_0	2N	38	0	SUM-159_NLS_2N_O2_A23_seed	SUM-159_NLS_2N_O2_A23	4	0.620603015075377	9.99998486518495e-13	-27.6310226294112	150	oxygen-deprived	4.02009441816466e-14
20.5_20.5_2_1_0.5_0.3_0.2_0.1_0_0_0_0_0_0_0_0_0_0_0_0_0_0_0_0_0	2N	38	0	SUM-159_NLS_2N_O2_A23_seed	SUM-159_NLS_2N_O2_A23	5	0.660804020100503	9.99998486518495e-13	-27.6310226294112	150	oxygen-deprived	4.02009441816466e-14
20.5_20.5_2_1_0.5_0.3_0.2_0.1_0_0_0_0_0_0_0_0_0_0_0_0_0_0_0_0_0	2N	38	0	SUM-159_NLS_2N_O2_A23_seed	SUM-159_NLS_2N_O2_A23	6	0.701005025125628	1.2705455724392e-12	-27.3915747231053	150	oxygen-deprived	5.10772089422775e-14
20.5_20.5_2_1_0.5_0.3_0.2_0.1_0_0_0_0_0_0_0_0_0_0_0_0_0_0_0_0_0	2N	38	0	SUM-159_NLS_2N_O2_A23_seed	SUM-159_NLS_2N_O2_A23	7	0.741206030150754	3.32391578081013e-11	-24.127292482962	150	oxygen-deprived	1.33624755007437e-12
20.5_20.5_2_1_0.5_0.3_0.2_0.1_0_0_0_0_0_0_0_0_0_0_0_0_0_0_0_0_0	2N	38	0	SUM-159_NLS_2N_O2_A23_seed	SUM-159_NLS_2N_O2_A23	8	0.781407035175879	6.16532504984303e-10	-21.2069100696787	150	oxygen-deprived	2.47852263310263e-11
20.5_20.5_2_1_0.5_0.3_0.2_0.1_0_0_0_0_0_0_0_0_0_0_0_0_0_0_0_0_0	2N	38	0	SUM-159_NLS_2N_O2_A23_seed	SUM-159_NLS_2N_O2_A23	9	0.821608040201005	6.85741679415689e-09	-18.7979350267439	150	oxygen-deprived	2.75675047001272e-10
20.5_20.5_2_1_0.5_0.3_0.2_0.1_0_0_0_0_0_0_0_0_0_0_0_0_0_0_0_0_0	2N	38	0	SUM-159_NLS_2N_O2_A23_seed	SUM-159_NLS_2N_O2_A23	10	0.861809045226131	6.3199411476674e-08	-16.5769708479149	150	oxygen-deprived	2.54067985835866e-09
20.5_20.5_2_1_0.5_0.3_0.2_0.1_0_0_0_0_0_0_0_0_0_0_0_0_0_0_0_0_0	2N	38	0	SUM-159_NLS_2N_O2_A23_seed	SUM-159_NLS_2N_O2_A23	11	0.902010050251256	3.59279382829787e-07	-14.8391655259657	150	oxygen-deprived	1.44433922745638e-08
20.5_20.5_2_1_0.5_0.3_0.2_0.1_0_0_0_0_0_0_0_0_0_0_0_0_0_0_0_0_0	2N	38	0	SUM-159_NLS_2N_O2_A23_seed	SUM-159_NLS_2N_O2_A23	12	0.942211055276382	1.44654383366871e-06	-13.4463334097272	150	oxygen-deprived	5.81525159263781e-08
20.5_20.5_2_1_0.5_0.3_0.2_0.1_0_0_0_0_0_0_0_0_0_0_0_0_0_0_0_0_0	2N	38	0	SUM-159_NLS_2N_O2_A23_seed	SUM-159_NLS_2N_O2_A23	13	0.982412060301508	4.01362191895624e-06	-12.4258165026202	150	oxygen-deprived	1.61351634932908e-07
20.5_20.5_2_1_0.5_0.3_0.2_0.1_0_0_0_0_0_0_0_0_0_0_0_0_0_0_0_0_0	2N	38	0	SUM-159_NLS_2N_O2_A23_seed	SUM-159_NLS_2N_O2_A23	14	1.02261306532663	7.66673670398629e-06	-11.7786194954424	150	oxygen-deprived	3.08210520763257e-07
20.5_20.5_2_1_0.5_0.3_0.2_0.1_0_0_0_0_0_0_0_0_0_0_0_0_0_0_0_0_0	2N	38	0	SUM-159_NLS_2N_O2_A23_seed	SUM-159_NLS_2N_O2_A23	15	1.06281407035176	1.02385510143574e-05	-11.4893504508695	150	oxygen-deprived	4.11600040778172e-07
20.5_20.5_2_1_0.5_0.3_0.2_0.1_0_0_0_0_0_0_0_0_0_0_0_0_0_0_0_0_0	2N	38	0	SUM-159_NLS_2N_O2_A23_seed	SUM-159_NLS_2N_O2_A23	16	1.10301507537688	1.07127733471326e-05	-11.4440737577141	150	oxygen-deprived	4.30664255161094e-07
20.5_20.5_2_1_0.5_0.3_0.2_0.1_0_0_0_0_0_0_0_0_0_0_0_0_0_0_0_0_0	2N	38	0	SUM-159_NLS_2N_O2_A23_seed	SUM-159_NLS_2N_O2_A23	17	1.14321608040201	1.42062596583959e-05	-11.1618278694763	150	oxygen-deprived	5.71105915915392e-07
20.5_20.5_2_1_0.5_0.3_0.2_0.1_0_0_0_0_0_0_0_0_0_0_0_0_0_0_0_0_0	2N	38	0	SUM-159_NLS_2N_O2_A23_seed	SUM-159_NLS_2N_O2_A23	18	1.18341708542714	3.60002652787913e-05	-10.23198425068	150	oxygen-deprived	1.44724684537849e-06
20.5_20.5_2_1_0.5_0.3_0.2_0.1_0_0_0_0_0_0_0_0_0_0_0_0_0_0_0_0_0	2N	38	0	SUM-159_NLS_2N_O2_A23_seed	SUM-159_NLS_2N_O2_A23	19	1.22361809045226	0.000105082157976814	-9.16076805684454	150	oxygen-deprived	4.22440836087679e-06
20.5_20.5_2_1_0.5_0.3_0.2_0.1_0_0_0_0_0_0_0_0_0_0_0_0_0_0_0_0_0	2N	38	0	SUM-159_NLS_2N_O2_A23_seed	SUM-159_NLS_2N_O2_A23	20	1.26381909547739	0.000279693203795912	-8.1818172562428	150	oxygen-deprived	1.12439478912925e-05
20.5_20.5_2_1_0.5_0.3_0.2_0.1_0_0_0_0_0_0_0_0_0_0_0_0_0_0_0_0_0	2N	38	0	SUM-159_NLS_2N_O2_A23_seed	SUM-159_NLS_2N_O2_A23	21	1.30402010050251	0.00064505160800562	-7.34618023195751	150	oxygen-deprived	2.59317229348983e-05
20.5_20.5_2_1_0.5_0.3_0.2_0.1_0_0_0_0_0_0_0_0_0_0_0_0_0_0_0_0_0	2N	38	0	SUM-159_NLS_2N_O2_A23_seed	SUM-159_NLS_2N_O2_A23	22	1.34422110552764	0.00138990605563989	-6.57851911999415	150	oxygen-deprived	5.58756203272297e-05
20.5_20.5_2_1_0.5_0.3_0.2_0.1_0_0_0_0_0_0_0_0_0_0_0_0_0_0_0_0_0	2N	38	0	SUM-159_NLS_2N_O2_A23_seed	SUM-159_NLS_2N_O2_A23	23	1.38442211055276	0.00283235579918364	-5.86664647573716	150	oxygen-deprived	0.000113863549715921
20.5_20.5_2_1_0.5_0.3_0.2_0.1_0_0_0_0_0_0_0_0_0_0_0_0_0_0_0_0_0	2N	38	0	SUM-159_NLS_2N_O2_A23_seed	SUM-159_NLS_2N_O2_A23	24	1.42462311557789	0.00556353036287024	-5.19152241486901	150	oxygen-deprived	0.000223659512075177
20.5_20.5_2_1_0.5_0.3_0.2_0.1_0_0_0_0_0_0_0_0_0_0_0_0_0_0_0_0_0	2N	38	0	SUM-159_NLS_2N_O2_A23_seed	SUM-159_NLS_2N_O2_A23	25	1.46482412060302	0.0106324254665895	-4.54384694082207	150	oxygen-deprived	0.000427434189611622
20.5_20.5_2_1_0.5_0.3_0.2_0.1_0_0_0_0_0_0_0_0_0_0_0_0_0_0_0_0_0	2N	38	0	SUM-159_NLS_2N_O2_A23_seed	SUM-159_NLS_2N_O2_A23	26	1.50502512562814	0.0193491164553708	-3.94510852177	150	oxygen-deprived	0.000777853927854074
20.5_20.5_2_1_0.5_0.3_0.2_0.1_0_0_0_0_0_0_0_0_0_0_0_0_0_0_0_0_0	2N	38	0	SUM-159_NLS_2N_O2_A23_seed	SUM-159_NLS_2N_O2_A23	27	1.54522613065327	0.0341008641490156	-3.3784325534004	150	oxygen-deprived	0.00137088901101565
20.5_20.5_2_1_0.5_0.3_0.2_0.1_0_0_0_0_0_0_0_0_0_0_0_0_0_0_0_0_0	2N	38	0	SUM-159_NLS_2N_O2_A23_seed	SUM-159_NLS_2N_O2_A23	28	1.58542713567839	0.0572750343628165	-2.85989045068088	150	oxygen-deprived	0.00230251394423374
20.5_20.5_2_1_0.5_0.3_0.2_0.1_0_0_0_0_0_0_0_0_0_0_0_0_0_0_0_0_0	2N	38	0	SUM-159_NLS_2N_O2_A23_seed	SUM-159_NLS_2N_O2_A23	29	1.62562814070352	0.0921759342785741	-2.38405619899169	150	oxygen-deprived	0.00370556519712847
20.5_20.5_2_1_0.5_0.3_0.2_0.1_0_0_0_0_0_0_0_0_0_0_0_0_0_0_0_0_0	2N	38	0	SUM-159_NLS_2N_O2_A23_seed	SUM-159_NLS_2N_O2_A23	30	1.66582914572864	0.142038208123681	-1.95165918628054	150	oxygen-deprived	0.00571007871853973
20.5_20.5_2_1_0.5_0.3_0.2_0.1_0_0_0_0_0_0_0_0_0_0_0_0_0_0_0_0_0	2N	38	0	SUM-159_NLS_2N_O2_A23_seed	SUM-159_NLS_2N_O2_A23	31	1.70603015075377	0.208248553426234	-1.56902294429192	150	oxygen-deprived	0.00837180114276287
20.5_20.5_2_1_0.5_0.3_0.2_0.1_0_0_0_0_0_0_0_0_0_0_0_0_0_0_0_0_0	2N	38	0	SUM-159_NLS_2N_O2_A23_seed	SUM-159_NLS_2N_O2_A23	32	1.74623115577889	0.29220661242251	-1.23029415013887	150	oxygen-deprived	0.0117469994943718
20.5_20.5_2_1_0.5_0.3_0.2_0.1_0_0_0_0_0_0_0_0_0_0_0_0_0_0_0_0_0	2N	38	0	SUM-159_NLS_2N_O2_A23_seed	SUM-159_NLS_2N_O2_A23	33	1.78643216080402	0.390670511695346	-0.939890755338141	150	oxygen-deprived	0.0157053472038324
20.5_20.5_2_1_0.5_0.3_0.2_0.1_0_0_0_0_0_0_0_0_0_0_0_0_0_0_0_0_0	2N	38	0	SUM-159_NLS_2N_O2_A23_seed	SUM-159_NLS_2N_O2_A23	34	1.82663316582915	0.499165432458542	-0.694817710200844	150	oxygen-deprived	0.0200669520586341
20.5_20.5_2_1_0.5_0.3_0.2_0.1_0_0_0_0_0_0_0_0_0_0_0_0_0_0_0_0_0	2N	38	0	SUM-159_NLS_2N_O2_A23_seed	SUM-159_NLS_2N_O2_A23	35	1.86683417085427	0.609431594109326	-0.495228569157864	150	oxygen-deprived	0.0244997625772584
20.5_20.5_2_1_0.5_0.3_0.2_0.1_0_0_0_0_0_0_0_0_0_0_0_0_0_0_0_0_0	2N	38	0	SUM-159_NLS_2N_O2_A23_seed	SUM-159_NLS_2N_O2_A23	36	1.9070351758794	0.711279640246887	-0.340689620952073	150	oxygen-deprived	0.0285941563918336
20.5_20.5_2_1_0.5_0.3_0.2_0.1_0_0_0_0_0_0_0_0_0_0_0_0_0_0_0_0_0	2N	38	0	SUM-159_NLS_2N_O2_A23_seed	SUM-159_NLS_2N_O2_A23	37	1.94723618090452	0.792742462828168	-0.232256873236544	150	oxygen-deprived	0.0318690437317845
20.5_20.5_2_1_0.5_0.3_0.2_0.1_0_0_0_0_0_0_0_0_0_0_0_0_0_0_0_0_0	2N	38	0	SUM-159_NLS_2N_O2_A23_seed	SUM-159_NLS_2N_O2_A23	38	1.98743718592965	0.845928316084663	-0.167320655726382	150	oxygen-deprived	0.0340071684858143
20.5_20.5_2_1_0.5_0.3_0.2_0.1_0_0_0_0_0_0_0_0_0_0_0_0_0_0_0_0_0	2N	38	0	SUM-159_NLS_2N_O2_A23_seed	SUM-159_NLS_2N_O2_A23	39	2.02763819095477	0.863574729674624	-0.146674842378433	150	oxygen-deprived	0.0347165720472198
20.5_20.5_2_1_0.5_0.3_0.2_0.1_0_0_0_0_0_0_0_0_0_0_0_0_0_0_0_0_0	2N	38	0	SUM-159_NLS_2N_O2_A23_seed	SUM-159_NLS_2N_O2_A23	40	2.0678391959799	0.844743122724848	-0.168722694616678	150	oxygen-deprived	0.0339595225216007
20.5_20.5_2_1_0.5_0.3_0.2_0.1_0_0_0_0_0_0_0_0_0_0_0_0_0_0_0_0_0	2N	38	0	SUM-159_NLS_2N_O2_A23_seed	SUM-159_NLS_2N_O2_A23	41	2.10804020100502	0.791986216487202	-0.233211290744403	150	oxygen-deprived	0.0318386418688311
20.5_20.5_2_1_0.5_0.3_0.2_0.1_0_0_0_0_0_0_0_0_0_0_0_0_0_0_0_0_0	2N	38	0	SUM-159_NLS_2N_O2_A23_seed	SUM-159_NLS_2N_O2_A23	42	2.14824120603015	0.710678540405926	-0.341535074615823	150	oxygen-deprived	0.0285699915741065
20.5_20.5_2_1_0.5_0.3_0.2_0.1_0_0_0_0_0_0_0_0_0_0_0_0_0_0_0_0_0	2N	38	0	SUM-159_NLS_2N_O2_A23_seed	SUM-159_NLS_2N_O2_A23	43	2.18844221105528	0.611858411234478	-0.49125437742835	150	oxygen-deprived	0.0245973230647017
20.5_20.5_2_1_0.5_0.3_0.2_0.1_0_0_0_0_0_0_0_0_0_0_0_0_0_0_0_0_0	2N	38	0	SUM-159_NLS_2N_O2_A23_seed	SUM-159_NLS_2N_O2_A23	44	2.2286432160804	0.505934578155454	-0.681347910236523	150	oxygen-deprived	0.0203390785188115
20.5_20.5_2_1_0.5_0.3_0.2_0.1_0_0_0_0_0_0_0_0_0_0_0_0_0_0_0_0_0	2N	38	0	SUM-159_NLS_2N_O2_A23_seed	SUM-159_NLS_2N_O2_A23	45	2.26884422110553	0.402890500130618	-0.909090465790498	150	oxygen-deprived	0.0161966030203258
20.5_20.5_2_1_0.5_0.3_0.2_0.1_0_0_0_0_0_0_0_0_0_0_0_0_0_0_0_0_0	2N	38	0	SUM-159_NLS_2N_O2_A23_seed	SUM-159_NLS_2N_O2_A23	46	2.30904522613065	0.309459660775011	-1.17292753210485	150	oxygen-deprived	0.0124405893778894
20.5_20.5_2_1_0.5_0.3_0.2_0.1_0_0_0_0_0_0_0_0_0_0_0_0_0_0_0_0_0	2N	38	0	SUM-159_NLS_2N_O2_A23_seed	SUM-159_NLS_2N_O2_A23	47	2.34924623115578	0.229667195880969	-1.47112399236797	150	oxygen-deprived	0.009232852095717
20.5_20.5_2_1_0.5_0.3_0.2_0.1_0_0_0_0_0_0_0_0_0_0_0_0_0_0_0_0_0	2N	38	0	SUM-159_NLS_2N_O2_A23_seed	SUM-159_NLS_2N_O2_A23	48	2.3894472361809	0.164197948411892	-1.80668257648832	150	oxygen-deprived	0.00660092254922154
20.5_20.5_2_1_0.5_0.3_0.2_0.1_0_0_0_0_0_0_0_0_0_0_0_0_0_0_0_0_0	2N	38	0	SUM-159_NLS_2N_O2_A23_seed	SUM-159_NLS_2N_O2_A23	49	2.42964824120603	0.1136448891305	-2.17467669994995	150	oxygen-deprived	0.00456863875901491
20.5_20.5_2_1_0.5_0.3_0.2_0.1_0_0_0_0_0_0_0_0_0_0_0_0_0_0_0_0_0	2N	38	0	SUM-159_NLS_2N_O2_A23_seed	SUM-159_NLS_2N_O2_A23	50	2.46984924623116	0.075824483906977	-2.57933403180089	150	oxygen-deprived	0.00304822045857183
20.5_20.5_2_1_0.5_0.3_0.2_0.1_0_0_0_0_0_0_0_0_0_0_0_0_0_0_0_0_0	2N	38	0	SUM-159_NLS_2N_O2_A23_seed	SUM-159_NLS_2N_O2_A23	51	2.51005025125628	0.0490892092771603	-3.0141160386573	150	oxygen-deprived	0.00197343554883049
20.5_20.5_2_1_0.5_0.3_0.2_0.1_0_0_0_0_0_0_0_0_0_0_0_0_0_0_0_0_0	2N	38	0	SUM-159_NLS_2N_O2_A23_seed	SUM-159_NLS_2N_O2_A23	52	2.55025125628141	0.0310782913165068	-3.47124573194035	150	oxygen-deprived	0.00124937854538716
20.5_20.5_2_1_0.5_0.3_0.2_0.1_0_0_0_0_0_0_0_0_0_0_0_0_0_0_0_0_0	2N	38	0	SUM-159_NLS_2N_O2_A23_seed	SUM-159_NLS_2N_O2_A23	53	2.59045226130653	0.019245707593748	-3.95046722525552	150	oxygen-deprived	0.000773696787688333
20.5_20.5_2_1_0.5_0.3_0.2_0.1_0_0_0_0_0_0_0_0_0_0_0_0_0_0_0_0_0	2N	38	0	SUM-159_NLS_2N_O2_A23_seed	SUM-159_NLS_2N_O2_A23	54	2.63065326633166	0.0119120985670107	-4.43020070903672	150	oxygen-deprived	0.000478878334352171
20.5_20.5_2_1_0.5_0.3_0.2_0.1_0_0_0_0_0_0_0_0_0_0_0_0_0_0_0_0_0	2N	38	0	SUM-159_NLS_2N_O2_A23_seed	SUM-159_NLS_2N_O2_A23	55	2.67085427135678	0.00731565916967916	-4.91773813651533	150	oxygen-deprived	0.000294096851042367
20.5_20.5_2_1_0.5_0.3_0.2_0.1_0_0_0_0_0_0_0_0_0_0_0_0_0_0_0_0_0	2N	38	0	SUM-159_NLS_2N_O2_A23_seed	SUM-159_NLS_2N_O2_A23	56	2.71105527638191	0.00455341687033942	-5.39187736733488	150	oxygen-deprived	0.000183051934486
20.5_20.5_2_1_0.5_0.3_0.2_0.1_0_0_0_0_0_0_0_0_0_0_0_0_0_0_0_0_0	2N	38	0	SUM-159_NLS_2N_O2_A23_seed	SUM-159_NLS_2N_O2_A23	57	2.75125628140704	0.00290036897594436	-5.84291731699889	150	oxygen-deprived	0.000116597747776653
20.5_20.5_2_1_0.5_0.3_0.2_0.1_0_0_0_0_0_0_0_0_0_0_0_0_0_0_0_0_0	2N	38	0	SUM-159_NLS_2N_O2_A23_seed	SUM-159_NLS_2N_O2_A23	58	2.79145728643216	0.00188437530127571	-6.27415891816776	150	oxygen-deprived	7.57537809558046e-05
20.5_20.5_2_1_0.5_0.3_0.2_0.1_0_0_0_0_0_0_0_0_0_0_0_0_0_0_0_0_0	2N	38	0	SUM-159_NLS_2N_O2_A23_seed	SUM-159_NLS_2N_O2_A23	59	2.83165829145729	0.00124611763571408	-6.68772245238783	150	oxygen-deprived	5.00951813352375e-05
20.5_20.5_2_1_0.5_0.3_0.2_0.1_0_0_0_0_0_0_0_0_0_0_0_0_0_0_0_0_0	2N	38	0	SUM-159_NLS_2N_O2_A23_seed	SUM-159_NLS_2N_O2_A23	60	2.87185929648241	0.000822486843752702	-7.10317807089012	150	oxygen-deprived	3.30647977388009e-05
20.5_20.5_2_1_0.5_0.3_0.2_0.1_0_0_0_0_0_0_0_0_0_0_0_0_0_0_0_0_0	2N	38	0	SUM-159_NLS_2N_O2_A23_seed	SUM-159_NLS_2N_O2_A23	61	2.91206030150754	0.000560300620517048	-7.48703709592078	150	oxygen-deprived	2.2524648060986e-05
20.5_20.5_2_1_0.5_0.3_0.2_0.1_0_0_0_0_0_0_0_0_0_0_0_0_0_0_0_0_0	2N	38	0	SUM-159_NLS_2N_O2_A23_seed	SUM-159_NLS_2N_O2_A23	62	2.95226130653266	0.000428713008571285	-7.75472284059099	150	oxygen-deprived	1.72346938119103e-05
20.5_20.5_2_1_0.5_0.3_0.2_0.1_0_0_0_0_0_0_0_0_0_0_0_0_0_0_0_0_0	2N	38	0	SUM-159_NLS_2N_O2_A23_seed	SUM-159_NLS_2N_O2_A23	63	2.99246231155779	0.000412728470127059	-7.79272063854255	150	oxygen-deprived	1.65920993015897e-05
20.5_20.5_2_1_0.5_0.3_0.2_0.1_0_0_0_0_0_0_0_0_0_0_0_0_0_0_0_0_0	2N	38	0	SUM-159_NLS_2N_O2_A23_seed	SUM-159_NLS_2N_O2_A23	64	3.03266331658291	0.00050073352341889	-7.5994364877662	150	oxygen-deprived	2.01299908912109e-05
20.5_20.5_2_1_0.5_0.3_0.2_0.1_0_0_0_0_0_0_0_0_0_0_0_0_0_0_0_0_0	2N	38	0	SUM-159_NLS_2N_O2_A23_seed	SUM-159_NLS_2N_O2_A23	65	3.07286432160804	0.000689641972963584	-7.27933797480058	150	oxygen-deprived	2.77243004206456e-05
20.5_20.5_2_1_0.5_0.3_0.2_0.1_0_0_0_0_0_0_0_0_0_0_0_0_0_0_0_0_0	2N	38	0	SUM-159_NLS_2N_O2_A23_seed	SUM-159_NLS_2N_O2_A23	66	3.11306532663317	0.00105391651574662	-6.85524203907153	150	oxygen-deprived	4.23685031455912e-05
20.5_20.5_2_1_0.5_0.3_0.2_0.1_0_0_0_0_0_0_0_0_0_0_0_0_0_0_0_0_0	2N	38	0	SUM-159_NLS_2N_O2_A23_seed	SUM-159_NLS_2N_O2_A23	67	3.15326633165829	0.00173095551477023	-6.35908170226894	150	oxygen-deprived	6.95861513475444e-05
20.5_20.5_2_1_0.5_0.3_0.2_0.1_0_0_0_0_0_0_0_0_0_0_0_0_0_0_0_0_0	2N	38	0	SUM-159_NLS_2N_O2_A23_seed	SUM-159_NLS_2N_O2_A23	68	3.19346733668342	0.00288339457118247	-5.8487870083716	150	oxygen-deprived	0.000115915359645522
20.5_20.5_2_1_0.5_0.3_0.2_0.1_0_0_0_0_0_0_0_0_0_0_0_0_0_0_0_0_0	2N	38	0	SUM-159_NLS_2N_O2_A23_seed	SUM-159_NLS_2N_O2_A23	69	3.23366834170854	0.00463747363109361	-5.3735855370823	150	oxygen-deprived	0.000186431100747475
20.5_20.5_2_1_0.5_0.3_0.2_0.1_0_0_0_0_0_0_0_0_0_0_0_0_0_0_0_0_0	2N	38	0	SUM-159_NLS_2N_O2_A23_seed	SUM-159_NLS_2N_O2_A23	70	3.27386934673367	0.00717668955668728	-4.93691706677317	150	oxygen-deprived	0.000288510132932141
20.5_20.5_2_1_0.5_0.3_0.2_0.1_0_0_0_0_0_0_0_0_0_0_0_0_0_0_0_0_0	2N	38	0	SUM-159_NLS_2N_O2_A23_seed	SUM-159_NLS_2N_O2_A23	71	3.31407035175879	0.0110867334460291	-4.50200607050952	150	oxygen-deprived	0.000445697826976028
20.5_20.5_2_1_0.5_0.3_0.2_0.1_0_0_0_0_0_0_0_0_0_0_0_0_0_0_0_0_0	2N	38	0	SUM-159_NLS_2N_O2_A23_seed	SUM-159_NLS_2N_O2_A23	72	3.35427135678392	0.0169846568713896	-4.07544487943473	150	oxygen-deprived	0.000682800276236743
20.5_20.5_2_1_0.5_0.3_0.2_0.1_0_0_0_0_0_0_0_0_0_0_0_0_0_0_0_0_0	2N	38	0	SUM-159_NLS_2N_O2_A23_seed	SUM-159_NLS_2N_O2_A23	73	3.39447236180905	0.0257209813725127	-3.66044822433315	150	oxygen-deprived	0.00103400930140751
20.5_20.5_2_1_0.5_0.3_0.2_0.1_0_0_0_0_0_0_0_0_0_0_0_0_0_0_0_0_0	2N	38	0	SUM-159_NLS_2N_O2_A23_seed	SUM-159_NLS_2N_O2_A23	74	3.43467336683417	0.0382195750416094	-3.26440745897569	150	oxygen-deprived	0.00153646532830585
20.5_20.5_2_1_0.5_0.3_0.2_0.1_0_0_0_0_0_0_0_0_0_0_0_0_0_0_0_0_0	2N	38	0	SUM-159_NLS_2N_O2_A23_seed	SUM-159_NLS_2N_O2_A23	75	3.4748743718593	0.0556123838453555	-2.8893493714949	150	oxygen-deprived	0.00223567372242627
20.5_20.5_2_1_0.5_0.3_0.2_0.1_0_0_0_0_0_0_0_0_0_0_0_0_0_0_0_0_0	2N	38	0	SUM-159_NLS_2N_O2_A23_seed	SUM-159_NLS_2N_O2_A23	76	3.51507537688442	0.0798546699175813	-2.52754692240465	150	oxygen-deprived	0.00321023798663632
20.5_20.5_2_1_0.5_0.3_0.2_0.1_0_0_0_0_0_0_0_0_0_0_0_0_0_0_0_0_0	2N	38	0	SUM-159_NLS_2N_O2_A23_seed	SUM-159_NLS_2N_O2_A23	77	3.55527638190955	0.112240061093556	-2.18711529887628	150	oxygen-deprived	0.00451216326004229
20.5_20.5_2_1_0.5_0.3_0.2_0.1_0_0_0_0_0_0_0_0_0_0_0_0_0_0_0_0_0	2N	38	0	SUM-159_NLS_2N_O2_A23_seed	SUM-159_NLS_2N_O2_A23	78	3.59547738693467	0.154829410436205	-1.86543134597434	150	oxygen-deprived	0.00622429790698288
20.5_20.5_2_1_0.5_0.3_0.2_0.1_0_0_0_0_0_0_0_0_0_0_0_0_0_0_0_0_0	2N	38	0	SUM-159_NLS_2N_O2_A23_seed	SUM-159_NLS_2N_O2_A23	79	3.6356783919598	0.208511495840567	-1.56776110333723	150	oxygen-deprived	0.00838237169208278
20.5_20.5_2_1_0.5_0.3_0.2_0.1_0_0_0_0_0_0_0_0_0_0_0_0_0_0_0_0_0	2N	38	0	SUM-159_NLS_2N_O2_A23_seed	SUM-159_NLS_2N_O2_A23	80	3.67587939698492	0.273453838315921	-1.29662245265989	150	oxygen-deprived	0.0109931191282778
20.5_20.5_2_1_0.5_0.3_0.2_0.1_0_0_0_0_0_0_0_0_0_0_0_0_0_0_0_0_0	2N	38	0	SUM-159_NLS_2N_O2_A23_seed	SUM-159_NLS_2N_O2_A23	81	3.71608040201005	0.349664715186963	-1.05078054024103	150	oxygen-deprived	0.0140568729723397
20.5_20.5_2_1_0.5_0.3_0.2_0.1_0_0_0_0_0_0_0_0_0_0_0_0_0_0_0_0_0	2N	38	0	SUM-159_NLS_2N_O2_A23_seed	SUM-159_NLS_2N_O2_A23	82	3.75628140703518	0.435486717877933	-0.831290981712804	150	oxygen-deprived	0.0175070037337856
20.5_20.5_2_1_0.5_0.3_0.2_0.1_0_0_0_0_0_0_0_0_0_0_0_0_0_0_0_0_0	2N	38	0	SUM-159_NLS_2N_O2_A23_seed	SUM-159_NLS_2N_O2_A23	83	3.7964824120603	0.528809591422632	-0.637126852517944	150	oxygen-deprived	0.0212586770421151
20.5_20.5_2_1_0.5_0.3_0.2_0.1_0_0_0_0_0_0_0_0_0_0_0_0_0_0_0_0_0	2N	38	0	SUM-159_NLS_2N_O2_A23_seed	SUM-159_NLS_2N_O2_A23	84	3.83668341708543	0.624367607733403	-0.471015969115428	150	oxygen-deprived	0.0251002053360153
20.5_20.5_2_1_0.5_0.3_0.2_0.1_0_0_0_0_0_0_0_0_0_0_0_0_0_0_0_0_0	2N	38	0	SUM-159_NLS_2N_O2_A23_seed	SUM-159_NLS_2N_O2_A23	85	3.87688442211055	0.714296658054924	-0.336456915461689	150	oxygen-deprived	0.0287154435398954
20.5_20.5_2_1_0.5_0.3_0.2_0.1_0_0_0_0_0_0_0_0_0_0_0_0_0_0_0_0_0	2N	38	0	SUM-159_NLS_2N_O2_A23_seed	SUM-159_NLS_2N_O2_A23	86	3.91708542713568	0.787384891554831	-0.239038088420327	150	oxygen-deprived	0.0316536639821026
20.5_20.5_2_1_0.5_0.3_0.2_0.1_0_0_0_0_0_0_0_0_0_0_0_0_0_0_0_0_0	2N	38	0	SUM-159_NLS_2N_O2_A23_seed	SUM-159_NLS_2N_O2_A23	87	3.9572864321608	0.834166867756275	-0.181321815394437	150	oxygen-deprived	0.0335343464424621
20.5_20.5_2_1_0.5_0.3_0.2_0.1_0_0_0_0_0_0_0_0_0_0_0_0_0_0_0_0_0	2N	38	0	SUM-159_NLS_2N_O2_A23_seed	SUM-159_NLS_2N_O2_A23	88	3.99748743718593	0.849868343884154	-0.162673831042454	150	oxygen-deprived	0.0341655615631808
20.5_20.5_2_1_0.5_0.3_0.2_0.1_0_0_0_0_0_0_0_0_0_0_0_0_0_0_0_0_0	2N	38	0	SUM-159_NLS_2N_O2_A23_seed	SUM-159_NLS_2N_O2_A23	89	4.03768844221106	0.844009056232749	-0.169592054310158	150	oxygen-deprived	0.033930012310863
20.5_20.5_2_1_0.5_0.3_0.2_0.1_0_0_0_0_0_0_0_0_0_0_0_0_0_0_0_0_0	2N	38	0	SUM-159_NLS_2N_O2_A23_seed	SUM-159_NLS_2N_O2_A23	90	4.07788944723618	0.826773745178945	-0.190224206421163	150	oxygen-deprived	0.0332371354845795
20.5_20.5_2_1_0.5_0.3_0.2_0.1_0_0_0_0_0_0_0_0_0_0_0_0_0_0_0_0_0	2N	38	0	SUM-159_NLS_2N_O2_A23_seed	SUM-159_NLS_2N_O2_A23	91	4.11809045226131	0.802214517473683	-0.220379228734787	150	oxygen-deprived	0.0322498298481871
20.5_20.5_2_1_0.5_0.3_0.2_0.1_0_0_0_0_0_0_0_0_0_0_0_0_0_0_0_0_0	2N	38	0	SUM-159_NLS_2N_O2_A23_seed	SUM-159_NLS_2N_O2_A23	92	4.15829145728643	0.768733887407983	-0.263010419550352	150	oxygen-deprived	0.0309038748706715
20.5_20.5_2_1_0.5_0.3_0.2_0.1_0_0_0_0_0_0_0_0_0_0_0_0_0_0_0_0_0	2N	38	0	SUM-159_NLS_2N_O2_A23_seed	SUM-159_NLS_2N_O2_A23	93	4.19849246231156	0.723907880659398	-0.323091131349981	150	oxygen-deprived	0.0291018243481154
20.5_20.5_2_1_0.5_0.3_0.2_0.1_0_0_0_0_0_0_0_0_0_0_0_0_0_0_0_0_0	2N	38	0	SUM-159_NLS_2N_O2_A23_seed	SUM-159_NLS_2N_O2_A23	94	4.23869346733668	0.669167305530204	-0.401721167114662	150	oxygen-deprived	0.0269011982122685
20.5_20.5_2_1_0.5_0.3_0.2_0.1_0_0_0_0_0_0_0_0_0_0_0_0_0_0_0_0_0	2N	38	0	SUM-159_NLS_2N_O2_A23_seed	SUM-159_NLS_2N_O2_A23	95	4.27889447236181	0.606368997595191	-0.500266571298665	150	oxygen-deprived	0.0243766431194038
20.5_20.5_2_1_0.5_0.3_0.2_0.1_0_0_0_0_0_0_0_0_0_0_0_0_0_0_0_0_0	2N	38	0	SUM-159_NLS_2N_O2_A23_seed	SUM-159_NLS_2N_O2_A23	96	4.31909547738693	0.538574411392675	-0.618829609215843	150	oxygen-deprived	0.0216512326188002
20.5_20.5_2_1_0.5_0.3_0.2_0.1_0_0_0_0_0_0_0_0_0_0_0_0_0_0_0_0_0	2N	38	0	SUM-159_NLS_2N_O2_A23_seed	SUM-159_NLS_2N_O2_A23	97	4.35929648241206	0.468904579267677	-0.757355986955018	150	oxygen-deprived	0.0188504353474436
20.5_20.5_2_1_0.5_0.3_0.2_0.1_0_0_0_0_0_0_0_0_0_0_0_0_0_0_0_0_0	2N	38	0	SUM-159_NLS_2N_O2_A23_seed	SUM-159_NLS_2N_O2_A23	98	4.39949748743719	0.400359780182799	-0.915391685680327	150	oxygen-deprived	0.0160948655349863
20.5_20.5_2_1_0.5_0.3_0.2_0.1_0_0_0_0_0_0_0_0_0_0_0_0_0_0_0_0_0	2N	38	0	SUM-159_NLS_2N_O2_A23_seed	SUM-159_NLS_2N_O2_A23	99	4.43969849246231	0.335368162410752	-1.09252635833609	150	oxygen-deprived	0.0134821371823413
20.5_20.5_2_1_0.5_0.3_0.2_0.1_0_0_0_0_0_0_0_0_0_0_0_0_0_0_0_0_0	2N	38	0	SUM-159_NLS_2N_O2_A23_seed	SUM-159_NLS_2N_O2_A23	100	4.47989949748744	0.276094128597182	-1.28701342576587	150	oxygen-deprived	0.0110992614511426
20.5_20.5_2_1_0.5_0.3_0.2_0.1_0_0_0_0_0_0_0_0_0_0_0_0_0_0_0_0_0	2N	38	0	SUM-159_NLS_2N_O2_A23_seed	SUM-159_NLS_2N_O2_A23	101	4.52010050251256	0.223609560067121	-1.49785378339549	150	oxygen-deprived	0.00898932904792413
20.5_20.5_2_1_0.5_0.3_0.2_0.1_0_0_0_0_0_0_0_0_0_0_0_0_0_0_0_0_0	2N	38	0	SUM-159_NLS_2N_O2_A23_seed	SUM-159_NLS_2N_O2_A23	102	4.56030150753769	0.178417357528667	-1.72362976800486	150	oxygen-deprived	0.00717255708657931
20.5_20.5_2_1_0.5_0.3_0.2_0.1_0_0_0_0_0_0_0_0_0_0_0_0_0_0_0_0_0	2N	38	0	SUM-159_NLS_2N_O2_A23_seed	SUM-159_NLS_2N_O2_A23	103	4.60050251256281	0.14076950985991	-1.96063140799879	150	oxygen-deprived	0.0056590757732625
20.5_20.5_2_1_0.5_0.3_0.2_0.1_0_0_0_0_0_0_0_0_0_0_0_0_0_0_0_0_0	2N	38	0	SUM-159_NLS_2N_O2_A23_seed	SUM-159_NLS_2N_O2_A23	104	4.64070351758794	0.109964950381372	-2.20759359686059	150	oxygen-deprived	0.00442070152286906
20.5_20.5_2_1_0.5_0.3_0.2_0.1_0_0_0_0_0_0_0_0_0_0_0_0_0_0_0_0_0	2N	38	0	SUM-159_NLS_2N_O2_A23_seed	SUM-159_NLS_2N_O2_A23	105	4.68090452261307	0.0855485725559908	-2.45867096427711	150	oxygen-deprived	0.00343913859521558
20.5_20.5_2_1_0.5_0.3_0.2_0.1_0_0_0_0_0_0_0_0_0_0_0_0_0_0_0_0_0	2N	38	0	SUM-159_NLS_2N_O2_A23_seed	SUM-159_NLS_2N_O2_A23	106	4.72110552763819	0.0660967057695814	-2.71663637043779	150	oxygen-deprived	0.00265715400078709
20.5_20.5_2_1_0.5_0.3_0.2_0.1_0_0_0_0_0_0_0_0_0_0_0_0_0_0_0_0_0	2N	38	0	SUM-159_NLS_2N_O2_A23_seed	SUM-159_NLS_2N_O2_A23	107	4.76130653266332	0.0507126096974827	-2.98158068732679	150	oxygen-deprived	0.00203869787728566
20.5_20.5_2_1_0.5_0.3_0.2_0.1_0_0_0_0_0_0_0_0_0_0_0_0_0_0_0_0_0	2N	38	0	SUM-159_NLS_2N_O2_A23_seed	SUM-159_NLS_2N_O2_A23	108	4.80150753768844	0.0387078809373681	-3.25171205788612	150	oxygen-deprived	0.00155609571607504
20.5_20.5_2_1_0.5_0.3_0.2_0.1_0_0_0_0_0_0_0_0_0_0_0_0_0_0_0_0_0	2N	38	0	SUM-159_NLS_2N_O2_A23_seed	SUM-159_NLS_2N_O2_A23	109	4.84170854271357	0.0293655640783262	-3.52793258098642	150	oxygen-deprived	0.0011805251890784
20.5_20.5_2_1_0.5_0.3_0.2_0.1_0_0_0_0_0_0_0_0_0_0_0_0_0_0_0_0_0	2N	38	0	SUM-159_NLS_2N_O2_A23_seed	SUM-159_NLS_2N_O2_A23	110	4.88190954773869	0.0222721601489334	-3.80441780426091	150	oxygen-deprived	0.000895363222067641
20.5_20.5_2_1_0.5_0.3_0.2_0.1_0_0_0_0_0_0_0_0_0_0_0_0_0_0_0_0_0	2N	38	0	SUM-159_NLS_2N_O2_A23_seed	SUM-159_NLS_2N_O2_A23	111	4.92211055276382	0.0168016323659131	-4.08627923265542	150	oxygen-deprived	0.000675442507172361
20.5_20.5_2_1_0.5_0.3_0.2_0.1_0_0_0_0_0_0_0_0_0_0_0_0_0_0_0_0_0	2N	38	0	SUM-159_NLS_2N_O2_A23_seed	SUM-159_NLS_2N_O2_A23	112	4.96231155778894	0.012674066453991	-4.36819738476246	150	oxygen-deprived	0.00050951020920565
20.5_20.5_2_1_0.5_0.3_0.2_0.1_0_0_0_0_0_0_0_0_0_0_0_0_0_0_0_0_0	2N	38	0	SUM-159_NLS_2N_O2_A23_seed	SUM-159_NLS_2N_O2_A23	113	5.00251256281407	0.00962250410803504	-4.64365074588674	150	oxygen-deprived	0.000386834336001394
20.5_20.5_2_1_0.5_0.3_0.2_0.1_0_0_0_0_0_0_0_0_0_0_0_0_0_0_0_0_0	2N	38	0	SUM-159_NLS_2N_O2_A23_seed	SUM-159_NLS_2N_O2_A23	114	5.0427135678392	0.0073622292491294	-4.91139250499242	150	oxygen-deprived	0.000295969015040367
20.5_20.5_2_1_0.5_0.3_0.2_0.1_0_0_0_0_0_0_0_0_0_0_0_0_0_0_0_0_0	2N	38	0	SUM-159_NLS_2N_O2_A23_seed	SUM-159_NLS_2N_O2_A23	115	5.08291457286432	0.00568134171027678	-5.1705678575458	150	oxygen-deprived	0.000228395646644284
20.5_20.5_2_1_0.5_0.3_0.2_0.1_0_0_0_0_0_0_0_0_0_0_0_0_0_0_0_0_0	2N	38	0	SUM-159_NLS_2N_O2_A23_seed	SUM-159_NLS_2N_O2_A23	116	5.12311557788945	0.00437978310745619	-5.4307560746655	150	oxygen-deprived	0.0001760716827118
20.5_20.5_2_1_0.5_0.3_0.2_0.1_0_0_0_0_0_0_0_0_0_0_0_0_0_0_0_0_0	2N	38	0	SUM-159_NLS_2N_O2_A23_seed	SUM-159_NLS_2N_O2_A23	117	5.16331658291457	0.00339064520338732	-5.68673505021639	150	oxygen-deprived	0.000136307344859787
20.5_20.5_2_1_0.5_0.3_0.2_0.1_0_0_0_0_0_0_0_0_0_0_0_0_0_0_0_0_0	2N	38	0	SUM-159_NLS_2N_O2_A23_seed	SUM-159_NLS_2N_O2_A23	118	5.2035175879397	0.00266044580347284	-5.92926157494051	150	oxygen-deprived	0.000106952595114482
20.5_20.5_2_1_0.5_0.3_0.2_0.1_0_0_0_0_0_0_0_0_0_0_0_0_0_0_0_0_0	2N	38	0	SUM-159_NLS_2N_O2_A23_seed	SUM-159_NLS_2N_O2_A23	119	5.24371859296482	0.00213792327328667	-6.14792035416699	150	oxygen-deprived	8.59466642527273e-05
20.5_20.5_2_1_0.5_0.3_0.2_0.1_0_0_0_0_0_0_0_0_0_0_0_0_0_0_0_0_0	2N	38	0	SUM-159_NLS_2N_O2_A23_seed	SUM-159_NLS_2N_O2_A23	120	5.28391959798995	0.00176101350147729	-6.34186578255976	150	oxygen-deprived	7.07945126222e-05
20.5_20.5_2_1_0.5_0.3_0.2_0.1_0_0_0_0_0_0_0_0_0_0_0_0_0_0_0_0_0	2N	38	0	SUM-159_NLS_2N_O2_A23_seed	SUM-159_NLS_2N_O2_A23	121	5.32412060301508	0.00146255770565151	-6.52756852278093	150	oxygen-deprived	5.87962896744304e-05
20.5_20.5_2_1_0.5_0.3_0.2_0.1_0_0_0_0_0_0_0_0_0_0_0_0_0_0_0_0_0	2N	38	0	SUM-159_NLS_2N_O2_A23_seed	SUM-159_NLS_2N_O2_A23	122	5.3643216080402	0.00121716958591327	-6.71122712717997	150	oxygen-deprived	4.89314406397276e-05
20.5_20.5_2_1_0.5_0.3_0.2_0.1_0_0_0_0_0_0_0_0_0_0_0_0_0_0_0_0_0	2N	38	0	SUM-159_NLS_2N_O2_A23_seed	SUM-159_NLS_2N_O2_A23	123	5.40452261306533	0.00101073436012469	-6.89707812309792	150	oxygen-deprived	4.06325370904383e-05
20.5_20.5_2_1_0.5_0.3_0.2_0.1_0_0_0_0_0_0_0_0_0_0_0_0_0_0_0_0_0	2N	38	0	SUM-159_NLS_2N_O2_A23_seed	SUM-159_NLS_2N_O2_A23	124	5.44472361809045	0.000832344529924655	-7.09126410439104	150	oxygen-deprived	3.34610866301356e-05
20.5_20.5_2_1_0.5_0.3_0.2_0.1_0_0_0_0_0_0_0_0_0_0_0_0_0_0_0_0_0	2N	38	0	SUM-159_NLS_2N_O2_A23_seed	SUM-159_NLS_2N_O2_A23	125	5.48492462311558	0.000680907565239451	-7.29208399489021	150	oxygen-deprived	2.73731684518362e-05
20.5_20.5_2_1_0.5_0.3_0.2_0.1_0_0_0_0_0_0_0_0_0_0_0_0_0_0_0_0_0	2N	38	0	SUM-159_NLS_2N_O2_A23_seed	SUM-159_NLS_2N_O2_A23	126	5.5251256281407	0.000567271364397094	-7.47467277190718	150	oxygen-deprived	2.28048789707366e-05
20.5_20.5_2_1_0.5_0.3_0.2_0.1_0_0_0_0_0_0_0_0_0_0_0_0_0_0_0_0_0	2N	38	0	SUM-159_NLS_2N_O2_A23_seed	SUM-159_NLS_2N_O2_A23	127	5.56532663316583	0.000500731012842647	-7.59944150157578	150	oxygen-deprived	2.01298899635228e-05
20.5_20.5_2_1_0.5_0.3_0.2_0.1_0_0_0_0_0_0_0_0_0_0_0_0_0_0_0_0_0	2N	38	0	SUM-159_NLS_2N_O2_A23_seed	SUM-159_NLS_2N_O2_A23	128	5.60552763819095	0.000469228160208007	-7.66442142549231	150	oxygen-deprived	1.88634436264518e-05
20.5_20.5_2_1_0.5_0.3_0.2_0.1_0_0_0_0_0_0_0_0_0_0_0_0_0_0_0_0_0	2N	38	0	SUM-159_NLS_2N_O2_A23_seed	SUM-159_NLS_2N_O2_A23	129	5.64572864321608	0.000466697418106246	-7.66982943725812	150	oxygen-deprived	1.87617052505017e-05
20.5_20.5_2_1_0.5_0.3_0.2_0.1_0_0_0_0_0_0_0_0_0_0_0_0_0_0_0_0_0	2N	38	0	SUM-159_NLS_2N_O2_A23_seed	SUM-159_NLS_2N_O2_A23	130	5.68592964824121	0.000495520463520235	-7.60990190631797	150	oxygen-deprived	1.99204206440288e-05
20.5_20.5_2_1_0.5_0.3_0.2_0.1_0_0_0_0_0_0_0_0_0_0_0_0_0_0_0_0_0	2N	38	0	SUM-159_NLS_2N_O2_A23_seed	SUM-159_NLS_2N_O2_A23	131	5.72613065326633	0.00054296807030838	-7.51846004213794	150	oxygen-deprived	2.18278621229491e-05
20.5_20.5_2_1_0.5_0.3_0.2_0.1_0_0_0_0_0_0_0_0_0_0_0_0_0_0_0_0_0	2N	38	0	SUM-159_NLS_2N_O2_A23_seed	SUM-159_NLS_2N_O2_A23	132	5.76633165829146	0.000571696194045686	-7.46690283697436	150	oxygen-deprived	2.2982761569675e-05
20.5_20.5_2_1_0.5_0.3_0.2_0.1_0_0_0_0_0_0_0_0_0_0_0_0_0_0_0_0_0	2N	38	0	SUM-159_NLS_2N_O2_A23_seed	SUM-159_NLS_2N_O2_A23	133	5.80653266331658	0.000549839191309033	-7.50588470192708	150	oxygen-deprived	2.21040880928246e-05
20.5_20.5_2_1_0.5_0.3_0.2_0.1_0_0_0_0_0_0_0_0_0_0_0_0_0_0_0_0_0	2N	38	0	SUM-159_NLS_2N_O2_A23_seed	SUM-159_NLS_2N_O2_A23	134	5.84673366834171	0.000474658611353626	-7.65291472526733	150	oxygen-deprived	1.90817532202456e-05
20.5_20.5_2_1_0.5_0.3_0.2_0.1_0_0_0_0_0_0_0_0_0_0_0_0_0_0_0_0_0	2N	38	0	SUM-159_NLS_2N_O2_A23_seed	SUM-159_NLS_2N_O2_A23	135	5.88693467336683	0.000378105948450034	-7.88033611471287	150	oxygen-deprived	1.52002391336691e-05
20.5_20.5_2_1_0.5_0.3_0.2_0.1_0_0_0_0_0_0_0_0_0_0_0_0_0_0_0_0_0	2N	38	0	SUM-159_NLS_2N_O2_A23_seed	SUM-159_NLS_2N_O2_A23	136	5.92713567839196	0.000292382723220729	-8.13744691794672	150	oxygen-deprived	1.1754079325456e-05
20.5_20.5_2_1_0.5_0.3_0.2_0.1_0_0_0_0_0_0_0_0_0_0_0_0_0_0_0_0_0	2N	38	0	SUM-159_NLS_2N_O2_A23_seed	SUM-159_NLS_2N_O2_A23	137	5.96733668341709	0.000225033343191067	-8.3992619747789	150	oxygen-deprived	9.04656656044457e-06
20.5_20.5_2_1_0.5_0.3_0.2_0.1_0_0_0_0_0_0_0_0_0_0_0_0_0_0_0_0_0	2N	38	0	SUM-159_NLS_2N_O2_A23_seed	SUM-159_NLS_2N_O2_A23	138	6.00753768844221	0.000166210178854686	-8.70225743280527	150	oxygen-deprived	6.68181623536401e-06
20.5_20.5_2_1_0.5_0.3_0.2_0.1_0_0_0_0_0_0_0_0_0_0_0_0_0_0_0_0_0	2N	38	0	SUM-159_NLS_2N_O2_A23_seed	SUM-159_NLS_2N_O2_A23	139	6.04773869346734	0.000114242985939753	-9.07718292228677	150	oxygen-deprived	4.5926828518492e-06
20.5_20.5_2_1_0.5_0.3_0.2_0.1_0_0_0_0_0_0_0_0_0_0_0_0_0_0_0_0_0	2N	38	0	SUM-159_NLS_2N_O2_A23_seed	SUM-159_NLS_2N_O2_A23	140	6.08793969849246	7.48412986326639e-05	-9.50014070458889	150	oxygen-deprived	3.00869542241854e-06
20.5_20.5_2_1_0.5_0.3_0.2_0.1_0_0_0_0_0_0_0_0_0_0_0_0_0_0_0_0_0	2N	38	0	SUM-159_NLS_2N_O2_A23_seed	SUM-159_NLS_2N_O2_A23	141	6.12814070351759	5.15866669113325e-05	-9.87224731205726	150	oxygen-deprived	2.07383585573188e-06
20.5_20.5_2_1_0.5_0.3_0.2_0.1_0_0_0_0_0_0_0_0_0_0_0_0_0_0_0_0_0	2N	38	0	SUM-159_NLS_2N_O2_A23_seed	SUM-159_NLS_2N_O2_A23	142	6.16834170854271	4.13690542624165e-05	-10.0929774382208	150	oxygen-deprived	1.66307755828804e-06
20.5_20.5_2_1_0.5_0.3_0.2_0.1_0_0_0_0_0_0_0_0_0_0_0_0_0_0_0_0_0	2N	38	0	SUM-159_NLS_2N_O2_A23_seed	SUM-159_NLS_2N_O2_A23	143	6.20854271356784	3.58005530995022e-05	-10.2375472149702	150	oxygen-deprived	1.43921821505531e-06
20.5_20.5_2_1_0.5_0.3_0.2_0.1_0_0_0_0_0_0_0_0_0_0_0_0_0_0_0_0_0	2N	38	0	SUM-159_NLS_2N_O2_A23_seed	SUM-159_NLS_2N_O2_A23	144	6.24874371859296	2.93668611552805e-05	-10.4356436909444	150	oxygen-deprived	1.18057733287555e-06
20.5_20.5_2_1_0.5_0.3_0.2_0.1_0_0_0_0_0_0_0_0_0_0_0_0_0_0_0_0_0	2N	38	0	SUM-159_NLS_2N_O2_A23_seed	SUM-159_NLS_2N_O2_A23	145	6.28894472361809	2.17697025558425e-05	-10.7349913458409	150	oxygen-deprived	8.75163921842882e-07
20.5_20.5_2_1_0.5_0.3_0.2_0.1_0_0_0_0_0_0_0_0_0_0_0_0_0_0_0_0_0	2N	38	0	SUM-159_NLS_2N_O2_A23_seed	SUM-159_NLS_2N_O2_A23	146	6.32914572864322	1.43922740462629e-05	-11.1488190199282	150	oxygen-deprived	5.78583881256779e-07
20.5_20.5_2_1_0.5_0.3_0.2_0.1_0_0_0_0_0_0_0_0_0_0_0_0_0_0_0_0_0	2N	38	0	SUM-159_NLS_2N_O2_A23_seed	SUM-159_NLS_2N_O2_A23	147	6.36934673366834	8.03638240710692e-06	-11.7315315253958	150	oxygen-deprived	3.23070649531925e-07
20.5_20.5_2_1_0.5_0.3_0.2_0.1_0_0_0_0_0_0_0_0_0_0_0_0_0_0_0_0_0	2N	38	0	SUM-159_NLS_2N_O2_A23_seed	SUM-159_NLS_2N_O2_A23	148	6.40954773869347	3.44228442535754e-06	-12.5793752298418	150	oxygen-deprived	1.38383293481705e-07
20.5_20.5_2_1_0.5_0.3_0.2_0.1_0_0_0_0_0_0_0_0_0_0_0_0_0_0_0_0_0	2N	38	0	SUM-159_NLS_2N_O2_A23_seed	SUM-159_NLS_2N_O2_A23	149	6.44974874371859	1.10511960302157e-06	-13.7155569908233	150	oxygen-deprived	4.44269187144333e-08
20.5_20.5_2_1_0.5_0.3_0.2_0.1_0_0_0_0_0_0_0_0_0_0_0_0_0_0_0_0_0	2N	38	0	SUM-159_NLS_2N_O2_A23_seed	SUM-159_NLS_2N_O2_A23	150	6.48994974874372	2.4483909956491e-07	-15.2226645786173	150	oxygen-deprived	9.84277787195582e-09
20.5_20.5_2_1_0.5_0.3_0.2_0.1_0_0_0_0_0_0_0_0_0_0_0_0_0_0_0_0_0	2N	38	0	SUM-159_NLS_2N_O2_A23_seed	SUM-159_NLS_2N_O2_A23	151	6.53015075376884	3.77068862178588e-08	-17.0934231008738	150	oxygen-deprived	1.51585472232593e-09
20.5_20.5_2_1_0.5_0.3_0.2_0.1_0_0_0_0_0_0_0_0_0_0_0_0_0_0_0_0_0	2N	38	0	SUM-159_NLS_2N_O2_A23_seed	SUM-159_NLS_2N_O2_A23	152	6.57035175879397	4.23091845100462e-09	-19.28084673956	150	oxygen-deprived	1.70087173909727e-10
20.5_20.5_2_1_0.5_0.3_0.2_0.1_0_0_0_0_0_0_0_0_0_0_0_0_0_0_0_0_0	2N	38	0	SUM-159_NLS_2N_O2_A23_seed	SUM-159_NLS_2N_O2_A23	153	6.6105527638191	2.76007371126183e-10	-22.0105935435891	150	oxygen-deprived	1.1095773713615e-11
20.5_20.5_2_1_0.5_0.3_0.2_0.1_0_0_0_0_0_0_0_0_0_0_0_0_0_0_0_0_0	2N	38	0	SUM-159_NLS_2N_O2_A23_seed	SUM-159_NLS_2N_O2_A23	154	6.65075376884422	1.62214306114841e-11	-24.8446878706693	150	oxygen-deprived	6.52117813526975e-13
20.5_20.5_2_1_0.5_0.3_0.2_0.1_0_0_0_0_0_0_0_0_0_0_0_0_0_0_0_0_0	2N	38	0	SUM-159_NLS_2N_O2_A23_seed	SUM-159_NLS_2N_O2_A23	155	6.69095477386935	9.99998486518495e-13	-27.6310226294112	150	oxygen-deprived	4.02009441816466e-14
20.5_20.5_2_1_0.5_0.3_0.2_0.1_0_0_0_0_0_0_0_0_0_0_0_0_0_0_0_0_0	2N	38	0	SUM-159_NLS_2N_O2_A23_seed	SUM-159_NLS_2N_O2_A23	156	6.73115577889447	9.99998486518495e-13	-27.6310226294112	150	oxygen-deprived	4.02009441816466e-14
20.5_20.5_2_1_0.5_0.3_0.2_0.1_0_0_0_0_0_0_0_0_0_0_0_0_0_0_0_0_0	2N	38	0	SUM-159_NLS_2N_O2_A23_seed	SUM-159_NLS_2N_O2_A23	157	6.7713567839196	9.99998486518495e-13	-27.6310226294112	150	oxygen-deprived	4.02009441816466e-14
20.5_20.5_2_1_0.5_0.3_0.2_0.1_0_0_0_0_0_0_0_0_0_0_0_0_0_0_0_0_0	2N	38	0	SUM-159_NLS_2N_O2_A23_seed	SUM-159_NLS_2N_O2_A23	158	6.81155778894472	9.99998486518495e-13	-27.6310226294112	150	oxygen-deprived	4.02009441816466e-14
20.5_20.5_2_1_0.5_0.3_0.2_0.1_0_0_0_0_0_0_0_0_0_0_0_0_0_0_0_0_0	2N	38	0	SUM-159_NLS_2N_O2_A23_seed	SUM-159_NLS_2N_O2_A23	159	6.85175879396985	9.99998486518495e-13	-27.6310226294112	150	oxygen-deprived	4.02009441816466e-14
20.5_20.5_2_1_0.5_0.3_0.2_0.1_0_0_0_0_0_0_0_0_0_0_0_0_0_0_0_0_0	2N	38	0	SUM-159_NLS_2N_O2_A23_seed	SUM-159_NLS_2N_O2_A23	160	6.89195979899498	9.99998486518495e-13	-27.6310226294112	150	oxygen-deprived	4.02009441816466e-14
20.5_20.5_2_1_0.5_0.3_0.2_0.1_0_0_0_0_0_0_0_0_0_0_0_0_0_0_0_0_0	2N	38	0	SUM-159_NLS_2N_O2_A23_seed	SUM-159_NLS_2N_O2_A23	161	6.9321608040201	9.99998486518495e-13	-27.6310226294112	150	oxygen-deprived	4.02009441816466e-14
20.5_20.5_2_1_0.5_0.3_0.2_0.1_0_0_0_0_0_0_0_0_0_0_0_0_0_0_0_0_0	2N	38	0	SUM-159_NLS_2N_O2_A23_seed	SUM-159_NLS_2N_O2_A23	162	6.97236180904523	9.99998486518495e-13	-27.6310226294112	150	oxygen-deprived	4.02009441816466e-14
20.5_20.5_2_1_0.5_0.3_0.2_0.1_0_0_0_0_0_0_0_0_0_0_0_0_0_0_0_0_0	2N	38	0	SUM-159_NLS_2N_O2_A23_seed	SUM-159_NLS_2N_O2_A23	163	7.01256281407035	9.99998486518495e-13	-27.6310226294112	150	oxygen-deprived	4.02009441816466e-14
20.5_20.5_2_1_0.5_0.3_0.2_0.1_0_0_0_0_0_0_0_0_0_0_0_0_0_0_0_0_0	2N	38	0	SUM-159_NLS_2N_O2_A23_seed	SUM-159_NLS_2N_O2_A23	164	7.05276381909548	9.99998486518495e-13	-27.6310226294112	150	oxygen-deprived	4.02009441816466e-14
20.5_20.5_2_1_0.5_0.3_0.2_0.1_0_0_0_0_0_0_0_0_0_0_0_0_0_0_0_0_0	2N	38	0	SUM-159_NLS_2N_O2_A23_seed	SUM-159_NLS_2N_O2_A23	165	7.0929648241206	9.99998486518495e-13	-27.6310226294112	150	oxygen-deprived	4.02009441816466e-14
20.5_20.5_2_1_0.5_0.3_0.2_0.1_0_0_0_0_0_0_0_0_0_0_0_0_0_0_0_0_0	2N	38	0	SUM-159_NLS_2N_O2_A23_seed	SUM-159_NLS_2N_O2_A23	166	7.13316582914573	9.99998486518495e-13	-27.6310226294112	150	oxygen-deprived	4.02009441816466e-14
20.5_20.5_2_1_0.5_0.3_0.2_0.1_0_0_0_0_0_0_0_0_0_0_0_0_0_0_0_0_0	2N	38	0	SUM-159_NLS_2N_O2_A23_seed	SUM-159_NLS_2N_O2_A23	167	7.17336683417085	9.99998486518495e-13	-27.6310226294112	150	oxygen-deprived	4.02009441816466e-14
20.5_20.5_2_1_0.5_0.3_0.2_0.1_0_0_0_0_0_0_0_0_0_0_0_0_0_0_0_0_0	2N	38	0	SUM-159_NLS_2N_O2_A23_seed	SUM-159_NLS_2N_O2_A23	168	7.21356783919598	9.99998486518495e-13	-27.6310226294112	150	oxygen-deprived	4.02009441816466e-14
20.5_20.5_2_1_0.5_0.3_0.2_0.1_0_0_0_0_0_0_0_0_0_0_0_0_0_0_0_0_0	2N	38	0	SUM-159_NLS_2N_O2_A23_seed	SUM-159_NLS_2N_O2_A23	169	7.25376884422111	9.99998486518495e-13	-27.6310226294112	150	oxygen-deprived	4.02009441816466e-14
20.5_20.5_2_1_0.5_0.3_0.2_0.1_0_0_0_0_0_0_0_0_0_0_0_0_0_0_0_0_0	2N	38	0	SUM-159_NLS_2N_O2_A23_seed	SUM-159_NLS_2N_O2_A23	170	7.29396984924623	9.99998486518495e-13	-27.6310226294112	150	oxygen-deprived	4.02009441816466e-14
20.5_20.5_2_1_0.5_0.3_0.2_0.1_0_0_0_0_0_0_0_0_0_0_0_0_0_0_0_0_0	2N	38	0	SUM-159_NLS_2N_O2_A23_seed	SUM-159_NLS_2N_O2_A23	171	7.33417085427136	9.99998486518495e-13	-27.6310226294112	150	oxygen-deprived	4.02009441816466e-14
20.5_20.5_2_1_0.5_0.3_0.2_0.1_0_0_0_0_0_0_0_0_0_0_0_0_0_0_0_0_0	2N	38	0	SUM-159_NLS_2N_O2_A23_seed	SUM-159_NLS_2N_O2_A23	172	7.37437185929648	9.99998486518495e-13	-27.6310226294112	150	oxygen-deprived	4.02009441816466e-14
20.5_20.5_2_1_0.5_0.3_0.2_0.1_0_0_0_0_0_0_0_0_0_0_0_0_0_0_0_0_0	2N	38	0	SUM-159_NLS_2N_O2_A23_seed	SUM-159_NLS_2N_O2_A23	173	7.41457286432161	9.99998486518495e-13	-27.6310226294112	150	oxygen-deprived	4.02009441816466e-14
20.5_20.5_2_1_0.5_0.3_0.2_0.1_0_0_0_0_0_0_0_0_0_0_0_0_0_0_0_0_0	2N	38	0	SUM-159_NLS_2N_O2_A23_seed	SUM-159_NLS_2N_O2_A23	174	7.45477386934673	9.99998486518495e-13	-27.6310226294112	150	oxygen-deprived	4.02009441816466e-14
20.5_20.5_2_1_0.5_0.3_0.2_0.1_0_0_0_0_0_0_0_0_0_0_0_0_0_0_0_0_0	2N	38	0	SUM-159_NLS_2N_O2_A23_seed	SUM-159_NLS_2N_O2_A23	175	7.49497487437186	9.99998486518495e-13	-27.6310226294112	150	oxygen-deprived	4.02009441816466e-14
20.5_20.5_2_1_0.5_0.3_0.2_0.1_0_0_0_0_0_0_0_0_0_0_0_0_0_0_0_0_0	2N	38	0	SUM-159_NLS_2N_O2_A23_seed	SUM-159_NLS_2N_O2_A23	176	7.53517587939699	9.99998486518495e-13	-27.6310226294112	150	oxygen-deprived	4.02009441816466e-14
20.5_20.5_2_1_0.5_0.3_0.2_0.1_0_0_0_0_0_0_0_0_0_0_0_0_0_0_0_0_0	2N	38	0	SUM-159_NLS_2N_O2_A23_seed	SUM-159_NLS_2N_O2_A23	177	7.57537688442211	9.99998486518495e-13	-27.6310226294112	150	oxygen-deprived	4.02009441816466e-14
20.5_20.5_2_1_0.5_0.3_0.2_0.1_0_0_0_0_0_0_0_0_0_0_0_0_0_0_0_0_0	2N	38	0	SUM-159_NLS_2N_O2_A23_seed	SUM-159_NLS_2N_O2_A23	178	7.61557788944724	9.99998486518495e-13	-27.6310226294112	150	oxygen-deprived	4.02009441816466e-14
20.5_20.5_2_1_0.5_0.3_0.2_0.1_0_0_0_0_0_0_0_0_0_0_0_0_0_0_0_0_0	2N	38	0	SUM-159_NLS_2N_O2_A23_seed	SUM-159_NLS_2N_O2_A23	179	7.65577889447236	9.99998486518495e-13	-27.6310226294112	150	oxygen-deprived	4.02009441816466e-14
20.5_20.5_2_1_0.5_0.3_0.2_0.1_0_0_0_0_0_0_0_0_0_0_0_0_0_0_0_0_0	2N	38	0	SUM-159_NLS_2N_O2_A23_seed	SUM-159_NLS_2N_O2_A23	180	7.69597989949749	9.99998486518495e-13	-27.6310226294112	150	oxygen-deprived	4.02009441816466e-14
20.5_20.5_2_1_0.5_0.3_0.2_0.1_0_0_0_0_0_0_0_0_0_0_0_0_0_0_0_0_0	2N	38	0	SUM-159_NLS_2N_O2_A23_seed	SUM-159_NLS_2N_O2_A23	181	7.73618090452261	9.99998486518495e-13	-27.6310226294112	150	oxygen-deprived	4.02009441816466e-14
20.5_20.5_2_1_0.5_0.3_0.2_0.1_0_0_0_0_0_0_0_0_0_0_0_0_0_0_0_0_0	2N	38	0	SUM-159_NLS_2N_O2_A23_seed	SUM-159_NLS_2N_O2_A23	182	7.77638190954774	9.99998486518495e-13	-27.6310226294112	150	oxygen-deprived	4.02009441816466e-14
20.5_20.5_2_1_0.5_0.3_0.2_0.1_0_0_0_0_0_0_0_0_0_0_0_0_0_0_0_0_0	2N	38	0	SUM-159_NLS_2N_O2_A23_seed	SUM-159_NLS_2N_O2_A23	183	7.81658291457286	9.99998486518495e-13	-27.6310226294112	150	oxygen-deprived	4.02009441816466e-14
20.5_20.5_2_1_0.5_0.3_0.2_0.1_0_0_0_0_0_0_0_0_0_0_0_0_0_0_0_0_0	2N	38	0	SUM-159_NLS_2N_O2_A23_seed	SUM-159_NLS_2N_O2_A23	184	7.85678391959799	9.99998486518495e-13	-27.6310226294112	150	oxygen-deprived	4.02009441816466e-14
20.5_20.5_2_1_0.5_0.3_0.2_0.1_0_0_0_0_0_0_0_0_0_0_0_0_0_0_0_0_0	2N	38	0	SUM-159_NLS_2N_O2_A23_seed	SUM-159_NLS_2N_O2_A23	185	7.89698492462312	9.99998486518495e-13	-27.6310226294112	150	oxygen-deprived	4.02009441816466e-14
20.5_20.5_2_1_0.5_0.3_0.2_0.1_0_0_0_0_0_0_0_0_0_0_0_0_0_0_0_0_0	2N	38	0	SUM-159_NLS_2N_O2_A23_seed	SUM-159_NLS_2N_O2_A23	186	7.93718592964824	9.99998486518495e-13	-27.6310226294112	150	oxygen-deprived	4.02009441816466e-14
20.5_20.5_2_1_0.5_0.3_0.2_0.1_0_0_0_0_0_0_0_0_0_0_0_0_0_0_0_0_0	2N	38	0	SUM-159_NLS_2N_O2_A23_seed	SUM-159_NLS_2N_O2_A23	187	7.97738693467337	9.99998486518495e-13	-27.6310226294112	150	oxygen-deprived	4.02009441816466e-14
20.5_20.5_2_1_0.5_0.3_0.2_0.1_0_0_0_0_0_0_0_0_0_0_0_0_0_0_0_0_0	2N	38	0	SUM-159_NLS_2N_O2_A23_seed	SUM-159_NLS_2N_O2_A23	188	8.01758793969849	9.99998486518495e-13	-27.6310226294112	150	oxygen-deprived	4.02009441816466e-14
20.5_20.5_2_1_0.5_0.3_0.2_0.1_0_0_0_0_0_0_0_0_0_0_0_0_0_0_0_0_0	2N	38	0	SUM-159_NLS_2N_O2_A23_seed	SUM-159_NLS_2N_O2_A23	189	8.05778894472362	9.99998486518495e-13	-27.6310226294112	150	oxygen-deprived	4.02009441816466e-14
20.5_20.5_2_1_0.5_0.3_0.2_0.1_0_0_0_0_0_0_0_0_0_0_0_0_0_0_0_0_0	2N	38	0	SUM-159_NLS_2N_O2_A23_seed	SUM-159_NLS_2N_O2_A23	190	8.09798994974874	9.99998486518495e-13	-27.6310226294112	150	oxygen-deprived	4.02009441816466e-14
20.5_20.5_2_1_0.5_0.3_0.2_0.1_0_0_0_0_0_0_0_0_0_0_0_0_0_0_0_0_0	2N	38	0	SUM-159_NLS_2N_O2_A23_seed	SUM-159_NLS_2N_O2_A23	191	8.13819095477387	9.99998486518495e-13	-27.6310226294112	150	oxygen-deprived	4.02009441816466e-14
20.5_20.5_2_1_0.5_0.3_0.2_0.1_0_0_0_0_0_0_0_0_0_0_0_0_0_0_0_0_0	2N	38	0	SUM-159_NLS_2N_O2_A23_seed	SUM-159_NLS_2N_O2_A23	192	8.178391959799	9.99998486518495e-13	-27.6310226294112	150	oxygen-deprived	4.02009441816466e-14
20.5_20.5_2_1_0.5_0.3_0.2_0.1_0_0_0_0_0_0_0_0_0_0_0_0_0_0_0_0_0	2N	38	0	SUM-159_NLS_2N_O2_A23_seed	SUM-159_NLS_2N_O2_A23	193	8.21859296482412	9.99998486518495e-13	-27.6310226294112	150	oxygen-deprived	4.02009441816466e-14
20.5_20.5_2_1_0.5_0.3_0.2_0.1_0_0_0_0_0_0_0_0_0_0_0_0_0_0_0_0_0	2N	38	0	SUM-159_NLS_2N_O2_A23_seed	SUM-159_NLS_2N_O2_A23	194	8.25879396984925	9.99998486518495e-13	-27.6310226294112	150	oxygen-deprived	4.02009441816466e-14
20.5_20.5_2_1_0.5_0.3_0.2_0.1_0_0_0_0_0_0_0_0_0_0_0_0_0_0_0_0_0	2N	38	0	SUM-159_NLS_2N_O2_A23_seed	SUM-159_NLS_2N_O2_A23	195	8.29899497487437	9.99998486518495e-13	-27.6310226294112	150	oxygen-deprived	4.02009441816466e-14
20.5_20.5_2_1_0.5_0.3_0.2_0.1_0_0_0_0_0_0_0_0_0_0_0_0_0_0_0_0_0	2N	38	0	SUM-159_NLS_2N_O2_A23_seed	SUM-159_NLS_2N_O2_A23	196	8.3391959798995	9.99998486518495e-13	-27.6310226294112	150	oxygen-deprived	4.02009441816466e-14
20.5_20.5_2_1_0.5_0.3_0.2_0.1_0_0_0_0_0_0_0_0_0_0_0_0_0_0_0_0_0	2N	38	0	SUM-159_NLS_2N_O2_A23_seed	SUM-159_NLS_2N_O2_A23	197	8.37939698492462	9.99998486518495e-13	-27.6310226294112	150	oxygen-deprived	4.02009441816466e-14
20.5_20.5_2_1_0.5_0.3_0.2_0.1_0_0_0_0_0_0_0_0_0_0_0_0_0_0_0_0_0	2N	38	0	SUM-159_NLS_2N_O2_A23_seed	SUM-159_NLS_2N_O2_A23	198	8.41959798994975	9.99998486518495e-13	-27.6310226294112	150	oxygen-deprived	4.02009441816466e-14
20.5_20.5_2_1_0.5_0.3_0.2_0.1_0_0_0_0_0_0_0_0_0_0_0_0_0_0_0_0_0	2N	38	0	SUM-159_NLS_2N_O2_A23_seed	SUM-159_NLS_2N_O2_A23	199	8.45979899497488	9.99998486518495e-13	-27.6310226294112	150	oxygen-deprived	4.02009441816466e-14
20.5_20.5_2_1_0.5_0.3_0.2_0.1_0_0_0_0_0_0_0_0_0_0_0_0_0_0_0_0_0	2N	38	0	SUM-159_NLS_2N_O2_A23_seed	SUM-159_NLS_2N_O2_A23	200	8.5	9.99998486518495e-13	-27.6310226294112	150	oxygen-deprived	4.02009441816466e-14
20.5_20.5_20.5	4N	3	20.5	SUM-159_NLS_4N_C_A1_seed	SUM-159_NLS_4N_C_A1_	1	0.5	1.0000246559562e-12	-27.6309964602763	31	control	4.02019962193432e-14
20.5_20.5_20.5	4N	3	20.5	SUM-159_NLS_4N_C_A1_seed	SUM-159_NLS_4N_C_A1_	2	0.540201005025126	1.0000246559562e-12	-27.6309964602763	31	control	4.02019962193432e-14
20.5_20.5_20.5	4N	3	20.5	SUM-159_NLS_4N_C_A1_seed	SUM-159_NLS_4N_C_A1_	3	0.580402010050251	1.0000246559562e-12	-27.6309964602763	31	control	4.02019962193432e-14
20.5_20.5_20.5	4N	3	20.5	SUM-159_NLS_4N_C_A1_seed	SUM-159_NLS_4N_C_A1_	4	0.620603015075377	1.0000246559562e-12	-27.6309964602763	31	control	4.02019962193432e-14
20.5_20.5_20.5	4N	3	20.5	SUM-159_NLS_4N_C_A1_seed	SUM-159_NLS_4N_C_A1_	5	0.660804020100503	1.0000246559562e-12	-27.6309964602763	31	control	4.02019962193432e-14
20.5_20.5_20.5	4N	3	20.5	SUM-159_NLS_4N_C_A1_seed	SUM-159_NLS_4N_C_A1_	6	0.701005025125628	1.0000246559562e-12	-27.6309964602763	31	control	4.02019962193432e-14
20.5_20.5_20.5	4N	3	20.5	SUM-159_NLS_4N_C_A1_seed	SUM-159_NLS_4N_C_A1_	7	0.741206030150754	1.0000246559562e-12	-27.6309964602763	31	control	4.02019962193432e-14
20.5_20.5_20.5	4N	3	20.5	SUM-159_NLS_4N_C_A1_seed	SUM-159_NLS_4N_C_A1_	8	0.781407035175879	1.0000246559562e-12	-27.6309964602763	31	control	4.02019962193432e-14
20.5_20.5_20.5	4N	3	20.5	SUM-159_NLS_4N_C_A1_seed	SUM-159_NLS_4N_C_A1_	9	0.821608040201005	1.0000246559562e-12	-27.6309964602763	31	control	4.02019962193432e-14
20.5_20.5_20.5	4N	3	20.5	SUM-159_NLS_4N_C_A1_seed	SUM-159_NLS_4N_C_A1_	10	0.861809045226131	1.0000246559562e-12	-27.6309964602763	31	control	4.02019962193432e-14
20.5_20.5_20.5	4N	3	20.5	SUM-159_NLS_4N_C_A1_seed	SUM-159_NLS_4N_C_A1_	11	0.902010050251256	1.0000246559562e-12	-27.6309964602763	31	control	4.02019962193432e-14
20.5_20.5_20.5	4N	3	20.5	SUM-159_NLS_4N_C_A1_seed	SUM-159_NLS_4N_C_A1_	12	0.942211055276382	1.0000246559562e-12	-27.6309964602763	31	control	4.02019962193432e-14
20.5_20.5_20.5	4N	3	20.5	SUM-159_NLS_4N_C_A1_seed	SUM-159_NLS_4N_C_A1_	13	0.982412060301508	1.0000246559562e-12	-27.6309964602763	31	control	4.02019962193432e-14
20.5_20.5_20.5	4N	3	20.5	SUM-159_NLS_4N_C_A1_seed	SUM-159_NLS_4N_C_A1_	14	1.02261306532663	1.0000246559562e-12	-27.6309964602763	31	control	4.02019962193432e-14
20.5_20.5_20.5	4N	3	20.5	SUM-159_NLS_4N_C_A1_seed	SUM-159_NLS_4N_C_A1_	15	1.06281407035176	1.0000246559562e-12	-27.6309964602763	31	control	4.02019962193432e-14
20.5_20.5_20.5	4N	3	20.5	SUM-159_NLS_4N_C_A1_seed	SUM-159_NLS_4N_C_A1_	16	1.10301507537688	1.0000246559562e-12	-27.6309964602763	31	control	4.02019962193432e-14
20.5_20.5_20.5	4N	3	20.5	SUM-159_NLS_4N_C_A1_seed	SUM-159_NLS_4N_C_A1_	17	1.14321608040201	1.0000246559562e-12	-27.6309964602763	31	control	4.02019962193432e-14
20.5_20.5_20.5	4N	3	20.5	SUM-159_NLS_4N_C_A1_seed	SUM-159_NLS_4N_C_A1_	18	1.18341708542714	1.0000246559562e-12	-27.6309964602763	31	control	4.02019962193432e-14
20.5_20.5_20.5	4N	3	20.5	SUM-159_NLS_4N_C_A1_seed	SUM-159_NLS_4N_C_A1_	19	1.22361809045226	1.0000246559562e-12	-27.6309964602763	31	control	4.02019962193432e-14
20.5_20.5_20.5	4N	3	20.5	SUM-159_NLS_4N_C_A1_seed	SUM-159_NLS_4N_C_A1_	20	1.26381909547739	1.0000246559562e-12	-27.6309964602763	31	control	4.02019962193432e-14
20.5_20.5_20.5	4N	3	20.5	SUM-159_NLS_4N_C_A1_seed	SUM-159_NLS_4N_C_A1_	21	1.30402010050251	1.0000246559562e-12	-27.6309964602763	31	control	4.02019962193432e-14
20.5_20.5_20.5	4N	3	20.5	SUM-159_NLS_4N_C_A1_seed	SUM-159_NLS_4N_C_A1_	22	1.34422110552764	1.0000246559562e-12	-27.6309964602763	31	control	4.02019962193432e-14
20.5_20.5_20.5	4N	3	20.5	SUM-159_NLS_4N_C_A1_seed	SUM-159_NLS_4N_C_A1_	23	1.38442211055276	1.0000246559562e-12	-27.6309964602763	31	control	4.02019962193432e-14
20.5_20.5_20.5	4N	3	20.5	SUM-159_NLS_4N_C_A1_seed	SUM-159_NLS_4N_C_A1_	24	1.42462311557789	1.0000246559562e-12	-27.6309964602763	31	control	4.02019962193432e-14
20.5_20.5_20.5	4N	3	20.5	SUM-159_NLS_4N_C_A1_seed	SUM-159_NLS_4N_C_A1_	25	1.46482412060302	1.0000246559562e-12	-27.6309964602763	31	control	4.02019962193432e-14
20.5_20.5_20.5	4N	3	20.5	SUM-159_NLS_4N_C_A1_seed	SUM-159_NLS_4N_C_A1_	26	1.50502512562814	1.0000246559562e-12	-27.6309964602763	31	control	4.02019962193432e-14
20.5_20.5_20.5	4N	3	20.5	SUM-159_NLS_4N_C_A1_seed	SUM-159_NLS_4N_C_A1_	27	1.54522613065327	1.0000246559562e-12	-27.6309964602763	31	control	4.02019962193432e-14
20.5_20.5_20.5	4N	3	20.5	SUM-159_NLS_4N_C_A1_seed	SUM-159_NLS_4N_C_A1_	28	1.58542713567839	1.0000246559562e-12	-27.6309964602763	31	control	4.02019962193432e-14
20.5_20.5_20.5	4N	3	20.5	SUM-159_NLS_4N_C_A1_seed	SUM-159_NLS_4N_C_A1_	29	1.62562814070352	1.0000246559562e-12	-27.6309964602763	31	control	4.02019962193432e-14
20.5_20.5_20.5	4N	3	20.5	SUM-159_NLS_4N_C_A1_seed	SUM-159_NLS_4N_C_A1_	30	1.66582914572864	1.0000246559562e-12	-27.6309964602763	31	control	4.02019962193432e-14
20.5_20.5_20.5	4N	3	20.5	SUM-159_NLS_4N_C_A1_seed	SUM-159_NLS_4N_C_A1_	31	1.70603015075377	1.0000246559562e-12	-27.6309964602763	31	control	4.02019962193432e-14
20.5_20.5_20.5	4N	3	20.5	SUM-159_NLS_4N_C_A1_seed	SUM-159_NLS_4N_C_A1_	32	1.74623115577889	1.0000246559562e-12	-27.6309964602763	31	control	4.02019962193432e-14
20.5_20.5_20.5	4N	3	20.5	SUM-159_NLS_4N_C_A1_seed	SUM-159_NLS_4N_C_A1_	33	1.78643216080402	1.0000246559562e-12	-27.6309964602763	31	control	4.02019962193432e-14
20.5_20.5_20.5	4N	3	20.5	SUM-159_NLS_4N_C_A1_seed	SUM-159_NLS_4N_C_A1_	34	1.82663316582915	1.0000246559562e-12	-27.6309964602763	31	control	4.02019962193432e-14
20.5_20.5_20.5	4N	3	20.5	SUM-159_NLS_4N_C_A1_seed	SUM-159_NLS_4N_C_A1_	35	1.86683417085427	1.0000246559562e-12	-27.6309964602763	31	control	4.02019962193432e-14
20.5_20.5_20.5	4N	3	20.5	SUM-159_NLS_4N_C_A1_seed	SUM-159_NLS_4N_C_A1_	36	1.9070351758794	1.0000246559562e-12	-27.6309964602763	31	control	4.02019962193432e-14
20.5_20.5_20.5	4N	3	20.5	SUM-159_NLS_4N_C_A1_seed	SUM-159_NLS_4N_C_A1_	37	1.94723618090452	1.0000246559562e-12	-27.6309964602763	31	control	4.02019962193432e-14
20.5_20.5_20.5	4N	3	20.5	SUM-159_NLS_4N_C_A1_seed	SUM-159_NLS_4N_C_A1_	38	1.98743718592965	1.0000246559562e-12	-27.6309964602763	31	control	4.02019962193432e-14
20.5_20.5_20.5	4N	3	20.5	SUM-159_NLS_4N_C_A1_seed	SUM-159_NLS_4N_C_A1_	39	2.02763819095477	1.0000246559562e-12	-27.6309964602763	31	control	4.02019962193432e-14
20.5_20.5_20.5	4N	3	20.5	SUM-159_NLS_4N_C_A1_seed	SUM-159_NLS_4N_C_A1_	40	2.0678391959799	1.0000246559562e-12	-27.6309964602763	31	control	4.02019962193432e-14
20.5_20.5_20.5	4N	3	20.5	SUM-159_NLS_4N_C_A1_seed	SUM-159_NLS_4N_C_A1_	41	2.10804020100502	1.0000246559562e-12	-27.6309964602763	31	control	4.02019962193432e-14
20.5_20.5_20.5	4N	3	20.5	SUM-159_NLS_4N_C_A1_seed	SUM-159_NLS_4N_C_A1_	42	2.14824120603015	1.0000246559562e-12	-27.6309964602763	31	control	4.02019962193432e-14
20.5_20.5_20.5	4N	3	20.5	SUM-159_NLS_4N_C_A1_seed	SUM-159_NLS_4N_C_A1_	43	2.18844221105528	3.95730918932256e-09	-19.347701540289	31	control	1.59087806605926e-10
20.5_20.5_20.5	4N	3	20.5	SUM-159_NLS_4N_C_A1_seed	SUM-159_NLS_4N_C_A1_	44	2.2286432160804	3.41272911845211e-06	-12.5879982587687	31	control	1.37195140440281e-07
20.5_20.5_20.5	4N	3	20.5	SUM-159_NLS_4N_C_A1_seed	SUM-159_NLS_4N_C_A1_	45	2.26884422110553	3.37547151927727e-05	-10.2963904409887	31	control	1.35697347508629e-06
20.5_20.5_20.5	4N	3	20.5	SUM-159_NLS_4N_C_A1_seed	SUM-159_NLS_4N_C_A1_	46	2.30904522613065	4.40359898299602e-06	-12.3330884006985	31	control	1.77029104844055e-07
20.5_20.5_20.5	4N	3	20.5	SUM-159_NLS_4N_C_A1_seed	SUM-159_NLS_4N_C_A1_	47	2.34924623115578	1.84473156610045e-05	-10.9005916906913	31	control	7.41600629588094e-07
20.5_20.5_20.5	4N	3	20.5	SUM-159_NLS_4N_C_A1_seed	SUM-159_NLS_4N_C_A1_	48	2.3894472361809	0.000135600476891171	-8.90579766556762	31	control	5.4512754529112e-06
20.5_20.5_20.5	4N	3	20.5	SUM-159_NLS_4N_C_A1_seed	SUM-159_NLS_4N_C_A1_	49	2.42964824120603	7.37350930137321e-05	-9.51503171180245	31	control	2.96422484477304e-06
20.5_20.5_20.5	4N	3	20.5	SUM-159_NLS_4N_C_A1_seed	SUM-159_NLS_4N_C_A1_	50	2.46984924623116	0.000306322829895617	-8.09087101247405	31	control	1.2314485623944e-05
20.5_20.5_20.5	4N	3	20.5	SUM-159_NLS_4N_C_A1_seed	SUM-159_NLS_4N_C_A1_	51	2.51005025125628	0.000591218475244571	-7.43332493840488	31	control	2.37675768942532e-05
20.5_20.5_20.5	4N	3	20.5	SUM-159_NLS_4N_C_A1_seed	SUM-159_NLS_4N_C_A1_	52	2.55025125628141	0.00105182463653659	-6.85722887386925	31	control	4.22844074989568e-05
20.5_20.5_20.5	4N	3	20.5	SUM-159_NLS_4N_C_A1_seed	SUM-159_NLS_4N_C_A1_	53	2.59045226130653	0.001722642484889	-6.36389583867811	31	control	6.9251959191515e-05
20.5_20.5_20.5	4N	3	20.5	SUM-159_NLS_4N_C_A1_seed	SUM-159_NLS_4N_C_A1_	54	2.63065326633166	0.00258120904468284	-5.9594973678475	31	control	0.000103767197776191
20.5_20.5_20.5	4N	3	20.5	SUM-159_NLS_4N_C_A1_seed	SUM-159_NLS_4N_C_A1_	55	2.67085427135678	0.00490899197448261	-5.31668665876545	31	control	0.00019734641103447
20.5_20.5_20.5	4N	3	20.5	SUM-159_NLS_4N_C_A1_seed	SUM-159_NLS_4N_C_A1_	56	2.71105527638191	0.00759171993339458	-4.88069710805535	31	control	0.000305194771191731
20.5_20.5_20.5	4N	3	20.5	SUM-159_NLS_4N_C_A1_seed	SUM-159_NLS_4N_C_A1_	57	2.75125628140704	0.0126299911959491	-4.37168103969448	31	control	0.000507738339535624
20.5_20.5_20.5	4N	3	20.5	SUM-159_NLS_4N_C_A1_seed	SUM-159_NLS_4N_C_A1_	58	2.79145728643216	0.020068294277	-3.90861410847522	31	control	0.000806765599075347
20.5_20.5_20.5	4N	3	20.5	SUM-159_NLS_4N_C_A1_seed	SUM-159_NLS_4N_C_A1_	59	2.83165829145729	0.0312112915667987	-3.46697534044777	31	control	0.00125472528911749
20.5_20.5_20.5	4N	3	20.5	SUM-159_NLS_4N_C_A1_seed	SUM-159_NLS_4N_C_A1_	60	2.87185929648241	0.047359275315423	-3.04999259014037	31	control	0.00190389046494156
20.5_20.5_20.5	4N	3	20.5	SUM-159_NLS_4N_C_A1_seed	SUM-159_NLS_4N_C_A1_	61	2.91206030150754	0.0716791813518291	-2.6355549312536	31	control	0.00288157512972167
20.5_20.5_20.5	4N	3	20.5	SUM-159_NLS_4N_C_A1_seed	SUM-159_NLS_4N_C_A1_	62	2.95226130653266	0.100217372516525	-2.30041372695124	31	control	0.00402883909614156
20.5_20.5_20.5	4N	3	20.5	SUM-159_NLS_4N_C_A1_seed	SUM-159_NLS_4N_C_A1_	63	2.99246231155779	0.147577914002218	-1.91339901214338	31	control	0.00593278046240051
20.5_20.5_20.5	4N	3	20.5	SUM-159_NLS_4N_C_A1_seed	SUM-159_NLS_4N_C_A1_	64	3.03266331658291	0.204383713169416	-1.58775610499454	31	control	0.00821643068017723
20.5_20.5_20.5	4N	3	20.5	SUM-159_NLS_4N_C_A1_seed	SUM-159_NLS_4N_C_A1_	65	3.07286432160804	0.275301269393389	-1.28988925589837	31	control	0.0110673877143067
20.5_20.5_20.5	4N	3	20.5	SUM-159_NLS_4N_C_A1_seed	SUM-159_NLS_4N_C_A1_	66	3.11306532663317	0.363786880783452	-1.01118707516613	31	control	0.0146245982224498
20.5_20.5_20.5	4N	3	20.5	SUM-159_NLS_4N_C_A1_seed	SUM-159_NLS_4N_C_A1_	67	3.15326633165829	0.464209834984725	-0.76741859841078	31	control	0.018661701908933
20.5_20.5_20.5	4N	3	20.5	SUM-159_NLS_4N_C_A1_seed	SUM-159_NLS_4N_C_A1_	68	3.19346733668342	0.589963158238188	-0.527695187696147	31	control	0.0237171118889715
20.5_20.5_20.5	4N	3	20.5	SUM-159_NLS_4N_C_A1_seed	SUM-159_NLS_4N_C_A1_	69	3.23366834170854	0.728075157941153	-0.317350997184068	31	control	0.0292693530830604
20.5_20.5_20.5	4N	3	20.5	SUM-159_NLS_4N_C_A1_seed	SUM-159_NLS_4N_C_A1_	70	3.27386934673367	0.86813297690132	-0.141410376860516	31	control	0.034899818166886
20.5_20.5_20.5	4N	3	20.5	SUM-159_NLS_4N_C_A1_seed	SUM-159_NLS_4N_C_A1_	71	3.31407035175879	1.01501559920419	0.0149039810497337	31	control	0.0408046472041871
20.5_20.5_20.5	4N	3	20.5	SUM-159_NLS_4N_C_A1_seed	SUM-159_NLS_4N_C_A1_	72	3.35427135678392	1.16561533595624	0.153249132947033	31	control	0.0468589079781386
20.5_20.5_20.5	4N	3	20.5	SUM-159_NLS_4N_C_A1_seed	SUM-159_NLS_4N_C_A1_	73	3.39447236180905	1.28798328743162	0.253077652001407	31	control	0.0517782226103145
20.5_20.5_20.5	4N	3	20.5	SUM-159_NLS_4N_C_A1_seed	SUM-159_NLS_4N_C_A1_	74	3.43467336683417	1.39505662539801	0.33293500613267	31	control	0.0560826784079581
20.5_20.5_20.5	4N	3	20.5	SUM-159_NLS_4N_C_A1_seed	SUM-159_NLS_4N_C_A1_	75	3.4748743718593	1.47315455871357	0.387406059819519	31	control	0.0592222938176288
20.5_20.5_20.5	4N	3	20.5	SUM-159_NLS_4N_C_A1_seed	SUM-159_NLS_4N_C_A1_	76	3.51507537688442	1.51406879156485	0.414800590947926	31	control	0.0608670870980822
20.5_20.5_20.5	4N	3	20.5	SUM-159_NLS_4N_C_A1_seed	SUM-159_NLS_4N_C_A1_	77	3.55527638190955	1.5314937973537	0.426243597235936	31	control	0.0615675898433626
20.5_20.5_20.5	4N	3	20.5	SUM-159_NLS_4N_C_A1_seed	SUM-159_NLS_4N_C_A1_	78	3.59547738693467	1.50282560575307	0.407347073268997	31	control	0.0604150997287644
20.5_20.5_20.5	4N	3	20.5	SUM-159_NLS_4N_C_A1_seed	SUM-159_NLS_4N_C_A1_	79	3.6356783919598	1.44415543802977	0.367524678742364	31	control	0.0580565000212952
20.5_20.5_20.5	4N	3	20.5	SUM-159_NLS_4N_C_A1_seed	SUM-159_NLS_4N_C_A1_	80	3.67587939698492	1.35020025220903	0.300252916419445	31	control	0.0542794071239791
20.5_20.5_20.5	4N	3	20.5	SUM-159_NLS_4N_C_A1_seed	SUM-159_NLS_4N_C_A1_	81	3.71608040201005	1.23788836475563	0.213406996331901	31	control	0.0497643563720838
20.5_20.5_20.5	4N	3	20.5	SUM-159_NLS_4N_C_A1_seed	SUM-159_NLS_4N_C_A1_	82	3.75628140703518	1.10839424028989	0.102912337574825	31	control	0.0445585624237125
20.5_20.5_20.5	4N	3	20.5	SUM-159_NLS_4N_C_A1_seed	SUM-159_NLS_4N_C_A1_	83	3.7964824120603	0.965451267935142	-0.0351596517844493	31	control	0.0388121112737731
20.5_20.5_20.5	4N	3	20.5	SUM-159_NLS_4N_C_A1_seed	SUM-159_NLS_4N_C_A1_	84	3.83668341708543	0.827159631632237	-0.189757577637073	31	control	0.0332526485078274
20.5_20.5_20.5	4N	3	20.5	SUM-159_NLS_4N_C_A1_seed	SUM-159_NLS_4N_C_A1_	85	3.87688442211055	0.690773832638464	-0.369942813220841	31	control	0.0277698023171232
20.5_20.5_20.5	4N	3	20.5	SUM-159_NLS_4N_C_A1_seed	SUM-159_NLS_4N_C_A1_	86	3.91708542713568	0.561004249951378	-0.57802679781723	31	control	0.0225529346714114
20.5_20.5_20.5	4N	3	20.5	SUM-159_NLS_4N_C_A1_seed	SUM-159_NLS_4N_C_A1_	87	3.9572864321608	0.453895156139066	-0.789889041224454	31	control	0.0182470414528261
20.5_20.5_20.5	4N	3	20.5	SUM-159_NLS_4N_C_A1_seed	SUM-159_NLS_4N_C_A1_	88	3.99748743718593	0.336945612241308	-1.08783374966221	31	control	0.0135455522509064
20.5_20.5_20.5	4N	3	20.5	SUM-159_NLS_4N_C_A1_seed	SUM-159_NLS_4N_C_A1_	89	4.03768844221106	0.248133624515775	-1.393787869391	31	control	0.00997522108606094
20.5_20.5_20.5	4N	3	20.5	SUM-159_NLS_4N_C_A1_seed	SUM-159_NLS_4N_C_A1_	90	4.07788944723618	0.195737552426659	-1.63098053526894	31	control	0.00786884632870962
20.5_20.5_20.5	4N	3	20.5	SUM-159_NLS_4N_C_A1_seed	SUM-159_NLS_4N_C_A1_	91	4.11809045226131	0.151699307655541	-1.88585495654353	31	control	0.00609846462936826
20.5_20.5_20.5	4N	3	20.5	SUM-159_NLS_4N_C_A1_seed	SUM-159_NLS_4N_C_A1_	92	4.15829145728643	0.118003417070109	-2.13704169671449	31	control	0.00474385596261727
20.5_20.5_20.5	4N	3	20.5	SUM-159_NLS_4N_C_A1_seed	SUM-159_NLS_4N_C_A1_	93	4.19849246231156	0.0901604859388827	-2.40616401952598	31	control	0.00362454214829666
20.5_20.5_20.5	4N	3	20.5	SUM-159_NLS_4N_C_A1_seed	SUM-159_NLS_4N_C_A1_	94	4.23869346733668	0.0661569970498255	-2.71572461850744	31	control	0.00265957777084716
20.5_20.5_20.5	4N	3	20.5	SUM-159_NLS_4N_C_A1_seed	SUM-159_NLS_4N_C_A1_	95	4.27889447236181	0.0504804759281888	-2.98616863273917	31	control	0.00202936586645978
20.5_20.5_20.5	4N	3	20.5	SUM-159_NLS_4N_C_A1_seed	SUM-159_NLS_4N_C_A1_	96	4.31909547738693	0.0385226149295938	-3.25650980937203	31	control	0.00154864783636552
20.5_20.5_20.5	4N	3	20.5	SUM-159_NLS_4N_C_A1_seed	SUM-159_NLS_4N_C_A1_	97	4.35929648241206	0.0290917984113719	-3.53729898606309	31	control	0.00116951953412546
20.5_20.5_20.5	4N	3	20.5	SUM-159_NLS_4N_C_A1_seed	SUM-159_NLS_4N_C_A1_	98	4.39949748743719	0.0216128510234973	-3.83446718641591	31	control	0.000868858332602875
20.5_20.5_20.5	4N	3	20.5	SUM-159_NLS_4N_C_A1_seed	SUM-159_NLS_4N_C_A1_	99	4.43969849246231	0.0152386867669105	-4.18391790258673	31	control	0.000612610523292862
20.5_20.5_20.5	4N	3	20.5	SUM-159_NLS_4N_C_A1_seed	SUM-159_NLS_4N_C_A1_	100	4.47989949748744	0.0109421901811985	-4.51512930264723	31	control	0.000439887042460225
20.5_20.5_20.5	4N	3	20.5	SUM-159_NLS_4N_C_A1_seed	SUM-159_NLS_4N_C_A1_	101	4.52010050251256	0.00802582179920445	-4.82509121032379	31	control	0.000322646102480569
20.5_20.5_20.5	4N	3	20.5	SUM-159_NLS_4N_C_A1_seed	SUM-159_NLS_4N_C_A1_	102	4.56030150753769	0.00607982428222	-5.10277948437236	31	control	0.000244415046521398
20.5_20.5_20.5	4N	3	20.5	SUM-159_NLS_4N_C_A1_seed	SUM-159_NLS_4N_C_A1_	103	4.60050251256281	0.0041684614207148	-5.4802082751127	31	control	0.000167576338521192
20.5_20.5_20.5	4N	3	20.5	SUM-159_NLS_4N_C_A1_seed	SUM-159_NLS_4N_C_A1_	104	4.64070351758794	0.00316486965393469	-5.755643407825	31	control	0.000127230940861691
20.5_20.5_20.5	4N	3	20.5	SUM-159_NLS_4N_C_A1_seed	SUM-159_NLS_4N_C_A1_	105	4.68090452261307	0.00242058284483027	-6.02374692284085	31	control	9.7309863108751e-05
20.5_20.5_20.5	4N	3	20.5	SUM-159_NLS_4N_C_A1_seed	SUM-159_NLS_4N_C_A1_	106	4.72110552763819	0.00203289501906192	-6.1982943841041	31	control	8.17244228768581e-05
20.5_20.5_20.5	4N	3	20.5	SUM-159_NLS_4N_C_A1_seed	SUM-159_NLS_4N_C_A1_	107	4.76130653266332	0.00151214517290145	-6.49422599201012	31	control	6.07897556945284e-05
20.5_20.5_20.5	4N	3	20.5	SUM-159_NLS_4N_C_A1_seed	SUM-159_NLS_4N_C_A1_	108	4.80150753768844	0.00108152075918474	-6.82938711794748	31	control	4.34782214747618e-05
20.5_20.5_20.5	4N	3	20.5	SUM-159_NLS_4N_C_A1_seed	SUM-159_NLS_4N_C_A1_	109	4.84170854271357	0.000939665849812074	-6.96998622482116	31	control	3.77755115502328e-05
20.5_20.5_20.5	4N	3	20.5	SUM-159_NLS_4N_C_A1_seed	SUM-159_NLS_4N_C_A1_	110	4.88190954773869	0.000619095286856524	-7.38725136036336	31	control	2.48882527379498e-05
20.5_20.5_20.5	4N	3	20.5	SUM-159_NLS_4N_C_A1_seed	SUM-159_NLS_4N_C_A1_	111	4.92211055276382	0.000634620143828857	-7.36248393675852	31	control	2.55123675911089e-05
20.5_20.5_20.5	4N	3	20.5	SUM-159_NLS_4N_C_A1_seed	SUM-159_NLS_4N_C_A1_	112	4.96231155778894	0.000608956105037676	-7.40376436996589	31	control	2.44806474386996e-05
20.5_20.5_20.5	4N	3	20.5	SUM-159_NLS_4N_C_A1_seed	SUM-159_NLS_4N_C_A1_	113	5.00251256281407	0.000485986036813412	-7.62933066531312	31	control	1.95371271080761e-05
20.5_20.5_20.5	4N	3	20.5	SUM-159_NLS_4N_C_A1_seed	SUM-159_NLS_4N_C_A1_	114	5.0427135678392	0.000345519007347001	-7.97046290224082	31	control	1.38902113506327e-05
20.5_20.5_20.5	4N	3	20.5	SUM-159_NLS_4N_C_A1_seed	SUM-159_NLS_4N_C_A1_	115	5.08291457286432	0.000320031108749622	-8.04709235205299	31	control	1.28655722110396e-05
20.5_20.5_20.5	4N	3	20.5	SUM-159_NLS_4N_C_A1_seed	SUM-159_NLS_4N_C_A1_	116	5.12311557788945	0.000325648236066216	-8.02969278964179	31	control	1.30913863745208e-05
20.5_20.5_20.5	4N	3	20.5	SUM-159_NLS_4N_C_A1_seed	SUM-159_NLS_4N_C_A1_	117	5.16331658291457	0.000371411941466032	-7.89819875698842	31	control	1.49311333252671e-05
20.5_20.5_20.5	4N	3	20.5	SUM-159_NLS_4N_C_A1_seed	SUM-159_NLS_4N_C_A1_	118	5.2035175879397	0.000289492380243494	-8.14738158170005	31	control	1.16378846329039e-05
20.5_20.5_20.5	4N	3	20.5	SUM-159_NLS_4N_C_A1_seed	SUM-159_NLS_4N_C_A1_	119	5.24371859296482	0.000170670495427666	-8.67577578769804	31	control	6.86112544432803e-06
20.5_20.5_20.5	4N	3	20.5	SUM-159_NLS_4N_C_A1_seed	SUM-159_NLS_4N_C_A1_	120	5.28391959798995	0.000101178002389622	-9.19862919243017	31	control	4.06745738249722e-06
20.5_20.5_20.5	4N	3	20.5	SUM-159_NLS_4N_C_A1_seed	SUM-159_NLS_4N_C_A1_	121	5.32412060301508	9.31071292491342e-05	-9.28175980036028	31	control	3.74300017081933e-06
20.5_20.5_20.5	4N	3	20.5	SUM-159_NLS_4N_C_A1_seed	SUM-159_NLS_4N_C_A1_	122	5.3643216080402	8.40655636299229e-05	-9.38391354416398	31	control	3.37952014592643e-06
20.5_20.5_20.5	4N	3	20.5	SUM-159_NLS_4N_C_A1_seed	SUM-159_NLS_4N_C_A1_	123	5.40452261306533	0.00014422598292319	-8.84412916263782	31	control	5.79802946424863e-06
20.5_20.5_20.5	4N	3	20.5	SUM-159_NLS_4N_C_A1_seed	SUM-159_NLS_4N_C_A1_	124	5.44472361809045	5.55246056103814e-05	-9.79868429112875	31	control	2.23214494916098e-06
20.5_20.5_20.5	4N	3	20.5	SUM-159_NLS_4N_C_A1_seed	SUM-159_NLS_4N_C_A1_	125	5.48492462311558	2.98648880899743e-05	-10.4188270789836	31	control	1.20059851617983e-06
20.5_20.5_20.5	4N	3	20.5	SUM-159_NLS_4N_C_A1_seed	SUM-159_NLS_4N_C_A1_	126	5.5251256281407	0.000118087191917308	-9.0440872918081	31	control	4.7472237956705e-06
20.5_20.5_20.5	4N	3	20.5	SUM-159_NLS_4N_C_A1_seed	SUM-159_NLS_4N_C_A1_	127	5.56532663316583	6.15479398278649e-05	-9.69569417741528	31	control	2.47428903830604e-06
20.5_20.5_20.5	4N	3	20.5	SUM-159_NLS_4N_C_A1_seed	SUM-159_NLS_4N_C_A1_	128	5.60552763819095	6.36238735015351e-05	-9.66252178853072	31	control	2.55774365835308e-06
20.5_20.5_20.5	4N	3	20.5	SUM-159_NLS_4N_C_A1_seed	SUM-159_NLS_4N_C_A1_	129	5.64572864321608	4.85102907195406e-05	-9.93373460274344	31	control	1.95016244098649e-06
20.5_20.5_20.5	4N	3	20.5	SUM-159_NLS_4N_C_A1_seed	SUM-159_NLS_4N_C_A1_	130	5.68592964824121	3.96145563914386e-05	-10.1363139216045	31	control	1.59254498056029e-06
20.5_20.5_20.5	4N	3	20.5	SUM-159_NLS_4N_C_A1_seed	SUM-159_NLS_4N_C_A1_	131	5.72613065326633	2.7058233299119e-05	-10.5175192256339	31	control	1.08776817282886e-06
20.5_20.5_20.5	4N	3	20.5	SUM-159_NLS_4N_C_A1_seed	SUM-159_NLS_4N_C_A1_	132	5.76633165829146	3.26046097513627e-05	-10.3310568761721	31	control	1.31073808045674e-06
20.5_20.5_20.5	4N	3	20.5	SUM-159_NLS_4N_C_A1_seed	SUM-159_NLS_4N_C_A1_	133	5.80653266331658	2.22569420649881e-05	-10.712856595094	31	control	8.94751439798484e-07
20.5_20.5_20.5	4N	3	20.5	SUM-159_NLS_4N_C_A1_seed	SUM-159_NLS_4N_C_A1_	134	5.84673366834171	2.64484219650463e-07	-15.1454842484847	31	control	1.06325314432343e-08
20.5_20.5_20.5	4N	3	20.5	SUM-159_NLS_4N_C_A1_seed	SUM-159_NLS_4N_C_A1_	135	5.88693467336683	5.93168453184773e-11	-23.5481277808134	31	control	2.38459679672262e-12
20.5_20.5_20.5	4N	3	20.5	SUM-159_NLS_4N_C_A1_seed	SUM-159_NLS_4N_C_A1_	136	5.92713567839196	1.0000246559562e-12	-27.6309964602763	31	control	4.02019962193432e-14
20.5_20.5_20.5	4N	3	20.5	SUM-159_NLS_4N_C_A1_seed	SUM-159_NLS_4N_C_A1_	137	5.96733668341709	1.0000246559562e-12	-27.6309964602763	31	control	4.02019962193432e-14
20.5_20.5_20.5	4N	3	20.5	SUM-159_NLS_4N_C_A1_seed	SUM-159_NLS_4N_C_A1_	138	6.00753768844221	1.0000246559562e-12	-27.6309964602763	31	control	4.02019962193432e-14
20.5_20.5_20.5	4N	3	20.5	SUM-159_NLS_4N_C_A1_seed	SUM-159_NLS_4N_C_A1_	139	6.04773869346734	1.0000246559562e-12	-27.6309964602763	31	control	4.02019962193432e-14
20.5_20.5_20.5	4N	3	20.5	SUM-159_NLS_4N_C_A1_seed	SUM-159_NLS_4N_C_A1_	140	6.08793969849246	1.0000246559562e-12	-27.6309964602763	31	control	4.02019962193432e-14
20.5_20.5_20.5	4N	3	20.5	SUM-159_NLS_4N_C_A1_seed	SUM-159_NLS_4N_C_A1_	141	6.12814070351759	1.0000246559562e-12	-27.6309964602763	31	control	4.02019962193432e-14
20.5_20.5_20.5	4N	3	20.5	SUM-159_NLS_4N_C_A1_seed	SUM-159_NLS_4N_C_A1_	142	6.16834170854271	1.0000246559562e-12	-27.6309964602763	31	control	4.02019962193432e-14
20.5_20.5_20.5	4N	3	20.5	SUM-159_NLS_4N_C_A1_seed	SUM-159_NLS_4N_C_A1_	143	6.20854271356784	1.0000246559562e-12	-27.6309964602763	31	control	4.02019962193432e-14
20.5_20.5_20.5	4N	3	20.5	SUM-159_NLS_4N_C_A1_seed	SUM-159_NLS_4N_C_A1_	144	6.24874371859296	1.0000246559562e-12	-27.6309964602763	31	control	4.02019962193432e-14
20.5_20.5_20.5	4N	3	20.5	SUM-159_NLS_4N_C_A1_seed	SUM-159_NLS_4N_C_A1_	145	6.28894472361809	1.0000246559562e-12	-27.6309964602763	31	control	4.02019962193432e-14
20.5_20.5_20.5	4N	3	20.5	SUM-159_NLS_4N_C_A1_seed	SUM-159_NLS_4N_C_A1_	146	6.32914572864322	1.0000246559562e-12	-27.6309964602763	31	control	4.02019962193432e-14
20.5_20.5_20.5	4N	3	20.5	SUM-159_NLS_4N_C_A1_seed	SUM-159_NLS_4N_C_A1_	147	6.36934673366834	1.0000246559562e-12	-27.6309964602763	31	control	4.02019962193432e-14
20.5_20.5_20.5	4N	3	20.5	SUM-159_NLS_4N_C_A1_seed	SUM-159_NLS_4N_C_A1_	148	6.40954773869347	1.0000246559562e-12	-27.6309964602763	31	control	4.02019962193432e-14
20.5_20.5_20.5	4N	3	20.5	SUM-159_NLS_4N_C_A1_seed	SUM-159_NLS_4N_C_A1_	149	6.44974874371859	1.0000246559562e-12	-27.6309964602763	31	control	4.02019962193432e-14
20.5_20.5_20.5	4N	3	20.5	SUM-159_NLS_4N_C_A1_seed	SUM-159_NLS_4N_C_A1_	150	6.48994974874372	1.0000246559562e-12	-27.6309964602763	31	control	4.02019962193432e-14
20.5_20.5_20.5	4N	3	20.5	SUM-159_NLS_4N_C_A1_seed	SUM-159_NLS_4N_C_A1_	151	6.53015075376884	1.0000246559562e-12	-27.6309964602763	31	control	4.02019962193432e-14
20.5_20.5_20.5	4N	3	20.5	SUM-159_NLS_4N_C_A1_seed	SUM-159_NLS_4N_C_A1_	152	6.57035175879397	1.0000246559562e-12	-27.6309964602763	31	control	4.02019962193432e-14
20.5_20.5_20.5	4N	3	20.5	SUM-159_NLS_4N_C_A1_seed	SUM-159_NLS_4N_C_A1_	153	6.6105527638191	1.0000246559562e-12	-27.6309964602763	31	control	4.02019962193432e-14
20.5_20.5_20.5	4N	3	20.5	SUM-159_NLS_4N_C_A1_seed	SUM-159_NLS_4N_C_A1_	154	6.65075376884422	1.0000246559562e-12	-27.6309964602763	31	control	4.02019962193432e-14
20.5_20.5_20.5	4N	3	20.5	SUM-159_NLS_4N_C_A1_seed	SUM-159_NLS_4N_C_A1_	155	6.69095477386935	1.0000246559562e-12	-27.6309964602763	31	control	4.02019962193432e-14
20.5_20.5_20.5	4N	3	20.5	SUM-159_NLS_4N_C_A1_seed	SUM-159_NLS_4N_C_A1_	156	6.73115577889447	1.0000246559562e-12	-27.6309964602763	31	control	4.02019962193432e-14
20.5_20.5_20.5	4N	3	20.5	SUM-159_NLS_4N_C_A1_seed	SUM-159_NLS_4N_C_A1_	157	6.7713567839196	1.0000246559562e-12	-27.6309964602763	31	control	4.02019962193432e-14
20.5_20.5_20.5	4N	3	20.5	SUM-159_NLS_4N_C_A1_seed	SUM-159_NLS_4N_C_A1_	158	6.81155778894472	1.0000246559562e-12	-27.6309964602763	31	control	4.02019962193432e-14
20.5_20.5_20.5	4N	3	20.5	SUM-159_NLS_4N_C_A1_seed	SUM-159_NLS_4N_C_A1_	159	6.85175879396985	1.0000246559562e-12	-27.6309964602763	31	control	4.02019962193432e-14
20.5_20.5_20.5	4N	3	20.5	SUM-159_NLS_4N_C_A1_seed	SUM-159_NLS_4N_C_A1_	160	6.89195979899498	1.0000246559562e-12	-27.6309964602763	31	control	4.02019962193432e-14
20.5_20.5_20.5	4N	3	20.5	SUM-159_NLS_4N_C_A1_seed	SUM-159_NLS_4N_C_A1_	161	6.9321608040201	1.0000246559562e-12	-27.6309964602763	31	control	4.02019962193432e-14
20.5_20.5_20.5	4N	3	20.5	SUM-159_NLS_4N_C_A1_seed	SUM-159_NLS_4N_C_A1_	162	6.97236180904523	1.0000246559562e-12	-27.6309964602763	31	control	4.02019962193432e-14
20.5_20.5_20.5	4N	3	20.5	SUM-159_NLS_4N_C_A1_seed	SUM-159_NLS_4N_C_A1_	163	7.01256281407035	1.0000246559562e-12	-27.6309964602763	31	control	4.02019962193432e-14
20.5_20.5_20.5	4N	3	20.5	SUM-159_NLS_4N_C_A1_seed	SUM-159_NLS_4N_C_A1_	164	7.05276381909548	1.0000246559562e-12	-27.6309964602763	31	control	4.02019962193432e-14
20.5_20.5_20.5	4N	3	20.5	SUM-159_NLS_4N_C_A1_seed	SUM-159_NLS_4N_C_A1_	165	7.0929648241206	1.0000246559562e-12	-27.6309964602763	31	control	4.02019962193432e-14
20.5_20.5_20.5	4N	3	20.5	SUM-159_NLS_4N_C_A1_seed	SUM-159_NLS_4N_C_A1_	166	7.13316582914573	1.0000246559562e-12	-27.6309964602763	31	control	4.02019962193432e-14
20.5_20.5_20.5	4N	3	20.5	SUM-159_NLS_4N_C_A1_seed	SUM-159_NLS_4N_C_A1_	167	7.17336683417085	1.0000246559562e-12	-27.6309964602763	31	control	4.02019962193432e-14
20.5_20.5_20.5	4N	3	20.5	SUM-159_NLS_4N_C_A1_seed	SUM-159_NLS_4N_C_A1_	168	7.21356783919598	1.0000246559562e-12	-27.6309964602763	31	control	4.02019962193432e-14
20.5_20.5_20.5	4N	3	20.5	SUM-159_NLS_4N_C_A1_seed	SUM-159_NLS_4N_C_A1_	169	7.25376884422111	1.0000246559562e-12	-27.6309964602763	31	control	4.02019962193432e-14
20.5_20.5_20.5	4N	3	20.5	SUM-159_NLS_4N_C_A1_seed	SUM-159_NLS_4N_C_A1_	170	7.29396984924623	1.0000246559562e-12	-27.6309964602763	31	control	4.02019962193432e-14
20.5_20.5_20.5	4N	3	20.5	SUM-159_NLS_4N_C_A1_seed	SUM-159_NLS_4N_C_A1_	171	7.33417085427136	1.0000246559562e-12	-27.6309964602763	31	control	4.02019962193432e-14
20.5_20.5_20.5	4N	3	20.5	SUM-159_NLS_4N_C_A1_seed	SUM-159_NLS_4N_C_A1_	172	7.37437185929648	1.0000246559562e-12	-27.6309964602763	31	control	4.02019962193432e-14
20.5_20.5_20.5	4N	3	20.5	SUM-159_NLS_4N_C_A1_seed	SUM-159_NLS_4N_C_A1_	173	7.41457286432161	1.0000246559562e-12	-27.6309964602763	31	control	4.02019962193432e-14
20.5_20.5_20.5	4N	3	20.5	SUM-159_NLS_4N_C_A1_seed	SUM-159_NLS_4N_C_A1_	174	7.45477386934673	1.0000246559562e-12	-27.6309964602763	31	control	4.02019962193432e-14
20.5_20.5_20.5	4N	3	20.5	SUM-159_NLS_4N_C_A1_seed	SUM-159_NLS_4N_C_A1_	175	7.49497487437186	1.0000246559562e-12	-27.6309964602763	31	control	4.02019962193432e-14
20.5_20.5_20.5	4N	3	20.5	SUM-159_NLS_4N_C_A1_seed	SUM-159_NLS_4N_C_A1_	176	7.53517587939699	1.0000246559562e-12	-27.6309964602763	31	control	4.02019962193432e-14
20.5_20.5_20.5	4N	3	20.5	SUM-159_NLS_4N_C_A1_seed	SUM-159_NLS_4N_C_A1_	177	7.57537688442211	1.0000246559562e-12	-27.6309964602763	31	control	4.02019962193432e-14
20.5_20.5_20.5	4N	3	20.5	SUM-159_NLS_4N_C_A1_seed	SUM-159_NLS_4N_C_A1_	178	7.61557788944724	1.0000246559562e-12	-27.6309964602763	31	control	4.02019962193432e-14
20.5_20.5_20.5	4N	3	20.5	SUM-159_NLS_4N_C_A1_seed	SUM-159_NLS_4N_C_A1_	179	7.65577889447236	1.0000246559562e-12	-27.6309964602763	31	control	4.02019962193432e-14
20.5_20.5_20.5	4N	3	20.5	SUM-159_NLS_4N_C_A1_seed	SUM-159_NLS_4N_C_A1_	180	7.69597989949749	1.0000246559562e-12	-27.6309964602763	31	control	4.02019962193432e-14
20.5_20.5_20.5	4N	3	20.5	SUM-159_NLS_4N_C_A1_seed	SUM-159_NLS_4N_C_A1_	181	7.73618090452261	1.0000246559562e-12	-27.6309964602763	31	control	4.02019962193432e-14
20.5_20.5_20.5	4N	3	20.5	SUM-159_NLS_4N_C_A1_seed	SUM-159_NLS_4N_C_A1_	182	7.77638190954774	1.0000246559562e-12	-27.6309964602763	31	control	4.02019962193432e-14
20.5_20.5_20.5	4N	3	20.5	SUM-159_NLS_4N_C_A1_seed	SUM-159_NLS_4N_C_A1_	183	7.81658291457286	1.0000246559562e-12	-27.6309964602763	31	control	4.02019962193432e-14
20.5_20.5_20.5	4N	3	20.5	SUM-159_NLS_4N_C_A1_seed	SUM-159_NLS_4N_C_A1_	184	7.85678391959799	1.0000246559562e-12	-27.6309964602763	31	control	4.02019962193432e-14
20.5_20.5_20.5	4N	3	20.5	SUM-159_NLS_4N_C_A1_seed	SUM-159_NLS_4N_C_A1_	185	7.89698492462312	1.0000246559562e-12	-27.6309964602763	31	control	4.02019962193432e-14
20.5_20.5_20.5	4N	3	20.5	SUM-159_NLS_4N_C_A1_seed	SUM-159_NLS_4N_C_A1_	186	7.93718592964824	1.0000246559562e-12	-27.6309964602763	31	control	4.02019962193432e-14
20.5_20.5_20.5	4N	3	20.5	SUM-159_NLS_4N_C_A1_seed	SUM-159_NLS_4N_C_A1_	187	7.97738693467337	1.0000246559562e-12	-27.6309964602763	31	control	4.02019962193432e-14
20.5_20.5_20.5	4N	3	20.5	SUM-159_NLS_4N_C_A1_seed	SUM-159_NLS_4N_C_A1_	188	8.01758793969849	1.0000246559562e-12	-27.6309964602763	31	control	4.02019962193432e-14
20.5_20.5_20.5	4N	3	20.5	SUM-159_NLS_4N_C_A1_seed	SUM-159_NLS_4N_C_A1_	189	8.05778894472362	1.0000246559562e-12	-27.6309964602763	31	control	4.02019962193432e-14
20.5_20.5_20.5	4N	3	20.5	SUM-159_NLS_4N_C_A1_seed	SUM-159_NLS_4N_C_A1_	190	8.09798994974874	1.0000246559562e-12	-27.6309964602763	31	control	4.02019962193432e-14
20.5_20.5_20.5	4N	3	20.5	SUM-159_NLS_4N_C_A1_seed	SUM-159_NLS_4N_C_A1_	191	8.13819095477387	1.0000246559562e-12	-27.6309964602763	31	control	4.02019962193432e-14
20.5_20.5_20.5	4N	3	20.5	SUM-159_NLS_4N_C_A1_seed	SUM-159_NLS_4N_C_A1_	192	8.178391959799	1.0000246559562e-12	-27.6309964602763	31	control	4.02019962193432e-14
20.5_20.5_20.5	4N	3	20.5	SUM-159_NLS_4N_C_A1_seed	SUM-159_NLS_4N_C_A1_	193	8.21859296482412	1.0000246559562e-12	-27.6309964602763	31	control	4.02019962193432e-14
20.5_20.5_20.5	4N	3	20.5	SUM-159_NLS_4N_C_A1_seed	SUM-159_NLS_4N_C_A1_	194	8.25879396984925	1.0000246559562e-12	-27.6309964602763	31	control	4.02019962193432e-14
20.5_20.5_20.5	4N	3	20.5	SUM-159_NLS_4N_C_A1_seed	SUM-159_NLS_4N_C_A1_	195	8.29899497487437	1.0000246559562e-12	-27.6309964602763	31	control	4.02019962193432e-14
20.5_20.5_20.5	4N	3	20.5	SUM-159_NLS_4N_C_A1_seed	SUM-159_NLS_4N_C_A1_	196	8.3391959798995	1.0000246559562e-12	-27.6309964602763	31	control	4.02019962193432e-14
20.5_20.5_20.5	4N	3	20.5	SUM-159_NLS_4N_C_A1_seed	SUM-159_NLS_4N_C_A1_	197	8.37939698492462	1.0000246559562e-12	-27.6309964602763	31	control	4.02019962193432e-14
20.5_20.5_20.5	4N	3	20.5	SUM-159_NLS_4N_C_A1_seed	SUM-159_NLS_4N_C_A1_	198	8.41959798994975	1.0000246559562e-12	-27.6309964602763	31	control	4.02019962193432e-14
20.5_20.5_20.5	4N	3	20.5	SUM-159_NLS_4N_C_A1_seed	SUM-159_NLS_4N_C_A1_	199	8.45979899497488	1.0000246559562e-12	-27.6309964602763	31	control	4.02019962193432e-14
20.5_20.5_20.5	4N	3	20.5	SUM-159_NLS_4N_C_A1_seed	SUM-159_NLS_4N_C_A1_	200	8.5	1.0000246559562e-12	-27.6309964602763	31	control	4.02019962193432e-14
20.5_20.5_2_1_0.5_0.3_0.2_0.1	4N	14	0.1	SUM-159_NLS_4N_O1_A6_seed	SUM-159_NLS_4N_O1_A6	1	0.5	1.00003906254427e-12	-27.6309820541472	56	oxygen-deprived	4.02025753786627e-14
20.5_20.5_2_1_0.5_0.3_0.2_0.1	4N	14	0.1	SUM-159_NLS_4N_O1_A6_seed	SUM-159_NLS_4N_O1_A6	2	0.540201005025126	1.00003906254427e-12	-27.6309820541472	56	oxygen-deprived	4.02025753786627e-14
20.5_20.5_2_1_0.5_0.3_0.2_0.1	4N	14	0.1	SUM-159_NLS_4N_O1_A6_seed	SUM-159_NLS_4N_O1_A6	3	0.580402010050251	1.00003906254427e-12	-27.6309820541472	56	oxygen-deprived	4.02025753786627e-14
20.5_20.5_2_1_0.5_0.3_0.2_0.1	4N	14	0.1	SUM-159_NLS_4N_O1_A6_seed	SUM-159_NLS_4N_O1_A6	4	0.620603015075377	1.00003906254427e-12	-27.6309820541472	56	oxygen-deprived	4.02025753786627e-14
20.5_20.5_2_1_0.5_0.3_0.2_0.1	4N	14	0.1	SUM-159_NLS_4N_O1_A6_seed	SUM-159_NLS_4N_O1_A6	5	0.660804020100503	1.00003906254427e-12	-27.6309820541472	56	oxygen-deprived	4.02025753786627e-14
20.5_20.5_2_1_0.5_0.3_0.2_0.1	4N	14	0.1	SUM-159_NLS_4N_O1_A6_seed	SUM-159_NLS_4N_O1_A6	6	0.701005025125628	1.00003906254427e-12	-27.6309820541472	56	oxygen-deprived	4.02025753786627e-14
20.5_20.5_2_1_0.5_0.3_0.2_0.1	4N	14	0.1	SUM-159_NLS_4N_O1_A6_seed	SUM-159_NLS_4N_O1_A6	7	0.741206030150754	1.00003906254427e-12	-27.6309820541472	56	oxygen-deprived	4.02025753786627e-14
20.5_20.5_2_1_0.5_0.3_0.2_0.1	4N	14	0.1	SUM-159_NLS_4N_O1_A6_seed	SUM-159_NLS_4N_O1_A6	8	0.781407035175879	1.00003906254427e-12	-27.6309820541472	56	oxygen-deprived	4.02025753786627e-14
20.5_20.5_2_1_0.5_0.3_0.2_0.1	4N	14	0.1	SUM-159_NLS_4N_O1_A6_seed	SUM-159_NLS_4N_O1_A6	9	0.821608040201005	1.00003906254427e-12	-27.6309820541472	56	oxygen-deprived	4.02025753786627e-14
20.5_20.5_2_1_0.5_0.3_0.2_0.1	4N	14	0.1	SUM-159_NLS_4N_O1_A6_seed	SUM-159_NLS_4N_O1_A6	10	0.861809045226131	1.00003906254427e-12	-27.6309820541472	56	oxygen-deprived	4.02025753786627e-14
20.5_20.5_2_1_0.5_0.3_0.2_0.1	4N	14	0.1	SUM-159_NLS_4N_O1_A6_seed	SUM-159_NLS_4N_O1_A6	11	0.902010050251256	1.00003906254427e-12	-27.6309820541472	56	oxygen-deprived	4.02025753786627e-14
20.5_20.5_2_1_0.5_0.3_0.2_0.1	4N	14	0.1	SUM-159_NLS_4N_O1_A6_seed	SUM-159_NLS_4N_O1_A6	12	0.942211055276382	1.00003906254427e-12	-27.6309820541472	56	oxygen-deprived	4.02025753786627e-14
20.5_20.5_2_1_0.5_0.3_0.2_0.1	4N	14	0.1	SUM-159_NLS_4N_O1_A6_seed	SUM-159_NLS_4N_O1_A6	13	0.982412060301508	1.00003906254427e-12	-27.6309820541472	56	oxygen-deprived	4.02025753786627e-14
20.5_20.5_2_1_0.5_0.3_0.2_0.1	4N	14	0.1	SUM-159_NLS_4N_O1_A6_seed	SUM-159_NLS_4N_O1_A6	14	1.02261306532663	1.00003906254427e-12	-27.6309820541472	56	oxygen-deprived	4.02025753786627e-14
20.5_20.5_2_1_0.5_0.3_0.2_0.1	4N	14	0.1	SUM-159_NLS_4N_O1_A6_seed	SUM-159_NLS_4N_O1_A6	15	1.06281407035176	1.00003906254427e-12	-27.6309820541472	56	oxygen-deprived	4.02025753786627e-14
20.5_20.5_2_1_0.5_0.3_0.2_0.1	4N	14	0.1	SUM-159_NLS_4N_O1_A6_seed	SUM-159_NLS_4N_O1_A6	16	1.10301507537688	1.00003906254427e-12	-27.6309820541472	56	oxygen-deprived	4.02025753786627e-14
20.5_20.5_2_1_0.5_0.3_0.2_0.1	4N	14	0.1	SUM-159_NLS_4N_O1_A6_seed	SUM-159_NLS_4N_O1_A6	17	1.14321608040201	1.00003906254427e-12	-27.6309820541472	56	oxygen-deprived	4.02025753786627e-14
20.5_20.5_2_1_0.5_0.3_0.2_0.1	4N	14	0.1	SUM-159_NLS_4N_O1_A6_seed	SUM-159_NLS_4N_O1_A6	18	1.18341708542714	1.00003906254427e-12	-27.6309820541472	56	oxygen-deprived	4.02025753786627e-14
20.5_20.5_2_1_0.5_0.3_0.2_0.1	4N	14	0.1	SUM-159_NLS_4N_O1_A6_seed	SUM-159_NLS_4N_O1_A6	19	1.22361809045226	1.00003906254427e-12	-27.6309820541472	56	oxygen-deprived	4.02025753786627e-14
20.5_20.5_2_1_0.5_0.3_0.2_0.1	4N	14	0.1	SUM-159_NLS_4N_O1_A6_seed	SUM-159_NLS_4N_O1_A6	20	1.26381909547739	1.00003906254427e-12	-27.6309820541472	56	oxygen-deprived	4.02025753786627e-14
20.5_20.5_2_1_0.5_0.3_0.2_0.1	4N	14	0.1	SUM-159_NLS_4N_O1_A6_seed	SUM-159_NLS_4N_O1_A6	21	1.30402010050251	1.00003906254427e-12	-27.6309820541472	56	oxygen-deprived	4.02025753786627e-14
20.5_20.5_2_1_0.5_0.3_0.2_0.1	4N	14	0.1	SUM-159_NLS_4N_O1_A6_seed	SUM-159_NLS_4N_O1_A6	22	1.34422110552764	1.00003906254427e-12	-27.6309820541472	56	oxygen-deprived	4.02025753786627e-14
20.5_20.5_2_1_0.5_0.3_0.2_0.1	4N	14	0.1	SUM-159_NLS_4N_O1_A6_seed	SUM-159_NLS_4N_O1_A6	23	1.38442211055276	1.00003906254427e-12	-27.6309820541472	56	oxygen-deprived	4.02025753786627e-14
20.5_20.5_2_1_0.5_0.3_0.2_0.1	4N	14	0.1	SUM-159_NLS_4N_O1_A6_seed	SUM-159_NLS_4N_O1_A6	24	1.42462311557789	1.00003906254427e-12	-27.6309820541472	56	oxygen-deprived	4.02025753786627e-14
20.5_20.5_2_1_0.5_0.3_0.2_0.1	4N	14	0.1	SUM-159_NLS_4N_O1_A6_seed	SUM-159_NLS_4N_O1_A6	25	1.46482412060302	1.00003906254427e-12	-27.6309820541472	56	oxygen-deprived	4.02025753786627e-14
20.5_20.5_2_1_0.5_0.3_0.2_0.1	4N	14	0.1	SUM-159_NLS_4N_O1_A6_seed	SUM-159_NLS_4N_O1_A6	26	1.50502512562814	1.00003906254427e-12	-27.6309820541472	56	oxygen-deprived	4.02025753786627e-14
20.5_20.5_2_1_0.5_0.3_0.2_0.1	4N	14	0.1	SUM-159_NLS_4N_O1_A6_seed	SUM-159_NLS_4N_O1_A6	27	1.54522613065327	1.00003906254427e-12	-27.6309820541472	56	oxygen-deprived	4.02025753786627e-14
20.5_20.5_2_1_0.5_0.3_0.2_0.1	4N	14	0.1	SUM-159_NLS_4N_O1_A6_seed	SUM-159_NLS_4N_O1_A6	28	1.58542713567839	1.00003906254427e-12	-27.6309820541472	56	oxygen-deprived	4.02025753786627e-14
20.5_20.5_2_1_0.5_0.3_0.2_0.1	4N	14	0.1	SUM-159_NLS_4N_O1_A6_seed	SUM-159_NLS_4N_O1_A6	29	1.62562814070352	1.00003906254427e-12	-27.6309820541472	56	oxygen-deprived	4.02025753786627e-14
20.5_20.5_2_1_0.5_0.3_0.2_0.1	4N	14	0.1	SUM-159_NLS_4N_O1_A6_seed	SUM-159_NLS_4N_O1_A6	30	1.66582914572864	1.00003906254427e-12	-27.6309820541472	56	oxygen-deprived	4.02025753786627e-14
20.5_20.5_2_1_0.5_0.3_0.2_0.1	4N	14	0.1	SUM-159_NLS_4N_O1_A6_seed	SUM-159_NLS_4N_O1_A6	31	1.70603015075377	1.00003906254427e-12	-27.6309820541472	56	oxygen-deprived	4.02025753786627e-14
20.5_20.5_2_1_0.5_0.3_0.2_0.1	4N	14	0.1	SUM-159_NLS_4N_O1_A6_seed	SUM-159_NLS_4N_O1_A6	32	1.74623115577889	1.00003906254427e-12	-27.6309820541472	56	oxygen-deprived	4.02025753786627e-14
20.5_20.5_2_1_0.5_0.3_0.2_0.1	4N	14	0.1	SUM-159_NLS_4N_O1_A6_seed	SUM-159_NLS_4N_O1_A6	33	1.78643216080402	1.00003906254427e-12	-27.6309820541472	56	oxygen-deprived	4.02025753786627e-14
20.5_20.5_2_1_0.5_0.3_0.2_0.1	4N	14	0.1	SUM-159_NLS_4N_O1_A6_seed	SUM-159_NLS_4N_O1_A6	34	1.82663316582915	1.00003906254427e-12	-27.6309820541472	56	oxygen-deprived	4.02025753786627e-14
20.5_20.5_2_1_0.5_0.3_0.2_0.1	4N	14	0.1	SUM-159_NLS_4N_O1_A6_seed	SUM-159_NLS_4N_O1_A6	35	1.86683417085427	1.00003906254427e-12	-27.6309820541472	56	oxygen-deprived	4.02025753786627e-14
20.5_20.5_2_1_0.5_0.3_0.2_0.1	4N	14	0.1	SUM-159_NLS_4N_O1_A6_seed	SUM-159_NLS_4N_O1_A6	36	1.9070351758794	1.00003906254427e-12	-27.6309820541472	56	oxygen-deprived	4.02025753786627e-14
20.5_20.5_2_1_0.5_0.3_0.2_0.1	4N	14	0.1	SUM-159_NLS_4N_O1_A6_seed	SUM-159_NLS_4N_O1_A6	37	1.94723618090452	1.00003906254427e-12	-27.6309820541472	56	oxygen-deprived	4.02025753786627e-14
20.5_20.5_2_1_0.5_0.3_0.2_0.1	4N	14	0.1	SUM-159_NLS_4N_O1_A6_seed	SUM-159_NLS_4N_O1_A6	38	1.98743718592965	3.59956432387924e-10	-21.7450381129467	56	oxygen-deprived	1.44706103472527e-11
20.5_20.5_2_1_0.5_0.3_0.2_0.1	4N	14	0.1	SUM-159_NLS_4N_O1_A6_seed	SUM-159_NLS_4N_O1_A6	39	2.02763819095477	1.04370391677695e-06	-13.772734713347	56	oxygen-deprived	4.1957946403092e-08
20.5_20.5_2_1_0.5_0.3_0.2_0.1	4N	14	0.1	SUM-159_NLS_4N_O1_A6_seed	SUM-159_NLS_4N_O1_A6	40	2.0678391959799	2.55281142988976e-05	-10.575730191605	56	oxygen-deprived	1.02625585121193e-06
20.5_20.5_2_1_0.5_0.3_0.2_0.1	4N	14	0.1	SUM-159_NLS_4N_O1_A6_seed	SUM-159_NLS_4N_O1_A6	41	2.10804020100502	1.53205387633131e-05	-11.0863162269521	56	oxygen-deprived	6.1590105581156e-07
20.5_20.5_2_1_0.5_0.3_0.2_0.1	4N	14	0.1	SUM-159_NLS_4N_O1_A6_seed	SUM-159_NLS_4N_O1_A6	42	2.14824120603015	1.07142803622899e-07	-16.0491032789911	56	oxygen-deprived	4.30724838685006e-09
20.5_20.5_2_1_0.5_0.3_0.2_0.1	4N	14	0.1	SUM-159_NLS_4N_O1_A6_seed	SUM-159_NLS_4N_O1_A6	43	2.18844221105528	1.26098046391277e-11	-25.0965464586072	56	oxygen-deprived	5.06926819663407e-13
20.5_20.5_2_1_0.5_0.3_0.2_0.1	4N	14	0.1	SUM-159_NLS_4N_O1_A6_seed	SUM-159_NLS_4N_O1_A6	44	2.2286432160804	1.00003906254427e-12	-27.6309820541472	56	oxygen-deprived	4.02025753786627e-14
20.5_20.5_2_1_0.5_0.3_0.2_0.1	4N	14	0.1	SUM-159_NLS_4N_O1_A6_seed	SUM-159_NLS_4N_O1_A6	45	2.26884422110553	3.92254060674769e-08	-17.0539411861189	56	oxygen-deprived	1.57690074643118e-09
20.5_20.5_2_1_0.5_0.3_0.2_0.1	4N	14	0.1	SUM-159_NLS_4N_O1_A6_seed	SUM-159_NLS_4N_O1_A6	46	2.30904522613065	9.74187964867185e-06	-11.5390764765187	56	oxygen-deprived	3.91633352710412e-07
20.5_20.5_2_1_0.5_0.3_0.2_0.1	4N	14	0.1	SUM-159_NLS_4N_O1_A6_seed	SUM-159_NLS_4N_O1_A6	47	2.34924623115578	6.22661761582646e-05	-9.6840921984126	56	oxygen-deprived	2.50316286063366e-06
20.5_20.5_2_1_0.5_0.3_0.2_0.1	4N	14	0.1	SUM-159_NLS_4N_O1_A6_seed	SUM-159_NLS_4N_O1_A6	48	2.3894472361809	2.92071082392698e-05	-10.4410984454633	56	oxygen-deprived	1.17415510509623e-06
20.5_20.5_2_1_0.5_0.3_0.2_0.1	4N	14	0.1	SUM-159_NLS_4N_O1_A6_seed	SUM-159_NLS_4N_O1_A6	49	2.42964824120603	2.55933713673719e-05	-10.5731771709692	56	oxygen-deprived	1.02887925094959e-06
20.5_20.5_2_1_0.5_0.3_0.2_0.1	4N	14	0.1	SUM-159_NLS_4N_O1_A6_seed	SUM-159_NLS_4N_O1_A6	50	2.46984924623116	3.62383571465741e-05	-10.2253924104171	56	oxygen-deprived	1.45681837775167e-06
20.5_20.5_2_1_0.5_0.3_0.2_0.1	4N	14	0.1	SUM-159_NLS_4N_O1_A6_seed	SUM-159_NLS_4N_O1_A6	51	2.51005025125628	0.00012113839761631	-9.01857688403478	56	oxygen-deprived	4.86988533130877e-06
20.5_20.5_2_1_0.5_0.3_0.2_0.1	4N	14	0.1	SUM-159_NLS_4N_O1_A6_seed	SUM-159_NLS_4N_O1_A6	52	2.55025125628141	0.00041292883156138	-7.79223530052678	56	oxygen-deprived	1.66001540326177e-05
20.5_20.5_2_1_0.5_0.3_0.2_0.1	4N	14	0.1	SUM-159_NLS_4N_O1_A6_seed	SUM-159_NLS_4N_O1_A6	53	2.59045226130653	0.000646753109599265	-7.34354592887063	56	oxygen-deprived	2.60001250090148e-05
20.5_20.5_2_1_0.5_0.3_0.2_0.1	4N	14	0.1	SUM-159_NLS_4N_O1_A6_seed	SUM-159_NLS_4N_O1_A6	54	2.63065326633166	0.000940061427614484	-6.9695653363093	56	oxygen-deprived	3.77914141754553e-05
20.5_20.5_2_1_0.5_0.3_0.2_0.1	4N	14	0.1	SUM-159_NLS_4N_O1_A6_seed	SUM-159_NLS_4N_O1_A6	55	2.67085427135678	0.00146239782941736	-6.52767784152605	56	oxygen-deprived	5.8789862489138e-05
20.5_20.5_2_1_0.5_0.3_0.2_0.1	4N	14	0.1	SUM-159_NLS_4N_O1_A6_seed	SUM-159_NLS_4N_O1_A6	56	2.71105527638191	0.00309111438118364	-5.77922361192812	56	oxygen-deprived	0.000124265904771197
20.5_20.5_2_1_0.5_0.3_0.2_0.1	4N	14	0.1	SUM-159_NLS_4N_O1_A6_seed	SUM-159_NLS_4N_O1_A6	57	2.75125628140704	0.00467399658176998	-5.36574077419437	56	oxygen-deprived	0.000187899360071148
20.5_20.5_2_1_0.5_0.3_0.2_0.1	4N	14	0.1	SUM-159_NLS_4N_O1_A6_seed	SUM-159_NLS_4N_O1_A6	58	2.79145728643216	0.00854511644007892	-4.76239533581592	56	oxygen-deprived	0.000343522268947884
20.5_20.5_2_1_0.5_0.3_0.2_0.1	4N	14	0.1	SUM-159_NLS_4N_O1_A6_seed	SUM-159_NLS_4N_O1_A6	59	2.83165829145729	0.0131512664451902	-4.33123721737662	56	oxygen-deprived	0.000528694128449839
20.5_20.5_2_1_0.5_0.3_0.2_0.1	4N	14	0.1	SUM-159_NLS_4N_O1_A6_seed	SUM-159_NLS_4N_O1_A6	60	2.87185929648241	0.020940844181186	-3.86605376006457	56	oxygen-deprived	0.000841842982158202
20.5_20.5_2_1_0.5_0.3_0.2_0.1	4N	14	0.1	SUM-159_NLS_4N_O1_A6_seed	SUM-159_NLS_4N_O1_A6	61	2.91206030150754	0.0311182545989667	-3.46996066739629	56	oxygen-deprived	0.00125098510950616
20.5_20.5_2_1_0.5_0.3_0.2_0.1	4N	14	0.1	SUM-159_NLS_4N_O1_A6_seed	SUM-159_NLS_4N_O1_A6	62	2.95226130653266	0.0456557439432949	-3.08662585415458	56	oxygen-deprived	0.00183540679169018
20.5_20.5_2_1_0.5_0.3_0.2_0.1	4N	14	0.1	SUM-159_NLS_4N_O1_A6_seed	SUM-159_NLS_4N_O1_A6	63	2.99246231155779	0.0663080692913649	-2.71344368042753	56	oxygen-deprived	0.00266565102678844
20.5_20.5_2_1_0.5_0.3_0.2_0.1	4N	14	0.1	SUM-159_NLS_4N_O1_A6_seed	SUM-159_NLS_4N_O1_A6	64	3.03266331658291	0.0919604533672213	-2.38639664905123	56	oxygen-deprived	0.00369690264792836
20.5_20.5_2_1_0.5_0.3_0.2_0.1	4N	14	0.1	SUM-159_NLS_4N_O1_A6_seed	SUM-159_NLS_4N_O1_A6	65	3.07286432160804	0.127686129038751	-2.0581801433097	56	oxygen-deprived	0.00513311071512549
20.5_20.5_2_1_0.5_0.3_0.2_0.1	4N	14	0.1	SUM-159_NLS_4N_O1_A6_seed	SUM-159_NLS_4N_O1_A6	66	3.11306532663317	0.175636901671463	-1.7393364736659	56	oxygen-deprived	0.00706077996669173
20.5_20.5_2_1_0.5_0.3_0.2_0.1	4N	14	0.1	SUM-159_NLS_4N_O1_A6_seed	SUM-159_NLS_4N_O1_A6	67	3.15326633165829	0.235191464135739	-1.44735535555612	56	oxygen-deprived	0.00945493323158716
20.5_20.5_2_1_0.5_0.3_0.2_0.1	4N	14	0.1	SUM-159_NLS_4N_O1_A6_seed	SUM-159_NLS_4N_O1_A6	68	3.19346733668342	0.306034541784349	-1.18405730175221	56	oxygen-deprived	0.0123028961521342
20.5_20.5_2_1_0.5_0.3_0.2_0.1	4N	14	0.1	SUM-159_NLS_4N_O1_A6_seed	SUM-159_NLS_4N_O1_A6	69	3.23366834170854	0.387126107030785	-0.949004781071845	56	oxygen-deprived	0.0155628585741014
20.5_20.5_2_1_0.5_0.3_0.2_0.1	4N	14	0.1	SUM-159_NLS_4N_O1_A6_seed	SUM-159_NLS_4N_O1_A6	70	3.27386934673367	0.484477515126729	-0.724684257135384	56	oxygen-deprived	0.0194764830201693
20.5_20.5_2_1_0.5_0.3_0.2_0.1	4N	14	0.1	SUM-159_NLS_4N_O1_A6_seed	SUM-159_NLS_4N_O1_A6	71	3.31407035175879	0.594199735687443	-0.520539760774592	56	oxygen-deprived	0.0238874265602984
20.5_20.5_2_1_0.5_0.3_0.2_0.1	4N	14	0.1	SUM-159_NLS_4N_O1_A6_seed	SUM-159_NLS_4N_O1_A6	72	3.35427135678392	0.71148948429388	-0.340394641190571	56	oxygen-deprived	0.0286025923334213
20.5_20.5_2_1_0.5_0.3_0.2_0.1	4N	14	0.1	SUM-159_NLS_4N_O1_A6_seed	SUM-159_NLS_4N_O1_A6	73	3.39447236180905	0.827859488529345	-0.188911838841311	56	oxygen-deprived	0.033280783458465
20.5_20.5_2_1_0.5_0.3_0.2_0.1	4N	14	0.1	SUM-159_NLS_4N_O1_A6_seed	SUM-159_NLS_4N_O1_A6	74	3.43467336683417	0.941912632440586	-0.0598427555853904	56	oxygen-deprived	0.037865834469972
20.5_20.5_2_1_0.5_0.3_0.2_0.1	4N	14	0.1	SUM-159_NLS_4N_O1_A6_seed	SUM-159_NLS_4N_O1_A6	75	3.4748743718593	1.06717084799145	0.0650110794562821	56	oxygen-deprived	0.0429013406227703
20.5_20.5_2_1_0.5_0.3_0.2_0.1	4N	14	0.1	SUM-159_NLS_4N_O1_A6_seed	SUM-159_NLS_4N_O1_A6	76	3.51507537688442	1.17306269490305	0.159618016583225	56	oxygen-deprived	0.0471582992925833
20.5_20.5_2_1_0.5_0.3_0.2_0.1	4N	14	0.1	SUM-159_NLS_4N_O1_A6_seed	SUM-159_NLS_4N_O1_A6	77	3.55527638190955	1.26819830082801	0.237597232453228	56	oxygen-deprived	0.0509828462644408
20.5_20.5_2_1_0.5_0.3_0.2_0.1	4N	14	0.1	SUM-159_NLS_4N_O1_A6_seed	SUM-159_NLS_4N_O1_A6	78	3.59547738693467	1.33257089679847	0.287110081494989	56	oxygen-deprived	0.0535706893185296
20.5_20.5_2_1_0.5_0.3_0.2_0.1	4N	14	0.1	SUM-159_NLS_4N_O1_A6_seed	SUM-159_NLS_4N_O1_A6	79	3.6356783919598	1.38391764186477	0.324918348101701	56	oxygen-deprived	0.0556348800749637
20.5_20.5_2_1_0.5_0.3_0.2_0.1	4N	14	0.1	SUM-159_NLS_4N_O1_A6_seed	SUM-159_NLS_4N_O1_A6	80	3.67587939698492	1.40499152788841	0.340031272794868	56	oxygen-deprived	0.0564820714728989
20.5_20.5_2_1_0.5_0.3_0.2_0.1	4N	14	0.1	SUM-159_NLS_4N_O1_A6_seed	SUM-159_NLS_4N_O1_A6	81	3.71608040201005	1.38480352373736	0.325558269458773	56	oxygen-deprived	0.0556704934165753
20.5_20.5_2_1_0.5_0.3_0.2_0.1	4N	14	0.1	SUM-159_NLS_4N_O1_A6_seed	SUM-159_NLS_4N_O1_A6	82	3.75628140703518	1.349406097687	0.299664568014527	56	oxygen-deprived	0.0542474813140483
20.5_20.5_2_1_0.5_0.3_0.2_0.1	4N	14	0.1	SUM-159_NLS_4N_O1_A6_seed	SUM-159_NLS_4N_O1_A6	83	3.7964824120603	1.28233603725124	0.248683443691906	56	oxygen-deprived	0.051551197477435
20.5_20.5_2_1_0.5_0.3_0.2_0.1	4N	14	0.1	SUM-159_NLS_4N_O1_A6_seed	SUM-159_NLS_4N_O1_A6	84	3.83668341708543	1.20547809523047	0.18687624778173	56	oxygen-deprived	0.0484614309640373
20.5_20.5_2_1_0.5_0.3_0.2_0.1	4N	14	0.1	SUM-159_NLS_4N_O1_A6_seed	SUM-159_NLS_4N_O1_A6	85	3.87688442211055	1.11647476124522	0.110176186798702	56	oxygen-deprived	0.0448834074872434
20.5_20.5_2_1_0.5_0.3_0.2_0.1	4N	14	0.1	SUM-159_NLS_4N_O1_A6_seed	SUM-159_NLS_4N_O1_A6	86	3.91708542713568	1.00308857925512	0.00308381939250737	56	oxygen-deprived	0.0403251690152798
20.5_20.5_2_1_0.5_0.3_0.2_0.1	4N	14	0.1	SUM-159_NLS_4N_O1_A6_seed	SUM-159_NLS_4N_O1_A6	87	3.9572864321608	0.882657698578417	-0.12481781086579	56	oxygen-deprived	0.0354837265760155
20.5_20.5_2_1_0.5_0.3_0.2_0.1	4N	14	0.1	SUM-159_NLS_4N_O1_A6_seed	SUM-159_NLS_4N_O1_A6	88	3.99748743718593	0.714269035747869	-0.33649558684681	56	oxygen-deprived	0.0287143330953907
20.5_20.5_2_1_0.5_0.3_0.2_0.1	4N	14	0.1	SUM-159_NLS_4N_O1_A6_seed	SUM-159_NLS_4N_O1_A6	89	4.03768844221106	0.572695694536526	-0.557400777444484	56	oxygen-deprived	0.0230229424939299
20.5_20.5_2_1_0.5_0.3_0.2_0.1	4N	14	0.1	SUM-159_NLS_4N_O1_A6_seed	SUM-159_NLS_4N_O1_A6	90	4.07788944723618	0.493034149445604	-0.707176838686068	56	oxygen-deprived	0.0198204683194206
20.5_20.5_2_1_0.5_0.3_0.2_0.1	4N	14	0.1	SUM-159_NLS_4N_O1_A6_seed	SUM-159_NLS_4N_O1_A6	91	4.11809045226131	0.417776742675301	-0.872808097576392	56	oxygen-deprived	0.0167950449316698
20.5_20.5_2_1_0.5_0.3_0.2_0.1	4N	14	0.1	SUM-159_NLS_4N_O1_A6_seed	SUM-159_NLS_4N_O1_A6	92	4.15829145728643	0.350286403242132	-1.04900416414196	56	oxygen-deprived	0.0140818654569696
20.5_20.5_2_1_0.5_0.3_0.2_0.1	4N	14	0.1	SUM-159_NLS_4N_O1_A6_seed	SUM-159_NLS_4N_O1_A6	93	4.19849246231156	0.293741827151221	-1.22505403637475	56	oxygen-deprived	0.0118087166693954
20.5_20.5_2_1_0.5_0.3_0.2_0.1	4N	14	0.1	SUM-159_NLS_4N_O1_A6_seed	SUM-159_NLS_4N_O1_A6	94	4.23869346733668	0.237590404461189	-1.43720707757351	56	oxygen-deprived	0.00955137304366555
20.5_20.5_2_1_0.5_0.3_0.2_0.1	4N	14	0.1	SUM-159_NLS_4N_O1_A6_seed	SUM-159_NLS_4N_O1_A6	95	4.27889447236181	0.192409803805573	-1.64812778671829	56	oxygen-deprived	0.007735067489671
20.5_20.5_2_1_0.5_0.3_0.2_0.1	4N	14	0.1	SUM-159_NLS_4N_O1_A6_seed	SUM-159_NLS_4N_O1_A6	96	4.31909547738693	0.157377352024854	-1.84910884137678	56	oxygen-deprived	0.0063267277195919
20.5_20.5_2_1_0.5_0.3_0.2_0.1	4N	14	0.1	SUM-159_NLS_4N_O1_A6_seed	SUM-159_NLS_4N_O1_A6	97	4.35929648241206	0.124832536201894	-2.08078215027896	56	oxygen-deprived	0.00501839341515134
20.5_20.5_2_1_0.5_0.3_0.2_0.1	4N	14	0.1	SUM-159_NLS_4N_O1_A6_seed	SUM-159_NLS_4N_O1_A6	98	4.39949748743719	0.096723488209356	-2.3358990082995	56	oxygen-deprived	0.00388838143555186
20.5_20.5_2_1_0.5_0.3_0.2_0.1	4N	14	0.1	SUM-159_NLS_4N_O1_A6_seed	SUM-159_NLS_4N_O1_A6	99	4.43969849246231	0.073492984993141	-2.61056531958844	56	oxygen-deprived	0.00295449185902064
20.5_20.5_2_1_0.5_0.3_0.2_0.1	4N	14	0.1	SUM-159_NLS_4N_O1_A6_seed	SUM-159_NLS_4N_O1_A6	100	4.47989949748744	0.0554576292211098	-2.89213598725401	56	oxygen-deprived	0.00222945243099931
20.5_20.5_2_1_0.5_0.3_0.2_0.1	4N	14	0.1	SUM-159_NLS_4N_O1_A6_seed	SUM-159_NLS_4N_O1_A6	101	4.52010050251256	0.0416458291969364	-3.17855405471282	56	oxygen-deprived	0.0016742041888215
20.5_20.5_2_1_0.5_0.3_0.2_0.1	4N	14	0.1	SUM-159_NLS_4N_O1_A6_seed	SUM-159_NLS_4N_O1_A6	102	4.56030150753769	0.0324001369651022	-3.42959262887482	56	oxygen-deprived	0.00130251806894879
20.5_20.5_2_1_0.5_0.3_0.2_0.1	4N	14	0.1	SUM-159_NLS_4N_O1_A6_seed	SUM-159_NLS_4N_O1_A6	103	4.60050251256281	0.0238385159535104	-3.73645268899483	56	oxygen-deprived	0.000958332299638575
20.5_20.5_2_1_0.5_0.3_0.2_0.1	4N	14	0.1	SUM-159_NLS_4N_O1_A6_seed	SUM-159_NLS_4N_O1_A6	104	4.64070351758794	0.0168775434364609	-4.08177133142034	56	oxygen-deprived	0.000678494208500917
20.5_20.5_2_1_0.5_0.3_0.2_0.1	4N	14	0.1	SUM-159_NLS_4N_O1_A6_seed	SUM-159_NLS_4N_O1_A6	105	4.68090452261307	0.0130767872462237	-4.33691658650084	56	oxygen-deprived	0.000525699989797919
20.5_20.5_2_1_0.5_0.3_0.2_0.1	4N	14	0.1	SUM-159_NLS_4N_O1_A6_seed	SUM-159_NLS_4N_O1_A6	106	4.72110552763819	0.00924447487611243	-4.68372921660945	56	oxygen-deprived	0.00037163718094923
20.5_20.5_2_1_0.5_0.3_0.2_0.1	4N	14	0.1	SUM-159_NLS_4N_O1_A6_seed	SUM-159_NLS_4N_O1_A6	107	4.76130653266332	0.00729294957041887	-4.92084720979637	56	oxygen-deprived	0.000293183902328386
20.5_20.5_2_1_0.5_0.3_0.2_0.1	4N	14	0.1	SUM-159_NLS_4N_O1_A6_seed	SUM-159_NLS_4N_O1_A6	108	4.80150753768844	0.00448549263882196	-5.40690694807163	56	oxygen-deprived	0.000180321312113439
20.5_20.5_2_1_0.5_0.3_0.2_0.1	4N	14	0.1	SUM-159_NLS_4N_O1_A6_seed	SUM-159_NLS_4N_O1_A6	109	4.84170854271357	0.00310953729338103	-5.77328134412321	56	oxygen-deprived	0.000125006524357022
20.5_20.5_2_1_0.5_0.3_0.2_0.1	4N	14	0.1	SUM-159_NLS_4N_O1_A6_seed	SUM-159_NLS_4N_O1_A6	110	4.88190954773869	0.00244320643992287	-6.01444398764759	56	oxygen-deprived	9.82193543687551e-05
20.5_20.5_2_1_0.5_0.3_0.2_0.1	4N	14	0.1	SUM-159_NLS_4N_O1_A6_seed	SUM-159_NLS_4N_O1_A6	111	4.92211055276382	0.00173275676996692	-6.35804163010879	56	oxygen-deprived	6.96585636167582e-05
20.5_20.5_2_1_0.5_0.3_0.2_0.1	4N	14	0.1	SUM-159_NLS_4N_O1_A6_seed	SUM-159_NLS_4N_O1_A6	112	4.96231155778894	0.00106899047122144	-6.84104056071007	56	oxygen-deprived	4.2974491305383e-05
20.5_20.5_2_1_0.5_0.3_0.2_0.1	4N	14	0.1	SUM-159_NLS_4N_O1_A6_seed	SUM-159_NLS_4N_O1_A6	113	5.00251256281407	0.000766094673405343	-7.17420480133691	56	oxygen-deprived	3.07977758152891e-05
20.5_20.5_2_1_0.5_0.3_0.2_0.1	4N	14	0.1	SUM-159_NLS_4N_O1_A6_seed	SUM-159_NLS_4N_O1_A6	114	5.0427135678392	0.000496343638709144	-7.6082420511502	56	oxygen-deprived	1.99535131139347e-05
20.5_20.5_2_1_0.5_0.3_0.2_0.1	4N	14	0.1	SUM-159_NLS_4N_O1_A6_seed	SUM-159_NLS_4N_O1_A6	115	5.08291457286432	0.00052584924942402	-7.55049598435683	56	oxygen-deprived	2.11396683185528e-05
20.5_20.5_2_1_0.5_0.3_0.2_0.1	4N	14	0.1	SUM-159_NLS_4N_O1_A6_seed	SUM-159_NLS_4N_O1_A6	116	5.12311557788945	0.000395260497082113	-7.83596552414484	56	oxygen-deprived	1.58898692294311e-05
20.5_20.5_2_1_0.5_0.3_0.2_0.1	4N	14	0.1	SUM-159_NLS_4N_O1_A6_seed	SUM-159_NLS_4N_O1_A6	117	5.16331658291457	0.000308983671046932	-8.08222212697116	56	oxygen-deprived	1.2421454112439e-05
20.5_20.5_2_1_0.5_0.3_0.2_0.1	4N	14	0.1	SUM-159_NLS_4N_O1_A6_seed	SUM-159_NLS_4N_O1_A6	118	5.2035175879397	0.000165321700482398	-8.70761728236833	56	oxygen-deprived	6.64609851185496e-06
20.5_20.5_2_1_0.5_0.3_0.2_0.1	4N	14	0.1	SUM-159_NLS_4N_O1_A6_seed	SUM-159_NLS_4N_O1_A6	119	5.24371859296482	0.000155297039724338	-8.77017088965043	56	oxygen-deprived	6.24309707434503e-06
20.5_20.5_2_1_0.5_0.3_0.2_0.1	4N	14	0.1	SUM-159_NLS_4N_O1_A6_seed	SUM-159_NLS_4N_O1_A6	120	5.28391959798995	7.60686792401662e-05	-9.48387395153295	56	oxygen-deprived	3.05803735638848e-06
20.5_20.5_2_1_0.5_0.3_0.2_0.1	4N	14	0.1	SUM-159_NLS_4N_O1_A6_seed	SUM-159_NLS_4N_O1_A6	121	5.32412060301508	6.50577301119764e-05	-9.64023552667655	56	oxygen-deprived	2.61538613515474e-06
20.5_20.5_2_1_0.5_0.3_0.2_0.1	4N	14	0.1	SUM-159_NLS_4N_O1_A6_seed	SUM-159_NLS_4N_O1_A6	122	5.3643216080402	1.7255759708543e-05	-10.9673645740704	56	oxygen-deprived	6.93698882755473e-07
20.5_20.5_2_1_0.5_0.3_0.2_0.1	4N	14	0.1	SUM-159_NLS_4N_O1_A6_seed	SUM-159_NLS_4N_O1_A6	123	5.40452261306533	4.07636517758867e-05	-10.1077197614765	56	oxygen-deprived	1.63873976988483e-06
20.5_20.5_2_1_0.5_0.3_0.2_0.1	4N	14	0.1	SUM-159_NLS_4N_O1_A6_seed	SUM-159_NLS_4N_O1_A6	124	5.44472361809045	3.77875233891244e-05	-10.1835315788943	56	oxygen-deprived	1.51909641765319e-06
20.5_20.5_2_1_0.5_0.3_0.2_0.1	4N	14	0.1	SUM-159_NLS_4N_O1_A6_seed	SUM-159_NLS_4N_O1_A6	125	5.48492462311558	1.67606573406474e-05	-10.9964762428771	56	oxygen-deprived	6.73795269975751e-07
20.5_20.5_2_1_0.5_0.3_0.2_0.1	4N	14	0.1	SUM-159_NLS_4N_O1_A6_seed	SUM-159_NLS_4N_O1_A6	126	5.5251256281407	2.43283570802978e-05	-10.6238679299471	56	oxygen-deprived	9.78024405238068e-07
20.5_20.5_2_1_0.5_0.3_0.2_0.1	4N	14	0.1	SUM-159_NLS_4N_O1_A6_seed	SUM-159_NLS_4N_O1_A6	127	5.56532663316583	6.26415485571209e-07	-14.2832519710377	56	oxygen-deprived	2.51825320832638e-08
20.5_20.5_2_1_0.5_0.3_0.2_0.1	4N	14	0.1	SUM-159_NLS_4N_O1_A6_seed	SUM-159_NLS_4N_O1_A6	128	5.60552763819095	2.5869540409021e-10	-22.0753697922975	56	oxygen-deprived	1.03998152398071e-11
20.5_20.5_2_1_0.5_0.3_0.2_0.1	4N	14	0.1	SUM-159_NLS_4N_O1_A6_seed	SUM-159_NLS_4N_O1_A6	129	5.64572864321608	1.00003906254427e-12	-27.6309820541472	56	oxygen-deprived	4.02025753786627e-14
20.5_20.5_2_1_0.5_0.3_0.2_0.1	4N	14	0.1	SUM-159_NLS_4N_O1_A6_seed	SUM-159_NLS_4N_O1_A6	130	5.68592964824121	1.00003906254427e-12	-27.6309820541472	56	oxygen-deprived	4.02025753786627e-14
20.5_20.5_2_1_0.5_0.3_0.2_0.1	4N	14	0.1	SUM-159_NLS_4N_O1_A6_seed	SUM-159_NLS_4N_O1_A6	131	5.72613065326633	1.00003906254427e-12	-27.6309820541472	56	oxygen-deprived	4.02025753786627e-14
20.5_20.5_2_1_0.5_0.3_0.2_0.1	4N	14	0.1	SUM-159_NLS_4N_O1_A6_seed	SUM-159_NLS_4N_O1_A6	132	5.76633165829146	1.00003906254427e-12	-27.6309820541472	56	oxygen-deprived	4.02025753786627e-14
20.5_20.5_2_1_0.5_0.3_0.2_0.1	4N	14	0.1	SUM-159_NLS_4N_O1_A6_seed	SUM-159_NLS_4N_O1_A6	133	5.80653266331658	1.00003906254427e-12	-27.6309820541472	56	oxygen-deprived	4.02025753786627e-14
20.5_20.5_2_1_0.5_0.3_0.2_0.1	4N	14	0.1	SUM-159_NLS_4N_O1_A6_seed	SUM-159_NLS_4N_O1_A6	134	5.84673366834171	1.00003906254427e-12	-27.6309820541472	56	oxygen-deprived	4.02025753786627e-14
20.5_20.5_2_1_0.5_0.3_0.2_0.1	4N	14	0.1	SUM-159_NLS_4N_O1_A6_seed	SUM-159_NLS_4N_O1_A6	135	5.88693467336683	1.00003906254427e-12	-27.6309820541472	56	oxygen-deprived	4.02025753786627e-14
20.5_20.5_2_1_0.5_0.3_0.2_0.1	4N	14	0.1	SUM-159_NLS_4N_O1_A6_seed	SUM-159_NLS_4N_O1_A6	136	5.92713567839196	1.00003906254427e-12	-27.6309820541472	56	oxygen-deprived	4.02025753786627e-14
20.5_20.5_2_1_0.5_0.3_0.2_0.1	4N	14	0.1	SUM-159_NLS_4N_O1_A6_seed	SUM-159_NLS_4N_O1_A6	137	5.96733668341709	1.00003906254427e-12	-27.6309820541472	56	oxygen-deprived	4.02025753786627e-14
20.5_20.5_2_1_0.5_0.3_0.2_0.1	4N	14	0.1	SUM-159_NLS_4N_O1_A6_seed	SUM-159_NLS_4N_O1_A6	138	6.00753768844221	1.00003906254427e-12	-27.6309820541472	56	oxygen-deprived	4.02025753786627e-14
20.5_20.5_2_1_0.5_0.3_0.2_0.1	4N	14	0.1	SUM-159_NLS_4N_O1_A6_seed	SUM-159_NLS_4N_O1_A6	139	6.04773869346734	1.00003906254427e-12	-27.6309820541472	56	oxygen-deprived	4.02025753786627e-14
20.5_20.5_2_1_0.5_0.3_0.2_0.1	4N	14	0.1	SUM-159_NLS_4N_O1_A6_seed	SUM-159_NLS_4N_O1_A6	140	6.08793969849246	1.00003906254427e-12	-27.6309820541472	56	oxygen-deprived	4.02025753786627e-14
20.5_20.5_2_1_0.5_0.3_0.2_0.1	4N	14	0.1	SUM-159_NLS_4N_O1_A6_seed	SUM-159_NLS_4N_O1_A6	141	6.12814070351759	1.00003906254427e-12	-27.6309820541472	56	oxygen-deprived	4.02025753786627e-14
20.5_20.5_2_1_0.5_0.3_0.2_0.1	4N	14	0.1	SUM-159_NLS_4N_O1_A6_seed	SUM-159_NLS_4N_O1_A6	142	6.16834170854271	1.00003906254427e-12	-27.6309820541472	56	oxygen-deprived	4.02025753786627e-14
20.5_20.5_2_1_0.5_0.3_0.2_0.1	4N	14	0.1	SUM-159_NLS_4N_O1_A6_seed	SUM-159_NLS_4N_O1_A6	143	6.20854271356784	1.00003906254427e-12	-27.6309820541472	56	oxygen-deprived	4.02025753786627e-14
20.5_20.5_2_1_0.5_0.3_0.2_0.1	4N	14	0.1	SUM-159_NLS_4N_O1_A6_seed	SUM-159_NLS_4N_O1_A6	144	6.24874371859296	1.00003906254427e-12	-27.6309820541472	56	oxygen-deprived	4.02025753786627e-14
20.5_20.5_2_1_0.5_0.3_0.2_0.1	4N	14	0.1	SUM-159_NLS_4N_O1_A6_seed	SUM-159_NLS_4N_O1_A6	145	6.28894472361809	1.00003906254427e-12	-27.6309820541472	56	oxygen-deprived	4.02025753786627e-14
20.5_20.5_2_1_0.5_0.3_0.2_0.1	4N	14	0.1	SUM-159_NLS_4N_O1_A6_seed	SUM-159_NLS_4N_O1_A6	146	6.32914572864322	1.00003906254427e-12	-27.6309820541472	56	oxygen-deprived	4.02025753786627e-14
20.5_20.5_2_1_0.5_0.3_0.2_0.1	4N	14	0.1	SUM-159_NLS_4N_O1_A6_seed	SUM-159_NLS_4N_O1_A6	147	6.36934673366834	1.00003906254427e-12	-27.6309820541472	56	oxygen-deprived	4.02025753786627e-14
20.5_20.5_2_1_0.5_0.3_0.2_0.1	4N	14	0.1	SUM-159_NLS_4N_O1_A6_seed	SUM-159_NLS_4N_O1_A6	148	6.40954773869347	1.00003906254427e-12	-27.6309820541472	56	oxygen-deprived	4.02025753786627e-14
20.5_20.5_2_1_0.5_0.3_0.2_0.1	4N	14	0.1	SUM-159_NLS_4N_O1_A6_seed	SUM-159_NLS_4N_O1_A6	149	6.44974874371859	1.00003906254427e-12	-27.6309820541472	56	oxygen-deprived	4.02025753786627e-14
20.5_20.5_2_1_0.5_0.3_0.2_0.1	4N	14	0.1	SUM-159_NLS_4N_O1_A6_seed	SUM-159_NLS_4N_O1_A6	150	6.48994974874372	1.00003906254427e-12	-27.6309820541472	56	oxygen-deprived	4.02025753786627e-14
20.5_20.5_2_1_0.5_0.3_0.2_0.1	4N	14	0.1	SUM-159_NLS_4N_O1_A6_seed	SUM-159_NLS_4N_O1_A6	151	6.53015075376884	1.00003906254427e-12	-27.6309820541472	56	oxygen-deprived	4.02025753786627e-14
20.5_20.5_2_1_0.5_0.3_0.2_0.1	4N	14	0.1	SUM-159_NLS_4N_O1_A6_seed	SUM-159_NLS_4N_O1_A6	152	6.57035175879397	1.00003906254427e-12	-27.6309820541472	56	oxygen-deprived	4.02025753786627e-14
20.5_20.5_2_1_0.5_0.3_0.2_0.1	4N	14	0.1	SUM-159_NLS_4N_O1_A6_seed	SUM-159_NLS_4N_O1_A6	153	6.6105527638191	1.00003906254427e-12	-27.6309820541472	56	oxygen-deprived	4.02025753786627e-14
20.5_20.5_2_1_0.5_0.3_0.2_0.1	4N	14	0.1	SUM-159_NLS_4N_O1_A6_seed	SUM-159_NLS_4N_O1_A6	154	6.65075376884422	1.00003906254427e-12	-27.6309820541472	56	oxygen-deprived	4.02025753786627e-14
20.5_20.5_2_1_0.5_0.3_0.2_0.1	4N	14	0.1	SUM-159_NLS_4N_O1_A6_seed	SUM-159_NLS_4N_O1_A6	155	6.69095477386935	1.00003906254427e-12	-27.6309820541472	56	oxygen-deprived	4.02025753786627e-14
20.5_20.5_2_1_0.5_0.3_0.2_0.1	4N	14	0.1	SUM-159_NLS_4N_O1_A6_seed	SUM-159_NLS_4N_O1_A6	156	6.73115577889447	1.00003906254427e-12	-27.6309820541472	56	oxygen-deprived	4.02025753786627e-14
20.5_20.5_2_1_0.5_0.3_0.2_0.1	4N	14	0.1	SUM-159_NLS_4N_O1_A6_seed	SUM-159_NLS_4N_O1_A6	157	6.7713567839196	1.00003906254427e-12	-27.6309820541472	56	oxygen-deprived	4.02025753786627e-14
20.5_20.5_2_1_0.5_0.3_0.2_0.1	4N	14	0.1	SUM-159_NLS_4N_O1_A6_seed	SUM-159_NLS_4N_O1_A6	158	6.81155778894472	1.00003906254427e-12	-27.6309820541472	56	oxygen-deprived	4.02025753786627e-14
20.5_20.5_2_1_0.5_0.3_0.2_0.1	4N	14	0.1	SUM-159_NLS_4N_O1_A6_seed	SUM-159_NLS_4N_O1_A6	159	6.85175879396985	1.00003906254427e-12	-27.6309820541472	56	oxygen-deprived	4.02025753786627e-14
20.5_20.5_2_1_0.5_0.3_0.2_0.1	4N	14	0.1	SUM-159_NLS_4N_O1_A6_seed	SUM-159_NLS_4N_O1_A6	160	6.89195979899498	1.00003906254427e-12	-27.6309820541472	56	oxygen-deprived	4.02025753786627e-14
20.5_20.5_2_1_0.5_0.3_0.2_0.1	4N	14	0.1	SUM-159_NLS_4N_O1_A6_seed	SUM-159_NLS_4N_O1_A6	161	6.9321608040201	1.00003906254427e-12	-27.6309820541472	56	oxygen-deprived	4.02025753786627e-14
20.5_20.5_2_1_0.5_0.3_0.2_0.1	4N	14	0.1	SUM-159_NLS_4N_O1_A6_seed	SUM-159_NLS_4N_O1_A6	162	6.97236180904523	1.00003906254427e-12	-27.6309820541472	56	oxygen-deprived	4.02025753786627e-14
20.5_20.5_2_1_0.5_0.3_0.2_0.1	4N	14	0.1	SUM-159_NLS_4N_O1_A6_seed	SUM-159_NLS_4N_O1_A6	163	7.01256281407035	1.00003906254427e-12	-27.6309820541472	56	oxygen-deprived	4.02025753786627e-14
20.5_20.5_2_1_0.5_0.3_0.2_0.1	4N	14	0.1	SUM-159_NLS_4N_O1_A6_seed	SUM-159_NLS_4N_O1_A6	164	7.05276381909548	1.00003906254427e-12	-27.6309820541472	56	oxygen-deprived	4.02025753786627e-14
20.5_20.5_2_1_0.5_0.3_0.2_0.1	4N	14	0.1	SUM-159_NLS_4N_O1_A6_seed	SUM-159_NLS_4N_O1_A6	165	7.0929648241206	1.00003906254427e-12	-27.6309820541472	56	oxygen-deprived	4.02025753786627e-14
20.5_20.5_2_1_0.5_0.3_0.2_0.1	4N	14	0.1	SUM-159_NLS_4N_O1_A6_seed	SUM-159_NLS_4N_O1_A6	166	7.13316582914573	1.00003906254427e-12	-27.6309820541472	56	oxygen-deprived	4.02025753786627e-14
20.5_20.5_2_1_0.5_0.3_0.2_0.1	4N	14	0.1	SUM-159_NLS_4N_O1_A6_seed	SUM-159_NLS_4N_O1_A6	167	7.17336683417085	1.00003906254427e-12	-27.6309820541472	56	oxygen-deprived	4.02025753786627e-14
20.5_20.5_2_1_0.5_0.3_0.2_0.1	4N	14	0.1	SUM-159_NLS_4N_O1_A6_seed	SUM-159_NLS_4N_O1_A6	168	7.21356783919598	1.00003906254427e-12	-27.6309820541472	56	oxygen-deprived	4.02025753786627e-14
20.5_20.5_2_1_0.5_0.3_0.2_0.1	4N	14	0.1	SUM-159_NLS_4N_O1_A6_seed	SUM-159_NLS_4N_O1_A6	169	7.25376884422111	1.00003906254427e-12	-27.6309820541472	56	oxygen-deprived	4.02025753786627e-14
20.5_20.5_2_1_0.5_0.3_0.2_0.1	4N	14	0.1	SUM-159_NLS_4N_O1_A6_seed	SUM-159_NLS_4N_O1_A6	170	7.29396984924623	1.00003906254427e-12	-27.6309820541472	56	oxygen-deprived	4.02025753786627e-14
20.5_20.5_2_1_0.5_0.3_0.2_0.1	4N	14	0.1	SUM-159_NLS_4N_O1_A6_seed	SUM-159_NLS_4N_O1_A6	171	7.33417085427136	1.00003906254427e-12	-27.6309820541472	56	oxygen-deprived	4.02025753786627e-14
20.5_20.5_2_1_0.5_0.3_0.2_0.1	4N	14	0.1	SUM-159_NLS_4N_O1_A6_seed	SUM-159_NLS_4N_O1_A6	172	7.37437185929648	1.00003906254427e-12	-27.6309820541472	56	oxygen-deprived	4.02025753786627e-14
20.5_20.5_2_1_0.5_0.3_0.2_0.1	4N	14	0.1	SUM-159_NLS_4N_O1_A6_seed	SUM-159_NLS_4N_O1_A6	173	7.41457286432161	1.00003906254427e-12	-27.6309820541472	56	oxygen-deprived	4.02025753786627e-14
20.5_20.5_2_1_0.5_0.3_0.2_0.1	4N	14	0.1	SUM-159_NLS_4N_O1_A6_seed	SUM-159_NLS_4N_O1_A6	174	7.45477386934673	1.00003906254427e-12	-27.6309820541472	56	oxygen-deprived	4.02025753786627e-14
20.5_20.5_2_1_0.5_0.3_0.2_0.1	4N	14	0.1	SUM-159_NLS_4N_O1_A6_seed	SUM-159_NLS_4N_O1_A6	175	7.49497487437186	1.00003906254427e-12	-27.6309820541472	56	oxygen-deprived	4.02025753786627e-14
20.5_20.5_2_1_0.5_0.3_0.2_0.1	4N	14	0.1	SUM-159_NLS_4N_O1_A6_seed	SUM-159_NLS_4N_O1_A6	176	7.53517587939699	1.00003906254427e-12	-27.6309820541472	56	oxygen-deprived	4.02025753786627e-14
20.5_20.5_2_1_0.5_0.3_0.2_0.1	4N	14	0.1	SUM-159_NLS_4N_O1_A6_seed	SUM-159_NLS_4N_O1_A6	177	7.57537688442211	1.00003906254427e-12	-27.6309820541472	56	oxygen-deprived	4.02025753786627e-14
20.5_20.5_2_1_0.5_0.3_0.2_0.1	4N	14	0.1	SUM-159_NLS_4N_O1_A6_seed	SUM-159_NLS_4N_O1_A6	178	7.61557788944724	1.00003906254427e-12	-27.6309820541472	56	oxygen-deprived	4.02025753786627e-14
20.5_20.5_2_1_0.5_0.3_0.2_0.1	4N	14	0.1	SUM-159_NLS_4N_O1_A6_seed	SUM-159_NLS_4N_O1_A6	179	7.65577889447236	1.00003906254427e-12	-27.6309820541472	56	oxygen-deprived	4.02025753786627e-14
20.5_20.5_2_1_0.5_0.3_0.2_0.1	4N	14	0.1	SUM-159_NLS_4N_O1_A6_seed	SUM-159_NLS_4N_O1_A6	180	7.69597989949749	1.00003906254427e-12	-27.6309820541472	56	oxygen-deprived	4.02025753786627e-14
20.5_20.5_2_1_0.5_0.3_0.2_0.1	4N	14	0.1	SUM-159_NLS_4N_O1_A6_seed	SUM-159_NLS_4N_O1_A6	181	7.73618090452261	1.00003906254427e-12	-27.6309820541472	56	oxygen-deprived	4.02025753786627e-14
20.5_20.5_2_1_0.5_0.3_0.2_0.1	4N	14	0.1	SUM-159_NLS_4N_O1_A6_seed	SUM-159_NLS_4N_O1_A6	182	7.77638190954774	1.00003906254427e-12	-27.6309820541472	56	oxygen-deprived	4.02025753786627e-14
20.5_20.5_2_1_0.5_0.3_0.2_0.1	4N	14	0.1	SUM-159_NLS_4N_O1_A6_seed	SUM-159_NLS_4N_O1_A6	183	7.81658291457286	1.00003906254427e-12	-27.6309820541472	56	oxygen-deprived	4.02025753786627e-14
20.5_20.5_2_1_0.5_0.3_0.2_0.1	4N	14	0.1	SUM-159_NLS_4N_O1_A6_seed	SUM-159_NLS_4N_O1_A6	184	7.85678391959799	1.00003906254427e-12	-27.6309820541472	56	oxygen-deprived	4.02025753786627e-14
20.5_20.5_2_1_0.5_0.3_0.2_0.1	4N	14	0.1	SUM-159_NLS_4N_O1_A6_seed	SUM-159_NLS_4N_O1_A6	185	7.89698492462312	1.00003906254427e-12	-27.6309820541472	56	oxygen-deprived	4.02025753786627e-14
20.5_20.5_2_1_0.5_0.3_0.2_0.1	4N	14	0.1	SUM-159_NLS_4N_O1_A6_seed	SUM-159_NLS_4N_O1_A6	186	7.93718592964824	1.00003906254427e-12	-27.6309820541472	56	oxygen-deprived	4.02025753786627e-14
20.5_20.5_2_1_0.5_0.3_0.2_0.1	4N	14	0.1	SUM-159_NLS_4N_O1_A6_seed	SUM-159_NLS_4N_O1_A6	187	7.97738693467337	1.00003906254427e-12	-27.6309820541472	56	oxygen-deprived	4.02025753786627e-14
20.5_20.5_2_1_0.5_0.3_0.2_0.1	4N	14	0.1	SUM-159_NLS_4N_O1_A6_seed	SUM-159_NLS_4N_O1_A6	188	8.01758793969849	1.00003906254427e-12	-27.6309820541472	56	oxygen-deprived	4.02025753786627e-14
20.5_20.5_2_1_0.5_0.3_0.2_0.1	4N	14	0.1	SUM-159_NLS_4N_O1_A6_seed	SUM-159_NLS_4N_O1_A6	189	8.05778894472362	1.00003906254427e-12	-27.6309820541472	56	oxygen-deprived	4.02025753786627e-14
20.5_20.5_2_1_0.5_0.3_0.2_0.1	4N	14	0.1	SUM-159_NLS_4N_O1_A6_seed	SUM-159_NLS_4N_O1_A6	190	8.09798994974874	1.00003906254427e-12	-27.6309820541472	56	oxygen-deprived	4.02025753786627e-14
20.5_20.5_2_1_0.5_0.3_0.2_0.1	4N	14	0.1	SUM-159_NLS_4N_O1_A6_seed	SUM-159_NLS_4N_O1_A6	191	8.13819095477387	1.00003906254427e-12	-27.6309820541472	56	oxygen-deprived	4.02025753786627e-14
20.5_20.5_2_1_0.5_0.3_0.2_0.1	4N	14	0.1	SUM-159_NLS_4N_O1_A6_seed	SUM-159_NLS_4N_O1_A6	192	8.178391959799	1.00003906254427e-12	-27.6309820541472	56	oxygen-deprived	4.02025753786627e-14
20.5_20.5_2_1_0.5_0.3_0.2_0.1	4N	14	0.1	SUM-159_NLS_4N_O1_A6_seed	SUM-159_NLS_4N_O1_A6	193	8.21859296482412	1.00003906254427e-12	-27.6309820541472	56	oxygen-deprived	4.02025753786627e-14
20.5_20.5_2_1_0.5_0.3_0.2_0.1	4N	14	0.1	SUM-159_NLS_4N_O1_A6_seed	SUM-159_NLS_4N_O1_A6	194	8.25879396984925	1.00003906254427e-12	-27.6309820541472	56	oxygen-deprived	4.02025753786627e-14
20.5_20.5_2_1_0.5_0.3_0.2_0.1	4N	14	0.1	SUM-159_NLS_4N_O1_A6_seed	SUM-159_NLS_4N_O1_A6	195	8.29899497487437	1.00003906254427e-12	-27.6309820541472	56	oxygen-deprived	4.02025753786627e-14
20.5_20.5_2_1_0.5_0.3_0.2_0.1	4N	14	0.1	SUM-159_NLS_4N_O1_A6_seed	SUM-159_NLS_4N_O1_A6	196	8.3391959798995	1.00003906254427e-12	-27.6309820541472	56	oxygen-deprived	4.02025753786627e-14
20.5_20.5_2_1_0.5_0.3_0.2_0.1	4N	14	0.1	SUM-159_NLS_4N_O1_A6_seed	SUM-159_NLS_4N_O1_A6	197	8.37939698492462	1.00003906254427e-12	-27.6309820541472	56	oxygen-deprived	4.02025753786627e-14
20.5_20.5_2_1_0.5_0.3_0.2_0.1	4N	14	0.1	SUM-159_NLS_4N_O1_A6_seed	SUM-159_NLS_4N_O1_A6	198	8.41959798994975	1.00003906254427e-12	-27.6309820541472	56	oxygen-deprived	4.02025753786627e-14
20.5_20.5_2_1_0.5_0.3_0.2_0.1	4N	14	0.1	SUM-159_NLS_4N_O1_A6_seed	SUM-159_NLS_4N_O1_A6	199	8.45979899497488	1.00003906254427e-12	-27.6309820541472	56	oxygen-deprived	4.02025753786627e-14
20.5_20.5_2_1_0.5_0.3_0.2_0.1	4N	14	0.1	SUM-159_NLS_4N_O1_A6_seed	SUM-159_NLS_4N_O1_A6	200	8.5	1.00003906254427e-12	-27.6309820541472	56	oxygen-deprived	4.02025753786627e-14
20.5_20.5_2_1_0.5_0.3_0.2_0.1	4N	14	0.1	SUM-159_NLS_4N_O2_A6_seed	SUM-159_NLS_4N_O2_A6	1	0.5	9.99964509560848e-13	-27.6310566069975	56	oxygen-deprived	4.01995782738015e-14
20.5_20.5_2_1_0.5_0.3_0.2_0.1	4N	14	0.1	SUM-159_NLS_4N_O2_A6_seed	SUM-159_NLS_4N_O2_A6	2	0.540201005025126	9.99964509560848e-13	-27.6310566069975	56	oxygen-deprived	4.01995782738015e-14
20.5_20.5_2_1_0.5_0.3_0.2_0.1	4N	14	0.1	SUM-159_NLS_4N_O2_A6_seed	SUM-159_NLS_4N_O2_A6	3	0.580402010050251	9.99964509560848e-13	-27.6310566069975	56	oxygen-deprived	4.01995782738015e-14
20.5_20.5_2_1_0.5_0.3_0.2_0.1	4N	14	0.1	SUM-159_NLS_4N_O2_A6_seed	SUM-159_NLS_4N_O2_A6	4	0.620603015075377	9.99964509560848e-13	-27.6310566069975	56	oxygen-deprived	4.01995782738015e-14
20.5_20.5_2_1_0.5_0.3_0.2_0.1	4N	14	0.1	SUM-159_NLS_4N_O2_A6_seed	SUM-159_NLS_4N_O2_A6	5	0.660804020100503	9.99964509560848e-13	-27.6310566069975	56	oxygen-deprived	4.01995782738015e-14
20.5_20.5_2_1_0.5_0.3_0.2_0.1	4N	14	0.1	SUM-159_NLS_4N_O2_A6_seed	SUM-159_NLS_4N_O2_A6	6	0.701005025125628	9.99964509560848e-13	-27.6310566069975	56	oxygen-deprived	4.01995782738015e-14
20.5_20.5_2_1_0.5_0.3_0.2_0.1	4N	14	0.1	SUM-159_NLS_4N_O2_A6_seed	SUM-159_NLS_4N_O2_A6	7	0.741206030150754	9.99964509560848e-13	-27.6310566069975	56	oxygen-deprived	4.01995782738015e-14
20.5_20.5_2_1_0.5_0.3_0.2_0.1	4N	14	0.1	SUM-159_NLS_4N_O2_A6_seed	SUM-159_NLS_4N_O2_A6	8	0.781407035175879	9.99964509560848e-13	-27.6310566069975	56	oxygen-deprived	4.01995782738015e-14
20.5_20.5_2_1_0.5_0.3_0.2_0.1	4N	14	0.1	SUM-159_NLS_4N_O2_A6_seed	SUM-159_NLS_4N_O2_A6	9	0.821608040201005	9.99964509560848e-13	-27.6310566069975	56	oxygen-deprived	4.01995782738015e-14
20.5_20.5_2_1_0.5_0.3_0.2_0.1	4N	14	0.1	SUM-159_NLS_4N_O2_A6_seed	SUM-159_NLS_4N_O2_A6	10	0.861809045226131	9.99964509560848e-13	-27.6310566069975	56	oxygen-deprived	4.01995782738015e-14
20.5_20.5_2_1_0.5_0.3_0.2_0.1	4N	14	0.1	SUM-159_NLS_4N_O2_A6_seed	SUM-159_NLS_4N_O2_A6	11	0.902010050251256	9.99964509560848e-13	-27.6310566069975	56	oxygen-deprived	4.01995782738015e-14
20.5_20.5_2_1_0.5_0.3_0.2_0.1	4N	14	0.1	SUM-159_NLS_4N_O2_A6_seed	SUM-159_NLS_4N_O2_A6	12	0.942211055276382	9.99964509560848e-13	-27.6310566069975	56	oxygen-deprived	4.01995782738015e-14
20.5_20.5_2_1_0.5_0.3_0.2_0.1	4N	14	0.1	SUM-159_NLS_4N_O2_A6_seed	SUM-159_NLS_4N_O2_A6	13	0.982412060301508	9.99964509560848e-13	-27.6310566069975	56	oxygen-deprived	4.01995782738015e-14
20.5_20.5_2_1_0.5_0.3_0.2_0.1	4N	14	0.1	SUM-159_NLS_4N_O2_A6_seed	SUM-159_NLS_4N_O2_A6	14	1.02261306532663	9.99964509560848e-13	-27.6310566069975	56	oxygen-deprived	4.01995782738015e-14
20.5_20.5_2_1_0.5_0.3_0.2_0.1	4N	14	0.1	SUM-159_NLS_4N_O2_A6_seed	SUM-159_NLS_4N_O2_A6	15	1.06281407035176	9.99964509560848e-13	-27.6310566069975	56	oxygen-deprived	4.01995782738015e-14
20.5_20.5_2_1_0.5_0.3_0.2_0.1	4N	14	0.1	SUM-159_NLS_4N_O2_A6_seed	SUM-159_NLS_4N_O2_A6	16	1.10301507537688	9.99964509560848e-13	-27.6310566069975	56	oxygen-deprived	4.01995782738015e-14
20.5_20.5_2_1_0.5_0.3_0.2_0.1	4N	14	0.1	SUM-159_NLS_4N_O2_A6_seed	SUM-159_NLS_4N_O2_A6	17	1.14321608040201	9.99964509560848e-13	-27.6310566069975	56	oxygen-deprived	4.01995782738015e-14
20.5_20.5_2_1_0.5_0.3_0.2_0.1	4N	14	0.1	SUM-159_NLS_4N_O2_A6_seed	SUM-159_NLS_4N_O2_A6	18	1.18341708542714	9.99964509560848e-13	-27.6310566069975	56	oxygen-deprived	4.01995782738015e-14
20.5_20.5_2_1_0.5_0.3_0.2_0.1	4N	14	0.1	SUM-159_NLS_4N_O2_A6_seed	SUM-159_NLS_4N_O2_A6	19	1.22361809045226	9.99964509560848e-13	-27.6310566069975	56	oxygen-deprived	4.01995782738015e-14
20.5_20.5_2_1_0.5_0.3_0.2_0.1	4N	14	0.1	SUM-159_NLS_4N_O2_A6_seed	SUM-159_NLS_4N_O2_A6	20	1.26381909547739	9.99964509560848e-13	-27.6310566069975	56	oxygen-deprived	4.01995782738015e-14
20.5_20.5_2_1_0.5_0.3_0.2_0.1	4N	14	0.1	SUM-159_NLS_4N_O2_A6_seed	SUM-159_NLS_4N_O2_A6	21	1.30402010050251	9.99964509560848e-13	-27.6310566069975	56	oxygen-deprived	4.01995782738015e-14
20.5_20.5_2_1_0.5_0.3_0.2_0.1	4N	14	0.1	SUM-159_NLS_4N_O2_A6_seed	SUM-159_NLS_4N_O2_A6	22	1.34422110552764	9.99964509560848e-13	-27.6310566069975	56	oxygen-deprived	4.01995782738015e-14
20.5_20.5_2_1_0.5_0.3_0.2_0.1	4N	14	0.1	SUM-159_NLS_4N_O2_A6_seed	SUM-159_NLS_4N_O2_A6	23	1.38442211055276	9.99964509560848e-13	-27.6310566069975	56	oxygen-deprived	4.01995782738015e-14
20.5_20.5_2_1_0.5_0.3_0.2_0.1	4N	14	0.1	SUM-159_NLS_4N_O2_A6_seed	SUM-159_NLS_4N_O2_A6	24	1.42462311557789	9.99964509560848e-13	-27.6310566069975	56	oxygen-deprived	4.01995782738015e-14
20.5_20.5_2_1_0.5_0.3_0.2_0.1	4N	14	0.1	SUM-159_NLS_4N_O2_A6_seed	SUM-159_NLS_4N_O2_A6	25	1.46482412060302	9.99964509560848e-13	-27.6310566069975	56	oxygen-deprived	4.01995782738015e-14
20.5_20.5_2_1_0.5_0.3_0.2_0.1	4N	14	0.1	SUM-159_NLS_4N_O2_A6_seed	SUM-159_NLS_4N_O2_A6	26	1.50502512562814	9.99964509560848e-13	-27.6310566069975	56	oxygen-deprived	4.01995782738015e-14
20.5_20.5_2_1_0.5_0.3_0.2_0.1	4N	14	0.1	SUM-159_NLS_4N_O2_A6_seed	SUM-159_NLS_4N_O2_A6	27	1.54522613065327	9.99964509560848e-13	-27.6310566069975	56	oxygen-deprived	4.01995782738015e-14
20.5_20.5_2_1_0.5_0.3_0.2_0.1	4N	14	0.1	SUM-159_NLS_4N_O2_A6_seed	SUM-159_NLS_4N_O2_A6	28	1.58542713567839	9.99964509560848e-13	-27.6310566069975	56	oxygen-deprived	4.01995782738015e-14
20.5_20.5_2_1_0.5_0.3_0.2_0.1	4N	14	0.1	SUM-159_NLS_4N_O2_A6_seed	SUM-159_NLS_4N_O2_A6	29	1.62562814070352	9.99964509560848e-13	-27.6310566069975	56	oxygen-deprived	4.01995782738015e-14
20.5_20.5_2_1_0.5_0.3_0.2_0.1	4N	14	0.1	SUM-159_NLS_4N_O2_A6_seed	SUM-159_NLS_4N_O2_A6	30	1.66582914572864	9.99964509560848e-13	-27.6310566069975	56	oxygen-deprived	4.01995782738015e-14
20.5_20.5_2_1_0.5_0.3_0.2_0.1	4N	14	0.1	SUM-159_NLS_4N_O2_A6_seed	SUM-159_NLS_4N_O2_A6	31	1.70603015075377	9.99964509560848e-13	-27.6310566069975	56	oxygen-deprived	4.01995782738015e-14
20.5_20.5_2_1_0.5_0.3_0.2_0.1	4N	14	0.1	SUM-159_NLS_4N_O2_A6_seed	SUM-159_NLS_4N_O2_A6	32	1.74623115577889	9.99964509560848e-13	-27.6310566069975	56	oxygen-deprived	4.01995782738015e-14
20.5_20.5_2_1_0.5_0.3_0.2_0.1	4N	14	0.1	SUM-159_NLS_4N_O2_A6_seed	SUM-159_NLS_4N_O2_A6	33	1.78643216080402	9.99964509560848e-13	-27.6310566069975	56	oxygen-deprived	4.01995782738015e-14
20.5_20.5_2_1_0.5_0.3_0.2_0.1	4N	14	0.1	SUM-159_NLS_4N_O2_A6_seed	SUM-159_NLS_4N_O2_A6	34	1.82663316582915	9.99964509560848e-13	-27.6310566069975	56	oxygen-deprived	4.01995782738015e-14
20.5_20.5_2_1_0.5_0.3_0.2_0.1	4N	14	0.1	SUM-159_NLS_4N_O2_A6_seed	SUM-159_NLS_4N_O2_A6	35	1.86683417085427	9.99964509560848e-13	-27.6310566069975	56	oxygen-deprived	4.01995782738015e-14
20.5_20.5_2_1_0.5_0.3_0.2_0.1	4N	14	0.1	SUM-159_NLS_4N_O2_A6_seed	SUM-159_NLS_4N_O2_A6	36	1.9070351758794	9.99964509560848e-13	-27.6310566069975	56	oxygen-deprived	4.01995782738015e-14
20.5_20.5_2_1_0.5_0.3_0.2_0.1	4N	14	0.1	SUM-159_NLS_4N_O2_A6_seed	SUM-159_NLS_4N_O2_A6	37	1.94723618090452	9.99964509560848e-13	-27.6310566069975	56	oxygen-deprived	4.01995782738015e-14
20.5_20.5_2_1_0.5_0.3_0.2_0.1	4N	14	0.1	SUM-159_NLS_4N_O2_A6_seed	SUM-159_NLS_4N_O2_A6	38	1.98743718592965	9.99964509560848e-13	-27.6310566069975	56	oxygen-deprived	4.01995782738015e-14
20.5_20.5_2_1_0.5_0.3_0.2_0.1	4N	14	0.1	SUM-159_NLS_4N_O2_A6_seed	SUM-159_NLS_4N_O2_A6	39	2.02763819095477	9.99964509560848e-13	-27.6310566069975	56	oxygen-deprived	4.01995782738015e-14
20.5_20.5_2_1_0.5_0.3_0.2_0.1	4N	14	0.1	SUM-159_NLS_4N_O2_A6_seed	SUM-159_NLS_4N_O2_A6	40	2.0678391959799	9.99964509560848e-13	-27.6310566069975	56	oxygen-deprived	4.01995782738015e-14
20.5_20.5_2_1_0.5_0.3_0.2_0.1	4N	14	0.1	SUM-159_NLS_4N_O2_A6_seed	SUM-159_NLS_4N_O2_A6	41	2.10804020100502	9.99964509560848e-13	-27.6310566069975	56	oxygen-deprived	4.01995782738015e-14
20.5_20.5_2_1_0.5_0.3_0.2_0.1	4N	14	0.1	SUM-159_NLS_4N_O2_A6_seed	SUM-159_NLS_4N_O2_A6	42	2.14824120603015	9.99964509560848e-13	-27.6310566069975	56	oxygen-deprived	4.01995782738015e-14
20.5_20.5_2_1_0.5_0.3_0.2_0.1	4N	14	0.1	SUM-159_NLS_4N_O2_A6_seed	SUM-159_NLS_4N_O2_A6	43	2.18844221105528	9.99964509560848e-13	-27.6310566069975	56	oxygen-deprived	4.01995782738015e-14
20.5_20.5_2_1_0.5_0.3_0.2_0.1	4N	14	0.1	SUM-159_NLS_4N_O2_A6_seed	SUM-159_NLS_4N_O2_A6	44	2.2286432160804	9.99964509560848e-13	-27.6310566069975	56	oxygen-deprived	4.01995782738015e-14
20.5_20.5_2_1_0.5_0.3_0.2_0.1	4N	14	0.1	SUM-159_NLS_4N_O2_A6_seed	SUM-159_NLS_4N_O2_A6	45	2.26884422110553	9.99964509560848e-13	-27.6310566069975	56	oxygen-deprived	4.01995782738015e-14
20.5_20.5_2_1_0.5_0.3_0.2_0.1	4N	14	0.1	SUM-159_NLS_4N_O2_A6_seed	SUM-159_NLS_4N_O2_A6	46	2.30904522613065	9.99964509560848e-13	-27.6310566069975	56	oxygen-deprived	4.01995782738015e-14
20.5_20.5_2_1_0.5_0.3_0.2_0.1	4N	14	0.1	SUM-159_NLS_4N_O2_A6_seed	SUM-159_NLS_4N_O2_A6	47	2.34924623115578	9.99964509560848e-13	-27.6310566069975	56	oxygen-deprived	4.01995782738015e-14
20.5_20.5_2_1_0.5_0.3_0.2_0.1	4N	14	0.1	SUM-159_NLS_4N_O2_A6_seed	SUM-159_NLS_4N_O2_A6	48	2.3894472361809	9.99964509560848e-13	-27.6310566069975	56	oxygen-deprived	4.01995782738015e-14
20.5_20.5_2_1_0.5_0.3_0.2_0.1	4N	14	0.1	SUM-159_NLS_4N_O2_A6_seed	SUM-159_NLS_4N_O2_A6	49	2.42964824120603	9.99964509560848e-13	-27.6310566069975	56	oxygen-deprived	4.01995782738015e-14
20.5_20.5_2_1_0.5_0.3_0.2_0.1	4N	14	0.1	SUM-159_NLS_4N_O2_A6_seed	SUM-159_NLS_4N_O2_A6	50	2.46984924623116	1.42336283903403e-12	-27.2779988475705	56	oxygen-deprived	5.72206166445821e-14
20.5_20.5_2_1_0.5_0.3_0.2_0.1	4N	14	0.1	SUM-159_NLS_4N_O2_A6_seed	SUM-159_NLS_4N_O2_A6	51	2.51005025125628	2.12916607788362e-07	-15.3623652606288	56	oxygen-deprived	8.55946161963234e-09
20.5_20.5_2_1_0.5_0.3_0.2_0.1	4N	14	0.1	SUM-159_NLS_4N_O2_A6_seed	SUM-159_NLS_4N_O2_A6	52	2.55025125628141	2.65122386993311e-05	-10.5379040938757	56	oxygen-deprived	1.0658186411791e-06
20.5_20.5_2_1_0.5_0.3_0.2_0.1	4N	14	0.1	SUM-159_NLS_4N_O2_A6_seed	SUM-159_NLS_4N_O2_A6	53	2.59045226130653	0.000184097068924158	-8.60004739095922	56	oxygen-deprived	7.40088719293071e-06
20.5_20.5_2_1_0.5_0.3_0.2_0.1	4N	14	0.1	SUM-159_NLS_4N_O2_A6_seed	SUM-159_NLS_4N_O2_A6	54	2.63065326633166	0.00033894816953077	-7.98966335451265	56	oxygen-deprived	1.36260570665631e-05
20.5_20.5_2_1_0.5_0.3_0.2_0.1	4N	14	0.1	SUM-159_NLS_4N_O2_A6_seed	SUM-159_NLS_4N_O2_A6	55	2.67085427135678	0.000768181935756667	-7.17148395735542	56	oxygen-deprived	3.08816858595634e-05
20.5_20.5_2_1_0.5_0.3_0.2_0.1	4N	14	0.1	SUM-159_NLS_4N_O2_A6_seed	SUM-159_NLS_4N_O2_A6	56	2.71105527638191	0.00208923914218625	-6.17095532608738	56	oxygen-deprived	8.39895132537156e-05
20.5_20.5_2_1_0.5_0.3_0.2_0.1	4N	14	0.1	SUM-159_NLS_4N_O2_A6_seed	SUM-159_NLS_4N_O2_A6	57	2.75125628140704	0.00255288357343783	-5.97053174558648	56	oxygen-deprived	0.000102628485364331
20.5_20.5_2_1_0.5_0.3_0.2_0.1	4N	14	0.1	SUM-159_NLS_4N_O2_A6_seed	SUM-159_NLS_4N_O2_A6	58	2.79145728643216	0.00486136254529023	-5.32643652124979	56	oxygen-deprived	0.000195431660112163
20.5_20.5_2_1_0.5_0.3_0.2_0.1	4N	14	0.1	SUM-159_NLS_4N_O2_A6_seed	SUM-159_NLS_4N_O2_A6	59	2.83165829145729	0.00782600264740216	-4.85030341691105	56	oxygen-deprived	0.00031461317175485
20.5_20.5_2_1_0.5_0.3_0.2_0.1	4N	14	0.1	SUM-159_NLS_4N_O2_A6_seed	SUM-159_NLS_4N_O2_A6	60	2.87185929648241	0.013004018590377	-4.34249684695237	56	oxygen-deprived	0.000522774616698554
20.5_20.5_2_1_0.5_0.3_0.2_0.1	4N	14	0.1	SUM-159_NLS_4N_O2_A6_seed	SUM-159_NLS_4N_O2_A6	61	2.91206030150754	0.0210673127307796	-3.86003259936738	56	oxygen-deprived	0.000846927144955934
20.5_20.5_2_1_0.5_0.3_0.2_0.1	4N	14	0.1	SUM-159_NLS_4N_O2_A6_seed	SUM-159_NLS_4N_O2_A6	62	2.95226130653266	0.0326307919211141	-3.4224988989468	56	oxygen-deprived	0.00131179062999449
20.5_20.5_2_1_0.5_0.3_0.2_0.1	4N	14	0.1	SUM-159_NLS_4N_O2_A6_seed	SUM-159_NLS_4N_O2_A6	63	2.99246231155779	0.052592590483292	-2.94518003449758	56	oxygen-deprived	0.00211427499430312
20.5_20.5_2_1_0.5_0.3_0.2_0.1	4N	14	0.1	SUM-159_NLS_4N_O2_A6_seed	SUM-159_NLS_4N_O2_A6	64	3.03266331658291	0.0802844955762203	-2.52217875791459	56	oxygen-deprived	0.00322751741009919
20.5_20.5_2_1_0.5_0.3_0.2_0.1	4N	14	0.1	SUM-159_NLS_4N_O2_A6_seed	SUM-159_NLS_4N_O2_A6	65	3.07286432160804	0.11926654698017	-2.12639440009623	56	oxygen-deprived	0.00479463505447903
20.5_20.5_2_1_0.5_0.3_0.2_0.1	4N	14	0.1	SUM-159_NLS_4N_O2_A6_seed	SUM-159_NLS_4N_O2_A6	66	3.11306532663317	0.164627753368276	-1.80406839396652	56	oxygen-deprived	0.00661820114043297
20.5_20.5_2_1_0.5_0.3_0.2_0.1	4N	14	0.1	SUM-159_NLS_4N_O2_A6_seed	SUM-159_NLS_4N_O2_A6	67	3.15326633165829	0.228038909269674	-1.478239009896	56	oxygen-deprived	0.009167393337474
20.5_20.5_2_1_0.5_0.3_0.2_0.1	4N	14	0.1	SUM-159_NLS_4N_O2_A6_seed	SUM-159_NLS_4N_O2_A6	68	3.19346733668342	0.305706827382	-1.18512871673317	56	oxygen-deprived	0.0122897217037986
20.5_20.5_2_1_0.5_0.3_0.2_0.1	4N	14	0.1	SUM-159_NLS_4N_O2_A6_seed	SUM-159_NLS_4N_O2_A6	69	3.23366834170854	0.403295621593506	-0.908085433612264	56	oxygen-deprived	0.0162128893102911
20.5_20.5_2_1_0.5_0.3_0.2_0.1	4N	14	0.1	SUM-159_NLS_4N_O2_A6_seed	SUM-159_NLS_4N_O2_A6	70	3.27386934673367	0.514452313743702	-0.664652412661049	56	oxygen-deprived	0.0206815000499973
20.5_20.5_2_1_0.5_0.3_0.2_0.1	4N	14	0.1	SUM-159_NLS_4N_O2_A6_seed	SUM-159_NLS_4N_O2_A6	71	3.31407035175879	0.647062933784319	-0.435311719065892	56	oxygen-deprived	0.026012580252635
20.5_20.5_2_1_0.5_0.3_0.2_0.1	4N	14	0.1	SUM-159_NLS_4N_O2_A6_seed	SUM-159_NLS_4N_O2_A6	72	3.35427135678392	0.783904457485432	-0.243468131510182	56	oxygen-deprived	0.0315137470345891
20.5_20.5_2_1_0.5_0.3_0.2_0.1	4N	14	0.1	SUM-159_NLS_4N_O2_A6_seed	SUM-159_NLS_4N_O2_A6	73	3.39447236180905	0.933012754327387	-0.069336407995232	56	oxygen-deprived	0.0375080504252202
20.5_20.5_2_1_0.5_0.3_0.2_0.1	4N	14	0.1	SUM-159_NLS_4N_O2_A6_seed	SUM-159_NLS_4N_O2_A6	74	3.43467336683417	1.06818524002395	0.065961171213346	56	oxygen-deprived	0.0429421202019663
20.5_20.5_2_1_0.5_0.3_0.2_0.1	4N	14	0.1	SUM-159_NLS_4N_O2_A6_seed	SUM-159_NLS_4N_O2_A6	75	3.4748743718593	1.20689436008422	0.188050415571073	56	oxygen-deprived	0.0485183662345398
20.5_20.5_2_1_0.5_0.3_0.2_0.1	4N	14	0.1	SUM-159_NLS_4N_O2_A6_seed	SUM-159_NLS_4N_O2_A6	76	3.51507537688442	1.3196024824364	0.277330541574219	56	oxygen-deprived	0.0530493460275921
20.5_20.5_2_1_0.5_0.3_0.2_0.1	4N	14	0.1	SUM-159_NLS_4N_O2_A6_seed	SUM-159_NLS_4N_O2_A6	77	3.55527638190955	1.41124834126608	0.344474661115996	56	oxygen-deprived	0.0567336016589359
20.5_20.5_2_1_0.5_0.3_0.2_0.1	4N	14	0.1	SUM-159_NLS_4N_O2_A6_seed	SUM-159_NLS_4N_O2_A6	78	3.59547738693467	1.47411499220747	0.388057804433506	56	oxygen-deprived	0.0592609042093434
20.5_20.5_2_1_0.5_0.3_0.2_0.1	4N	14	0.1	SUM-159_NLS_4N_O2_A6_seed	SUM-159_NLS_4N_O2_A6	79	3.6356783919598	1.52158927648226	0.419755365256721	56	oxygen-deprived	0.0611694181500384
20.5_20.5_2_1_0.5_0.3_0.2_0.1	4N	14	0.1	SUM-159_NLS_4N_O2_A6_seed	SUM-159_NLS_4N_O2_A6	80	3.67587939698492	1.5215510288589	0.419730228312956	56	oxygen-deprived	0.0611678805571395
20.5_20.5_2_1_0.5_0.3_0.2_0.1	4N	14	0.1	SUM-159_NLS_4N_O2_A6_seed	SUM-159_NLS_4N_O2_A6	81	3.71608040201005	1.48491505183838	0.395357566469202	56	oxygen-deprived	0.0596950774608373
20.5_20.5_2_1_0.5_0.3_0.2_0.1	4N	14	0.1	SUM-159_NLS_4N_O2_A6_seed	SUM-159_NLS_4N_O2_A6	82	3.75628140703518	1.4139911716108	0.346416323898173	56	oxygen-deprived	0.056843866195407
20.5_20.5_2_1_0.5_0.3_0.2_0.1	4N	14	0.1	SUM-159_NLS_4N_O2_A6_seed	SUM-159_NLS_4N_O2_A6	83	3.7964824120603	1.31931475631294	0.277112477801412	56	oxygen-deprived	0.053037779148257
20.5_20.5_2_1_0.5_0.3_0.2_0.1	4N	14	0.1	SUM-159_NLS_4N_O2_A6_seed	SUM-159_NLS_4N_O2_A6	84	3.83668341708543	1.20905196774892	0.189836554785723	56	oxygen-deprived	0.0486051042311106
20.5_20.5_2_1_0.5_0.3_0.2_0.1	4N	14	0.1	SUM-159_NLS_4N_O2_A6_seed	SUM-159_NLS_4N_O2_A6	85	3.87688442211055	1.05884359976733	0.0571773689961098	56	oxygen-deprived	0.042566576875067
20.5_20.5_2_1_0.5_0.3_0.2_0.1	4N	14	0.1	SUM-159_NLS_4N_O2_A6_seed	SUM-159_NLS_4N_O2_A6	86	3.91708542713568	0.920099271027962	-0.0832737114689299	56	oxygen-deprived	0.0369889154182082
20.5_20.5_2_1_0.5_0.3_0.2_0.1	4N	14	0.1	SUM-159_NLS_4N_O2_A6_seed	SUM-159_NLS_4N_O2_A6	87	3.9572864321608	0.783358716875033	-0.244164556515738	56	oxygen-deprived	0.031491807713568
20.5_20.5_2_1_0.5_0.3_0.2_0.1	4N	14	0.1	SUM-159_NLS_4N_O2_A6_seed	SUM-159_NLS_4N_O2_A6	88	3.99748743718593	0.61856884651818	-0.48034678126966	56	oxygen-deprived	0.0248670893072626
20.5_20.5_2_1_0.5_0.3_0.2_0.1	4N	14	0.1	SUM-159_NLS_4N_O2_A6_seed	SUM-159_NLS_4N_O2_A6	89	4.03768844221106	0.467720562093648	-0.759884250936929	56	oxygen-deprived	0.0188028366670807
20.5_20.5_2_1_0.5_0.3_0.2_0.1	4N	14	0.1	SUM-159_NLS_4N_O2_A6_seed	SUM-159_NLS_4N_O2_A6	90	4.07788944723618	0.383089579555643	-0.959486427970077	56	oxygen-deprived	0.0154005861127891
20.5_20.5_2_1_0.5_0.3_0.2_0.1	4N	14	0.1	SUM-159_NLS_4N_O2_A6_seed	SUM-159_NLS_4N_O2_A6	91	4.11809045226131	0.317054302124834	-1.1486822196967	56	oxygen-deprived	0.0127459015929577
20.5_20.5_2_1_0.5_0.3_0.2_0.1	4N	14	0.1	SUM-159_NLS_4N_O2_A6_seed	SUM-159_NLS_4N_O2_A6	92	4.15829145728643	0.249844396702715	-1.38691696808853	56	oxygen-deprived	0.010043995847345
20.5_20.5_2_1_0.5_0.3_0.2_0.1	4N	14	0.1	SUM-159_NLS_4N_O2_A6_seed	SUM-159_NLS_4N_O2_A6	93	4.19849246231156	0.199408914086635	-1.6123977179068	56	oxygen-deprived	0.00801643875725137
20.5_20.5_2_1_0.5_0.3_0.2_0.1	4N	14	0.1	SUM-159_NLS_4N_O2_A6_seed	SUM-159_NLS_4N_O2_A6	94	4.23869346733668	0.15541528086602	-1.86165451341174	56	oxygen-deprived	0.00624785048707596
20.5_20.5_2_1_0.5_0.3_0.2_0.1	4N	14	0.1	SUM-159_NLS_4N_O2_A6_seed	SUM-159_NLS_4N_O2_A6	95	4.27889447236181	0.11994859334875	-2.12069201674519	56	oxygen-deprived	0.00482205400396968
20.5_20.5_2_1_0.5_0.3_0.2_0.1	4N	14	0.1	SUM-159_NLS_4N_O2_A6_seed	SUM-159_NLS_4N_O2_A6	96	4.31909547738693	0.0912877719346336	-2.39373843315897	56	oxygen-deprived	0.0036698601782766
20.5_20.5_2_1_0.5_0.3_0.2_0.1	4N	14	0.1	SUM-159_NLS_4N_O2_A6_seed	SUM-159_NLS_4N_O2_A6	97	4.35929648241206	0.0691145601360831	-2.67198985931839	56	oxygen-deprived	0.00277847477933993
20.5_20.5_2_1_0.5_0.3_0.2_0.1	4N	14	0.1	SUM-159_NLS_4N_O2_A6_seed	SUM-159_NLS_4N_O2_A6	98	4.39949748743719	0.0495293346149477	-3.00519016645269	56	oxygen-deprived	0.00199112902974657
20.5_20.5_2_1_0.5_0.3_0.2_0.1	4N	14	0.1	SUM-159_NLS_4N_O2_A6_seed	SUM-159_NLS_4N_O2_A6	99	4.43969849246231	0.0367884416714638	-3.30257156815685	56	oxygen-deprived	0.001478932328501
20.5_20.5_2_1_0.5_0.3_0.2_0.1	4N	14	0.1	SUM-159_NLS_4N_O2_A6_seed	SUM-159_NLS_4N_O2_A6	100	4.47989949748744	0.0264301160481898	-3.63325115960033	56	oxygen-deprived	0.00106251722806789
20.5_20.5_2_1_0.5_0.3_0.2_0.1	4N	14	0.1	SUM-159_NLS_4N_O2_A6_seed	SUM-159_NLS_4N_O2_A6	101	4.52010050251256	0.0183123854446663	-4.00017764780578	56	oxygen-deprived	0.000736176299283041
20.5_20.5_2_1_0.5_0.3_0.2_0.1	4N	14	0.1	SUM-159_NLS_4N_O2_A6_seed	SUM-159_NLS_4N_O2_A6	102	4.56030150753769	0.0132517505902917	-4.32362561525497	56	oxygen-deprived	0.000532733692072009
20.5_20.5_2_1_0.5_0.3_0.2_0.1	4N	14	0.1	SUM-159_NLS_4N_O2_A6_seed	SUM-159_NLS_4N_O2_A6	103	4.60050251256281	0.00903593276505149	-4.70654612119075	56	oxygen-deprived	0.000363253578494519
20.5_20.5_2_1_0.5_0.3_0.2_0.1	4N	14	0.1	SUM-159_NLS_4N_O2_A6_seed	SUM-159_NLS_4N_O2_A6	104	4.64070351758794	0.00591578055285166	-5.13013182866004	56	oxygen-deprived	0.000237820323732722
20.5_20.5_2_1_0.5_0.3_0.2_0.1	4N	14	0.1	SUM-159_NLS_4N_O2_A6_seed	SUM-159_NLS_4N_O2_A6	105	4.68090452261307	0.00436859939401521	-5.43331282604929	56	oxygen-deprived	0.00017562208619156
20.5_20.5_2_1_0.5_0.3_0.2_0.1	4N	14	0.1	SUM-159_NLS_4N_O2_A6_seed	SUM-159_NLS_4N_O2_A6	106	4.72110552763819	0.00335491042204153	-5.69733020875353	56	oxygen-deprived	0.000134870770735333
20.5_20.5_2_1_0.5_0.3_0.2_0.1	4N	14	0.1	SUM-159_NLS_4N_O2_A6_seed	SUM-159_NLS_4N_O2_A6	107	4.76130653266332	0.00229021869609146	-6.07910796549925	56	oxygen-deprived	9.20690933102062e-05
20.5_20.5_2_1_0.5_0.3_0.2_0.1	4N	14	0.1	SUM-159_NLS_4N_O2_A6_seed	SUM-159_NLS_4N_O2_A6	108	4.80150753768844	0.00147180979532899	-6.52126248215421	56	oxygen-deprived	5.91682329780477e-05
20.5_20.5_2_1_0.5_0.3_0.2_0.1	4N	14	0.1	SUM-159_NLS_4N_O2_A6_seed	SUM-159_NLS_4N_O2_A6	109	4.84170854271357	0.000941931587262192	-6.96757791101229	56	oxygen-deprived	3.78665964728506e-05
20.5_20.5_2_1_0.5_0.3_0.2_0.1	4N	14	0.1	SUM-159_NLS_4N_O2_A6_seed	SUM-159_NLS_4N_O2_A6	110	4.88190954773869	0.000569401690843484	-7.47092441360686	56	oxygen-deprived	2.28905202349131e-05
20.5_20.5_2_1_0.5_0.3_0.2_0.1	4N	14	0.1	SUM-159_NLS_4N_O2_A6_seed	SUM-159_NLS_4N_O2_A6	111	4.92211055276382	0.000433115445564421	-7.74450624756634	56	oxygen-deprived	1.74116762035942e-05
20.5_20.5_2_1_0.5_0.3_0.2_0.1	4N	14	0.1	SUM-159_NLS_4N_O2_A6_seed	SUM-159_NLS_4N_O2_A6	112	4.96231155778894	0.000254858677351829	-8.27480137289843	56	oxygen-deprived	1.02455749689174e-05
20.5_20.5_2_1_0.5_0.3_0.2_0.1	4N	14	0.1	SUM-159_NLS_4N_O2_A6_seed	SUM-159_NLS_4N_O2_A6	113	5.00251256281407	0.000136779138976903	-8.89714305726294	56	oxygen-deprived	5.49865885334264e-06
20.5_20.5_2_1_0.5_0.3_0.2_0.1	4N	14	0.1	SUM-159_NLS_4N_O2_A6_seed	SUM-159_NLS_4N_O2_A6	114	5.0427135678392	2.17001925148899e-05	-10.7381894258033	56	oxygen-deprived	8.72369548337251e-07
20.5_20.5_2_1_0.5_0.3_0.2_0.1	4N	14	0.1	SUM-159_NLS_4N_O2_A6_seed	SUM-159_NLS_4N_O2_A6	115	5.08291457286432	8.11289054613491e-08	-16.3272265218008	56	oxygen-deprived	3.26146353613452e-09
20.5_20.5_2_1_0.5_0.3_0.2_0.1	4N	14	0.1	SUM-159_NLS_4N_O2_A6_seed	SUM-159_NLS_4N_O2_A6	116	5.12311557788945	7.23810928386083e-06	-11.8361505343099	56	oxygen-deprived	2.90979267692887e-07
20.5_20.5_2_1_0.5_0.3_0.2_0.1	4N	14	0.1	SUM-159_NLS_4N_O2_A6_seed	SUM-159_NLS_4N_O2_A6	117	5.16331658291457	3.43755150572347e-05	-10.2781660186066	56	oxygen-deprived	1.38193025355712e-06
20.5_20.5_2_1_0.5_0.3_0.2_0.1	4N	14	0.1	SUM-159_NLS_4N_O2_A6_seed	SUM-159_NLS_4N_O2_A6	118	5.2035175879397	4.13225226077008e-06	-12.3966879580452	56	oxygen-deprived	1.66120693900299e-07
20.5_20.5_2_1_0.5_0.3_0.2_0.1	4N	14	0.1	SUM-159_NLS_4N_O2_A6_seed	SUM-159_NLS_4N_O2_A6	119	5.24371859296482	3.22198274133088e-05	-10.3429285367379	56	oxygen-deprived	1.29526944375106e-06
20.5_20.5_2_1_0.5_0.3_0.2_0.1	4N	14	0.1	SUM-159_NLS_4N_O2_A6_seed	SUM-159_NLS_4N_O2_A6	120	5.28391959798995	7.0448709707838e-06	-11.8632107277872	56	oxygen-deprived	2.83210893297831e-07
20.5_20.5_2_1_0.5_0.3_0.2_0.1	4N	14	0.1	SUM-159_NLS_4N_O2_A6_seed	SUM-159_NLS_4N_O2_A6	121	5.32412060301508	1.00583771231586e-08	-18.4148600050538	56	oxygen-deprived	4.04356869272693e-10
20.5_20.5_2_1_0.5_0.3_0.2_0.1	4N	14	0.1	SUM-159_NLS_4N_O2_A6_seed	SUM-159_NLS_4N_O2_A6	122	5.3643216080402	9.99964509560848e-13	-27.6310566069975	56	oxygen-deprived	4.01995782738015e-14
20.5_20.5_2_1_0.5_0.3_0.2_0.1	4N	14	0.1	SUM-159_NLS_4N_O2_A6_seed	SUM-159_NLS_4N_O2_A6	123	5.40452261306533	9.99964509560848e-13	-27.6310566069975	56	oxygen-deprived	4.01995782738015e-14
20.5_20.5_2_1_0.5_0.3_0.2_0.1	4N	14	0.1	SUM-159_NLS_4N_O2_A6_seed	SUM-159_NLS_4N_O2_A6	124	5.44472361809045	9.99964509560848e-13	-27.6310566069975	56	oxygen-deprived	4.01995782738015e-14
20.5_20.5_2_1_0.5_0.3_0.2_0.1	4N	14	0.1	SUM-159_NLS_4N_O2_A6_seed	SUM-159_NLS_4N_O2_A6	125	5.48492462311558	9.99964509560848e-13	-27.6310566069975	56	oxygen-deprived	4.01995782738015e-14
20.5_20.5_2_1_0.5_0.3_0.2_0.1	4N	14	0.1	SUM-159_NLS_4N_O2_A6_seed	SUM-159_NLS_4N_O2_A6	126	5.5251256281407	9.99964509560848e-13	-27.6310566069975	56	oxygen-deprived	4.01995782738015e-14
20.5_20.5_2_1_0.5_0.3_0.2_0.1	4N	14	0.1	SUM-159_NLS_4N_O2_A6_seed	SUM-159_NLS_4N_O2_A6	127	5.56532663316583	9.99964509560848e-13	-27.6310566069975	56	oxygen-deprived	4.01995782738015e-14
20.5_20.5_2_1_0.5_0.3_0.2_0.1	4N	14	0.1	SUM-159_NLS_4N_O2_A6_seed	SUM-159_NLS_4N_O2_A6	128	5.60552763819095	9.99964509560848e-13	-27.6310566069975	56	oxygen-deprived	4.01995782738015e-14
20.5_20.5_2_1_0.5_0.3_0.2_0.1	4N	14	0.1	SUM-159_NLS_4N_O2_A6_seed	SUM-159_NLS_4N_O2_A6	129	5.64572864321608	9.99964509560848e-13	-27.6310566069975	56	oxygen-deprived	4.01995782738015e-14
20.5_20.5_2_1_0.5_0.3_0.2_0.1	4N	14	0.1	SUM-159_NLS_4N_O2_A6_seed	SUM-159_NLS_4N_O2_A6	130	5.68592964824121	9.99964509560848e-13	-27.6310566069975	56	oxygen-deprived	4.01995782738015e-14
20.5_20.5_2_1_0.5_0.3_0.2_0.1	4N	14	0.1	SUM-159_NLS_4N_O2_A6_seed	SUM-159_NLS_4N_O2_A6	131	5.72613065326633	9.99964509560848e-13	-27.6310566069975	56	oxygen-deprived	4.01995782738015e-14
20.5_20.5_2_1_0.5_0.3_0.2_0.1	4N	14	0.1	SUM-159_NLS_4N_O2_A6_seed	SUM-159_NLS_4N_O2_A6	132	5.76633165829146	9.99964509560848e-13	-27.6310566069975	56	oxygen-deprived	4.01995782738015e-14
20.5_20.5_2_1_0.5_0.3_0.2_0.1	4N	14	0.1	SUM-159_NLS_4N_O2_A6_seed	SUM-159_NLS_4N_O2_A6	133	5.80653266331658	9.99964509560848e-13	-27.6310566069975	56	oxygen-deprived	4.01995782738015e-14
20.5_20.5_2_1_0.5_0.3_0.2_0.1	4N	14	0.1	SUM-159_NLS_4N_O2_A6_seed	SUM-159_NLS_4N_O2_A6	134	5.84673366834171	9.99964509560848e-13	-27.6310566069975	56	oxygen-deprived	4.01995782738015e-14
20.5_20.5_2_1_0.5_0.3_0.2_0.1	4N	14	0.1	SUM-159_NLS_4N_O2_A6_seed	SUM-159_NLS_4N_O2_A6	135	5.88693467336683	9.99964509560848e-13	-27.6310566069975	56	oxygen-deprived	4.01995782738015e-14
20.5_20.5_2_1_0.5_0.3_0.2_0.1	4N	14	0.1	SUM-159_NLS_4N_O2_A6_seed	SUM-159_NLS_4N_O2_A6	136	5.92713567839196	9.99964509560848e-13	-27.6310566069975	56	oxygen-deprived	4.01995782738015e-14
20.5_20.5_2_1_0.5_0.3_0.2_0.1	4N	14	0.1	SUM-159_NLS_4N_O2_A6_seed	SUM-159_NLS_4N_O2_A6	137	5.96733668341709	9.99964509560848e-13	-27.6310566069975	56	oxygen-deprived	4.01995782738015e-14
20.5_20.5_2_1_0.5_0.3_0.2_0.1	4N	14	0.1	SUM-159_NLS_4N_O2_A6_seed	SUM-159_NLS_4N_O2_A6	138	6.00753768844221	9.99964509560848e-13	-27.6310566069975	56	oxygen-deprived	4.01995782738015e-14
20.5_20.5_2_1_0.5_0.3_0.2_0.1	4N	14	0.1	SUM-159_NLS_4N_O2_A6_seed	SUM-159_NLS_4N_O2_A6	139	6.04773869346734	9.99964509560848e-13	-27.6310566069975	56	oxygen-deprived	4.01995782738015e-14
20.5_20.5_2_1_0.5_0.3_0.2_0.1	4N	14	0.1	SUM-159_NLS_4N_O2_A6_seed	SUM-159_NLS_4N_O2_A6	140	6.08793969849246	9.99964509560848e-13	-27.6310566069975	56	oxygen-deprived	4.01995782738015e-14
20.5_20.5_2_1_0.5_0.3_0.2_0.1	4N	14	0.1	SUM-159_NLS_4N_O2_A6_seed	SUM-159_NLS_4N_O2_A6	141	6.12814070351759	9.99964509560848e-13	-27.6310566069975	56	oxygen-deprived	4.01995782738015e-14
20.5_20.5_2_1_0.5_0.3_0.2_0.1	4N	14	0.1	SUM-159_NLS_4N_O2_A6_seed	SUM-159_NLS_4N_O2_A6	142	6.16834170854271	9.99964509560848e-13	-27.6310566069975	56	oxygen-deprived	4.01995782738015e-14
20.5_20.5_2_1_0.5_0.3_0.2_0.1	4N	14	0.1	SUM-159_NLS_4N_O2_A6_seed	SUM-159_NLS_4N_O2_A6	143	6.20854271356784	9.99964509560848e-13	-27.6310566069975	56	oxygen-deprived	4.01995782738015e-14
20.5_20.5_2_1_0.5_0.3_0.2_0.1	4N	14	0.1	SUM-159_NLS_4N_O2_A6_seed	SUM-159_NLS_4N_O2_A6	144	6.24874371859296	9.99964509560848e-13	-27.6310566069975	56	oxygen-deprived	4.01995782738015e-14
20.5_20.5_2_1_0.5_0.3_0.2_0.1	4N	14	0.1	SUM-159_NLS_4N_O2_A6_seed	SUM-159_NLS_4N_O2_A6	145	6.28894472361809	9.99964509560848e-13	-27.6310566069975	56	oxygen-deprived	4.01995782738015e-14
20.5_20.5_2_1_0.5_0.3_0.2_0.1	4N	14	0.1	SUM-159_NLS_4N_O2_A6_seed	SUM-159_NLS_4N_O2_A6	146	6.32914572864322	9.99964509560848e-13	-27.6310566069975	56	oxygen-deprived	4.01995782738015e-14
20.5_20.5_2_1_0.5_0.3_0.2_0.1	4N	14	0.1	SUM-159_NLS_4N_O2_A6_seed	SUM-159_NLS_4N_O2_A6	147	6.36934673366834	9.99964509560848e-13	-27.6310566069975	56	oxygen-deprived	4.01995782738015e-14
20.5_20.5_2_1_0.5_0.3_0.2_0.1	4N	14	0.1	SUM-159_NLS_4N_O2_A6_seed	SUM-159_NLS_4N_O2_A6	148	6.40954773869347	9.99964509560848e-13	-27.6310566069975	56	oxygen-deprived	4.01995782738015e-14
20.5_20.5_2_1_0.5_0.3_0.2_0.1	4N	14	0.1	SUM-159_NLS_4N_O2_A6_seed	SUM-159_NLS_4N_O2_A6	149	6.44974874371859	9.99964509560848e-13	-27.6310566069975	56	oxygen-deprived	4.01995782738015e-14
20.5_20.5_2_1_0.5_0.3_0.2_0.1	4N	14	0.1	SUM-159_NLS_4N_O2_A6_seed	SUM-159_NLS_4N_O2_A6	150	6.48994974874372	9.99964509560848e-13	-27.6310566069975	56	oxygen-deprived	4.01995782738015e-14
20.5_20.5_2_1_0.5_0.3_0.2_0.1	4N	14	0.1	SUM-159_NLS_4N_O2_A6_seed	SUM-159_NLS_4N_O2_A6	151	6.53015075376884	9.99964509560848e-13	-27.6310566069975	56	oxygen-deprived	4.01995782738015e-14
20.5_20.5_2_1_0.5_0.3_0.2_0.1	4N	14	0.1	SUM-159_NLS_4N_O2_A6_seed	SUM-159_NLS_4N_O2_A6	152	6.57035175879397	9.99964509560848e-13	-27.6310566069975	56	oxygen-deprived	4.01995782738015e-14
20.5_20.5_2_1_0.5_0.3_0.2_0.1	4N	14	0.1	SUM-159_NLS_4N_O2_A6_seed	SUM-159_NLS_4N_O2_A6	153	6.6105527638191	9.99964509560848e-13	-27.6310566069975	56	oxygen-deprived	4.01995782738015e-14
20.5_20.5_2_1_0.5_0.3_0.2_0.1	4N	14	0.1	SUM-159_NLS_4N_O2_A6_seed	SUM-159_NLS_4N_O2_A6	154	6.65075376884422	9.99964509560848e-13	-27.6310566069975	56	oxygen-deprived	4.01995782738015e-14
20.5_20.5_2_1_0.5_0.3_0.2_0.1	4N	14	0.1	SUM-159_NLS_4N_O2_A6_seed	SUM-159_NLS_4N_O2_A6	155	6.69095477386935	9.99964509560848e-13	-27.6310566069975	56	oxygen-deprived	4.01995782738015e-14
20.5_20.5_2_1_0.5_0.3_0.2_0.1	4N	14	0.1	SUM-159_NLS_4N_O2_A6_seed	SUM-159_NLS_4N_O2_A6	156	6.73115577889447	9.99964509560848e-13	-27.6310566069975	56	oxygen-deprived	4.01995782738015e-14
20.5_20.5_2_1_0.5_0.3_0.2_0.1	4N	14	0.1	SUM-159_NLS_4N_O2_A6_seed	SUM-159_NLS_4N_O2_A6	157	6.7713567839196	9.99964509560848e-13	-27.6310566069975	56	oxygen-deprived	4.01995782738015e-14
20.5_20.5_2_1_0.5_0.3_0.2_0.1	4N	14	0.1	SUM-159_NLS_4N_O2_A6_seed	SUM-159_NLS_4N_O2_A6	158	6.81155778894472	9.99964509560848e-13	-27.6310566069975	56	oxygen-deprived	4.01995782738015e-14
20.5_20.5_2_1_0.5_0.3_0.2_0.1	4N	14	0.1	SUM-159_NLS_4N_O2_A6_seed	SUM-159_NLS_4N_O2_A6	159	6.85175879396985	9.99964509560848e-13	-27.6310566069975	56	oxygen-deprived	4.01995782738015e-14
20.5_20.5_2_1_0.5_0.3_0.2_0.1	4N	14	0.1	SUM-159_NLS_4N_O2_A6_seed	SUM-159_NLS_4N_O2_A6	160	6.89195979899498	9.99964509560848e-13	-27.6310566069975	56	oxygen-deprived	4.01995782738015e-14
20.5_20.5_2_1_0.5_0.3_0.2_0.1	4N	14	0.1	SUM-159_NLS_4N_O2_A6_seed	SUM-159_NLS_4N_O2_A6	161	6.9321608040201	9.99964509560848e-13	-27.6310566069975	56	oxygen-deprived	4.01995782738015e-14
20.5_20.5_2_1_0.5_0.3_0.2_0.1	4N	14	0.1	SUM-159_NLS_4N_O2_A6_seed	SUM-159_NLS_4N_O2_A6	162	6.97236180904523	9.99964509560848e-13	-27.6310566069975	56	oxygen-deprived	4.01995782738015e-14
20.5_20.5_2_1_0.5_0.3_0.2_0.1	4N	14	0.1	SUM-159_NLS_4N_O2_A6_seed	SUM-159_NLS_4N_O2_A6	163	7.01256281407035	9.99964509560848e-13	-27.6310566069975	56	oxygen-deprived	4.01995782738015e-14
20.5_20.5_2_1_0.5_0.3_0.2_0.1	4N	14	0.1	SUM-159_NLS_4N_O2_A6_seed	SUM-159_NLS_4N_O2_A6	164	7.05276381909548	9.99964509560848e-13	-27.6310566069975	56	oxygen-deprived	4.01995782738015e-14
20.5_20.5_2_1_0.5_0.3_0.2_0.1	4N	14	0.1	SUM-159_NLS_4N_O2_A6_seed	SUM-159_NLS_4N_O2_A6	165	7.0929648241206	9.99964509560848e-13	-27.6310566069975	56	oxygen-deprived	4.01995782738015e-14
20.5_20.5_2_1_0.5_0.3_0.2_0.1	4N	14	0.1	SUM-159_NLS_4N_O2_A6_seed	SUM-159_NLS_4N_O2_A6	166	7.13316582914573	9.99964509560848e-13	-27.6310566069975	56	oxygen-deprived	4.01995782738015e-14
20.5_20.5_2_1_0.5_0.3_0.2_0.1	4N	14	0.1	SUM-159_NLS_4N_O2_A6_seed	SUM-159_NLS_4N_O2_A6	167	7.17336683417085	9.99964509560848e-13	-27.6310566069975	56	oxygen-deprived	4.01995782738015e-14
20.5_20.5_2_1_0.5_0.3_0.2_0.1	4N	14	0.1	SUM-159_NLS_4N_O2_A6_seed	SUM-159_NLS_4N_O2_A6	168	7.21356783919598	9.99964509560848e-13	-27.6310566069975	56	oxygen-deprived	4.01995782738015e-14
20.5_20.5_2_1_0.5_0.3_0.2_0.1	4N	14	0.1	SUM-159_NLS_4N_O2_A6_seed	SUM-159_NLS_4N_O2_A6	169	7.25376884422111	9.99964509560848e-13	-27.6310566069975	56	oxygen-deprived	4.01995782738015e-14
20.5_20.5_2_1_0.5_0.3_0.2_0.1	4N	14	0.1	SUM-159_NLS_4N_O2_A6_seed	SUM-159_NLS_4N_O2_A6	170	7.29396984924623	9.99964509560848e-13	-27.6310566069975	56	oxygen-deprived	4.01995782738015e-14
20.5_20.5_2_1_0.5_0.3_0.2_0.1	4N	14	0.1	SUM-159_NLS_4N_O2_A6_seed	SUM-159_NLS_4N_O2_A6	171	7.33417085427136	9.99964509560848e-13	-27.6310566069975	56	oxygen-deprived	4.01995782738015e-14
20.5_20.5_2_1_0.5_0.3_0.2_0.1	4N	14	0.1	SUM-159_NLS_4N_O2_A6_seed	SUM-159_NLS_4N_O2_A6	172	7.37437185929648	9.99964509560848e-13	-27.6310566069975	56	oxygen-deprived	4.01995782738015e-14
20.5_20.5_2_1_0.5_0.3_0.2_0.1	4N	14	0.1	SUM-159_NLS_4N_O2_A6_seed	SUM-159_NLS_4N_O2_A6	173	7.41457286432161	9.99964509560848e-13	-27.6310566069975	56	oxygen-deprived	4.01995782738015e-14
20.5_20.5_2_1_0.5_0.3_0.2_0.1	4N	14	0.1	SUM-159_NLS_4N_O2_A6_seed	SUM-159_NLS_4N_O2_A6	174	7.45477386934673	9.99964509560848e-13	-27.6310566069975	56	oxygen-deprived	4.01995782738015e-14
20.5_20.5_2_1_0.5_0.3_0.2_0.1	4N	14	0.1	SUM-159_NLS_4N_O2_A6_seed	SUM-159_NLS_4N_O2_A6	175	7.49497487437186	9.99964509560848e-13	-27.6310566069975	56	oxygen-deprived	4.01995782738015e-14
20.5_20.5_2_1_0.5_0.3_0.2_0.1	4N	14	0.1	SUM-159_NLS_4N_O2_A6_seed	SUM-159_NLS_4N_O2_A6	176	7.53517587939699	9.99964509560848e-13	-27.6310566069975	56	oxygen-deprived	4.01995782738015e-14
20.5_20.5_2_1_0.5_0.3_0.2_0.1	4N	14	0.1	SUM-159_NLS_4N_O2_A6_seed	SUM-159_NLS_4N_O2_A6	177	7.57537688442211	9.99964509560848e-13	-27.6310566069975	56	oxygen-deprived	4.01995782738015e-14
20.5_20.5_2_1_0.5_0.3_0.2_0.1	4N	14	0.1	SUM-159_NLS_4N_O2_A6_seed	SUM-159_NLS_4N_O2_A6	178	7.61557788944724	9.99964509560848e-13	-27.6310566069975	56	oxygen-deprived	4.01995782738015e-14
20.5_20.5_2_1_0.5_0.3_0.2_0.1	4N	14	0.1	SUM-159_NLS_4N_O2_A6_seed	SUM-159_NLS_4N_O2_A6	179	7.65577889447236	9.99964509560848e-13	-27.6310566069975	56	oxygen-deprived	4.01995782738015e-14
20.5_20.5_2_1_0.5_0.3_0.2_0.1	4N	14	0.1	SUM-159_NLS_4N_O2_A6_seed	SUM-159_NLS_4N_O2_A6	180	7.69597989949749	9.99964509560848e-13	-27.6310566069975	56	oxygen-deprived	4.01995782738015e-14
20.5_20.5_2_1_0.5_0.3_0.2_0.1	4N	14	0.1	SUM-159_NLS_4N_O2_A6_seed	SUM-159_NLS_4N_O2_A6	181	7.73618090452261	9.99964509560848e-13	-27.6310566069975	56	oxygen-deprived	4.01995782738015e-14
20.5_20.5_2_1_0.5_0.3_0.2_0.1	4N	14	0.1	SUM-159_NLS_4N_O2_A6_seed	SUM-159_NLS_4N_O2_A6	182	7.77638190954774	9.99964509560848e-13	-27.6310566069975	56	oxygen-deprived	4.01995782738015e-14
20.5_20.5_2_1_0.5_0.3_0.2_0.1	4N	14	0.1	SUM-159_NLS_4N_O2_A6_seed	SUM-159_NLS_4N_O2_A6	183	7.81658291457286	9.99964509560848e-13	-27.6310566069975	56	oxygen-deprived	4.01995782738015e-14
20.5_20.5_2_1_0.5_0.3_0.2_0.1	4N	14	0.1	SUM-159_NLS_4N_O2_A6_seed	SUM-159_NLS_4N_O2_A6	184	7.85678391959799	9.99964509560848e-13	-27.6310566069975	56	oxygen-deprived	4.01995782738015e-14
20.5_20.5_2_1_0.5_0.3_0.2_0.1	4N	14	0.1	SUM-159_NLS_4N_O2_A6_seed	SUM-159_NLS_4N_O2_A6	185	7.89698492462312	9.99964509560848e-13	-27.6310566069975	56	oxygen-deprived	4.01995782738015e-14
20.5_20.5_2_1_0.5_0.3_0.2_0.1	4N	14	0.1	SUM-159_NLS_4N_O2_A6_seed	SUM-159_NLS_4N_O2_A6	186	7.93718592964824	9.99964509560848e-13	-27.6310566069975	56	oxygen-deprived	4.01995782738015e-14
20.5_20.5_2_1_0.5_0.3_0.2_0.1	4N	14	0.1	SUM-159_NLS_4N_O2_A6_seed	SUM-159_NLS_4N_O2_A6	187	7.97738693467337	9.99964509560848e-13	-27.6310566069975	56	oxygen-deprived	4.01995782738015e-14
20.5_20.5_2_1_0.5_0.3_0.2_0.1	4N	14	0.1	SUM-159_NLS_4N_O2_A6_seed	SUM-159_NLS_4N_O2_A6	188	8.01758793969849	9.99964509560848e-13	-27.6310566069975	56	oxygen-deprived	4.01995782738015e-14
20.5_20.5_2_1_0.5_0.3_0.2_0.1	4N	14	0.1	SUM-159_NLS_4N_O2_A6_seed	SUM-159_NLS_4N_O2_A6	189	8.05778894472362	9.99964509560848e-13	-27.6310566069975	56	oxygen-deprived	4.01995782738015e-14
20.5_20.5_2_1_0.5_0.3_0.2_0.1	4N	14	0.1	SUM-159_NLS_4N_O2_A6_seed	SUM-159_NLS_4N_O2_A6	190	8.09798994974874	9.99964509560848e-13	-27.6310566069975	56	oxygen-deprived	4.01995782738015e-14
20.5_20.5_2_1_0.5_0.3_0.2_0.1	4N	14	0.1	SUM-159_NLS_4N_O2_A6_seed	SUM-159_NLS_4N_O2_A6	191	8.13819095477387	9.99964509560848e-13	-27.6310566069975	56	oxygen-deprived	4.01995782738015e-14
20.5_20.5_2_1_0.5_0.3_0.2_0.1	4N	14	0.1	SUM-159_NLS_4N_O2_A6_seed	SUM-159_NLS_4N_O2_A6	192	8.178391959799	9.99964509560848e-13	-27.6310566069975	56	oxygen-deprived	4.01995782738015e-14
20.5_20.5_2_1_0.5_0.3_0.2_0.1	4N	14	0.1	SUM-159_NLS_4N_O2_A6_seed	SUM-159_NLS_4N_O2_A6	193	8.21859296482412	9.99964509560848e-13	-27.6310566069975	56	oxygen-deprived	4.01995782738015e-14
20.5_20.5_2_1_0.5_0.3_0.2_0.1	4N	14	0.1	SUM-159_NLS_4N_O2_A6_seed	SUM-159_NLS_4N_O2_A6	194	8.25879396984925	9.99964509560848e-13	-27.6310566069975	56	oxygen-deprived	4.01995782738015e-14
20.5_20.5_2_1_0.5_0.3_0.2_0.1	4N	14	0.1	SUM-159_NLS_4N_O2_A6_seed	SUM-159_NLS_4N_O2_A6	195	8.29899497487437	9.99964509560848e-13	-27.6310566069975	56	oxygen-deprived	4.01995782738015e-14
20.5_20.5_2_1_0.5_0.3_0.2_0.1	4N	14	0.1	SUM-159_NLS_4N_O2_A6_seed	SUM-159_NLS_4N_O2_A6	196	8.3391959798995	9.99964509560848e-13	-27.6310566069975	56	oxygen-deprived	4.01995782738015e-14
20.5_20.5_2_1_0.5_0.3_0.2_0.1	4N	14	0.1	SUM-159_NLS_4N_O2_A6_seed	SUM-159_NLS_4N_O2_A6	197	8.37939698492462	9.99964509560848e-13	-27.6310566069975	56	oxygen-deprived	4.01995782738015e-14
20.5_20.5_2_1_0.5_0.3_0.2_0.1	4N	14	0.1	SUM-159_NLS_4N_O2_A6_seed	SUM-159_NLS_4N_O2_A6	198	8.41959798994975	9.99964509560848e-13	-27.6310566069975	56	oxygen-deprived	4.01995782738015e-14
20.5_20.5_2_1_0.5_0.3_0.2_0.1	4N	14	0.1	SUM-159_NLS_4N_O2_A6_seed	SUM-159_NLS_4N_O2_A6	199	8.45979899497488	9.99964509560848e-13	-27.6310566069975	56	oxygen-deprived	4.01995782738015e-14
20.5_20.5_2_1_0.5_0.3_0.2_0.1	4N	14	0.1	SUM-159_NLS_4N_O2_A6_seed	SUM-159_NLS_4N_O2_A6	200	8.5	9.99964509560848e-13	-27.6310566069975	56	oxygen-deprived	4.01995782738015e-14
20.5_20.5_20.5_20.5_20.5_20.5_20.5_20.5_20.5_20.5_20.5_20.5_20.5_20.5	4N	26	20.5	SUM-159_NLS_4N_C_A12_seed	SUM-159_NLS_4N_C_A12	1	0.5	9.99883123807203e-13	-27.6311379989519	57	control	4.01963064847103e-14
20.5_20.5_20.5_20.5_20.5_20.5_20.5_20.5_20.5_20.5_20.5_20.5_20.5_20.5	4N	26	20.5	SUM-159_NLS_4N_C_A12_seed	SUM-159_NLS_4N_C_A12	2	0.540201005025126	9.99883123807203e-13	-27.6311379989519	57	control	4.01963064847103e-14
20.5_20.5_20.5_20.5_20.5_20.5_20.5_20.5_20.5_20.5_20.5_20.5_20.5_20.5	4N	26	20.5	SUM-159_NLS_4N_C_A12_seed	SUM-159_NLS_4N_C_A12	3	0.580402010050251	9.99883123807203e-13	-27.6311379989519	57	control	4.01963064847103e-14
20.5_20.5_20.5_20.5_20.5_20.5_20.5_20.5_20.5_20.5_20.5_20.5_20.5_20.5	4N	26	20.5	SUM-159_NLS_4N_C_A12_seed	SUM-159_NLS_4N_C_A12	4	0.620603015075377	9.99883123807203e-13	-27.6311379989519	57	control	4.01963064847103e-14
20.5_20.5_20.5_20.5_20.5_20.5_20.5_20.5_20.5_20.5_20.5_20.5_20.5_20.5	4N	26	20.5	SUM-159_NLS_4N_C_A12_seed	SUM-159_NLS_4N_C_A12	5	0.660804020100503	9.99883123807203e-13	-27.6311379989519	57	control	4.01963064847103e-14
20.5_20.5_20.5_20.5_20.5_20.5_20.5_20.5_20.5_20.5_20.5_20.5_20.5_20.5	4N	26	20.5	SUM-159_NLS_4N_C_A12_seed	SUM-159_NLS_4N_C_A12	6	0.701005025125628	9.99883123807203e-13	-27.6311379989519	57	control	4.01963064847103e-14
20.5_20.5_20.5_20.5_20.5_20.5_20.5_20.5_20.5_20.5_20.5_20.5_20.5_20.5	4N	26	20.5	SUM-159_NLS_4N_C_A12_seed	SUM-159_NLS_4N_C_A12	7	0.741206030150754	9.99883123807203e-13	-27.6311379989519	57	control	4.01963064847103e-14
20.5_20.5_20.5_20.5_20.5_20.5_20.5_20.5_20.5_20.5_20.5_20.5_20.5_20.5	4N	26	20.5	SUM-159_NLS_4N_C_A12_seed	SUM-159_NLS_4N_C_A12	8	0.781407035175879	9.99883123807203e-13	-27.6311379989519	57	control	4.01963064847103e-14
20.5_20.5_20.5_20.5_20.5_20.5_20.5_20.5_20.5_20.5_20.5_20.5_20.5_20.5	4N	26	20.5	SUM-159_NLS_4N_C_A12_seed	SUM-159_NLS_4N_C_A12	9	0.821608040201005	9.99883123807203e-13	-27.6311379989519	57	control	4.01963064847103e-14
20.5_20.5_20.5_20.5_20.5_20.5_20.5_20.5_20.5_20.5_20.5_20.5_20.5_20.5	4N	26	20.5	SUM-159_NLS_4N_C_A12_seed	SUM-159_NLS_4N_C_A12	10	0.861809045226131	9.99883123807203e-13	-27.6311379989519	57	control	4.01963064847103e-14
20.5_20.5_20.5_20.5_20.5_20.5_20.5_20.5_20.5_20.5_20.5_20.5_20.5_20.5	4N	26	20.5	SUM-159_NLS_4N_C_A12_seed	SUM-159_NLS_4N_C_A12	11	0.902010050251256	9.99883123807203e-13	-27.6311379989519	57	control	4.01963064847103e-14
20.5_20.5_20.5_20.5_20.5_20.5_20.5_20.5_20.5_20.5_20.5_20.5_20.5_20.5	4N	26	20.5	SUM-159_NLS_4N_C_A12_seed	SUM-159_NLS_4N_C_A12	12	0.942211055276382	9.99883123807203e-13	-27.6311379989519	57	control	4.01963064847103e-14
20.5_20.5_20.5_20.5_20.5_20.5_20.5_20.5_20.5_20.5_20.5_20.5_20.5_20.5	4N	26	20.5	SUM-159_NLS_4N_C_A12_seed	SUM-159_NLS_4N_C_A12	13	0.982412060301508	9.99883123807203e-13	-27.6311379989519	57	control	4.01963064847103e-14
20.5_20.5_20.5_20.5_20.5_20.5_20.5_20.5_20.5_20.5_20.5_20.5_20.5_20.5	4N	26	20.5	SUM-159_NLS_4N_C_A12_seed	SUM-159_NLS_4N_C_A12	14	1.02261306532663	9.99883123807203e-13	-27.6311379989519	57	control	4.01963064847103e-14
20.5_20.5_20.5_20.5_20.5_20.5_20.5_20.5_20.5_20.5_20.5_20.5_20.5_20.5	4N	26	20.5	SUM-159_NLS_4N_C_A12_seed	SUM-159_NLS_4N_C_A12	15	1.06281407035176	9.99883123807203e-13	-27.6311379989519	57	control	4.01963064847103e-14
20.5_20.5_20.5_20.5_20.5_20.5_20.5_20.5_20.5_20.5_20.5_20.5_20.5_20.5	4N	26	20.5	SUM-159_NLS_4N_C_A12_seed	SUM-159_NLS_4N_C_A12	16	1.10301507537688	9.99883123807203e-13	-27.6311379989519	57	control	4.01963064847103e-14
20.5_20.5_20.5_20.5_20.5_20.5_20.5_20.5_20.5_20.5_20.5_20.5_20.5_20.5	4N	26	20.5	SUM-159_NLS_4N_C_A12_seed	SUM-159_NLS_4N_C_A12	17	1.14321608040201	9.99883123807203e-13	-27.6311379989519	57	control	4.01963064847103e-14
20.5_20.5_20.5_20.5_20.5_20.5_20.5_20.5_20.5_20.5_20.5_20.5_20.5_20.5	4N	26	20.5	SUM-159_NLS_4N_C_A12_seed	SUM-159_NLS_4N_C_A12	18	1.18341708542714	9.99883123807203e-13	-27.6311379989519	57	control	4.01963064847103e-14
20.5_20.5_20.5_20.5_20.5_20.5_20.5_20.5_20.5_20.5_20.5_20.5_20.5_20.5	4N	26	20.5	SUM-159_NLS_4N_C_A12_seed	SUM-159_NLS_4N_C_A12	19	1.22361809045226	9.99883123807203e-13	-27.6311379989519	57	control	4.01963064847103e-14
20.5_20.5_20.5_20.5_20.5_20.5_20.5_20.5_20.5_20.5_20.5_20.5_20.5_20.5	4N	26	20.5	SUM-159_NLS_4N_C_A12_seed	SUM-159_NLS_4N_C_A12	20	1.26381909547739	9.99883123807203e-13	-27.6311379989519	57	control	4.01963064847103e-14
20.5_20.5_20.5_20.5_20.5_20.5_20.5_20.5_20.5_20.5_20.5_20.5_20.5_20.5	4N	26	20.5	SUM-159_NLS_4N_C_A12_seed	SUM-159_NLS_4N_C_A12	21	1.30402010050251	9.99883123807203e-13	-27.6311379989519	57	control	4.01963064847103e-14
20.5_20.5_20.5_20.5_20.5_20.5_20.5_20.5_20.5_20.5_20.5_20.5_20.5_20.5	4N	26	20.5	SUM-159_NLS_4N_C_A12_seed	SUM-159_NLS_4N_C_A12	22	1.34422110552764	9.99883123807203e-13	-27.6311379989519	57	control	4.01963064847103e-14
20.5_20.5_20.5_20.5_20.5_20.5_20.5_20.5_20.5_20.5_20.5_20.5_20.5_20.5	4N	26	20.5	SUM-159_NLS_4N_C_A12_seed	SUM-159_NLS_4N_C_A12	23	1.38442211055276	9.99883123807203e-13	-27.6311379989519	57	control	4.01963064847103e-14
20.5_20.5_20.5_20.5_20.5_20.5_20.5_20.5_20.5_20.5_20.5_20.5_20.5_20.5	4N	26	20.5	SUM-159_NLS_4N_C_A12_seed	SUM-159_NLS_4N_C_A12	24	1.42462311557789	9.99883123807203e-13	-27.6311379989519	57	control	4.01963064847103e-14
20.5_20.5_20.5_20.5_20.5_20.5_20.5_20.5_20.5_20.5_20.5_20.5_20.5_20.5	4N	26	20.5	SUM-159_NLS_4N_C_A12_seed	SUM-159_NLS_4N_C_A12	25	1.46482412060302	9.99883123807203e-13	-27.6311379989519	57	control	4.01963064847103e-14
20.5_20.5_20.5_20.5_20.5_20.5_20.5_20.5_20.5_20.5_20.5_20.5_20.5_20.5	4N	26	20.5	SUM-159_NLS_4N_C_A12_seed	SUM-159_NLS_4N_C_A12	26	1.50502512562814	9.99883123807203e-13	-27.6311379989519	57	control	4.01963064847103e-14
20.5_20.5_20.5_20.5_20.5_20.5_20.5_20.5_20.5_20.5_20.5_20.5_20.5_20.5	4N	26	20.5	SUM-159_NLS_4N_C_A12_seed	SUM-159_NLS_4N_C_A12	27	1.54522613065327	9.99883123807203e-13	-27.6311379989519	57	control	4.01963064847103e-14
20.5_20.5_20.5_20.5_20.5_20.5_20.5_20.5_20.5_20.5_20.5_20.5_20.5_20.5	4N	26	20.5	SUM-159_NLS_4N_C_A12_seed	SUM-159_NLS_4N_C_A12	28	1.58542713567839	9.99883123807203e-13	-27.6311379989519	57	control	4.01963064847103e-14
20.5_20.5_20.5_20.5_20.5_20.5_20.5_20.5_20.5_20.5_20.5_20.5_20.5_20.5	4N	26	20.5	SUM-159_NLS_4N_C_A12_seed	SUM-159_NLS_4N_C_A12	29	1.62562814070352	9.99883123807203e-13	-27.6311379989519	57	control	4.01963064847103e-14
20.5_20.5_20.5_20.5_20.5_20.5_20.5_20.5_20.5_20.5_20.5_20.5_20.5_20.5	4N	26	20.5	SUM-159_NLS_4N_C_A12_seed	SUM-159_NLS_4N_C_A12	30	1.66582914572864	9.99883123807203e-13	-27.6311379989519	57	control	4.01963064847103e-14
20.5_20.5_20.5_20.5_20.5_20.5_20.5_20.5_20.5_20.5_20.5_20.5_20.5_20.5	4N	26	20.5	SUM-159_NLS_4N_C_A12_seed	SUM-159_NLS_4N_C_A12	31	1.70603015075377	9.99883123807203e-13	-27.6311379989519	57	control	4.01963064847103e-14
20.5_20.5_20.5_20.5_20.5_20.5_20.5_20.5_20.5_20.5_20.5_20.5_20.5_20.5	4N	26	20.5	SUM-159_NLS_4N_C_A12_seed	SUM-159_NLS_4N_C_A12	32	1.74623115577889	9.99883123807203e-13	-27.6311379989519	57	control	4.01963064847103e-14
20.5_20.5_20.5_20.5_20.5_20.5_20.5_20.5_20.5_20.5_20.5_20.5_20.5_20.5	4N	26	20.5	SUM-159_NLS_4N_C_A12_seed	SUM-159_NLS_4N_C_A12	33	1.78643216080402	9.99883123807203e-13	-27.6311379989519	57	control	4.01963064847103e-14
20.5_20.5_20.5_20.5_20.5_20.5_20.5_20.5_20.5_20.5_20.5_20.5_20.5_20.5	4N	26	20.5	SUM-159_NLS_4N_C_A12_seed	SUM-159_NLS_4N_C_A12	34	1.82663316582915	9.99883123807203e-13	-27.6311379989519	57	control	4.01963064847103e-14
20.5_20.5_20.5_20.5_20.5_20.5_20.5_20.5_20.5_20.5_20.5_20.5_20.5_20.5	4N	26	20.5	SUM-159_NLS_4N_C_A12_seed	SUM-159_NLS_4N_C_A12	35	1.86683417085427	9.99883123807203e-13	-27.6311379989519	57	control	4.01963064847103e-14
20.5_20.5_20.5_20.5_20.5_20.5_20.5_20.5_20.5_20.5_20.5_20.5_20.5_20.5	4N	26	20.5	SUM-159_NLS_4N_C_A12_seed	SUM-159_NLS_4N_C_A12	36	1.9070351758794	9.99883123807203e-13	-27.6311379989519	57	control	4.01963064847103e-14
20.5_20.5_20.5_20.5_20.5_20.5_20.5_20.5_20.5_20.5_20.5_20.5_20.5_20.5	4N	26	20.5	SUM-159_NLS_4N_C_A12_seed	SUM-159_NLS_4N_C_A12	37	1.94723618090452	9.99883123807203e-13	-27.6311379989519	57	control	4.01963064847103e-14
20.5_20.5_20.5_20.5_20.5_20.5_20.5_20.5_20.5_20.5_20.5_20.5_20.5_20.5	4N	26	20.5	SUM-159_NLS_4N_C_A12_seed	SUM-159_NLS_4N_C_A12	38	1.98743718592965	4.30286234409284e-08	-16.9614002812902	57	control	1.72979390717294e-09
20.5_20.5_20.5_20.5_20.5_20.5_20.5_20.5_20.5_20.5_20.5_20.5_20.5_20.5	4N	26	20.5	SUM-159_NLS_4N_C_A12_seed	SUM-159_NLS_4N_C_A12	39	2.02763819095477	1.94879316565065e-05	-10.8457151733956	57	control	7.83434438452495e-07
20.5_20.5_20.5_20.5_20.5_20.5_20.5_20.5_20.5_20.5_20.5_20.5_20.5_20.5	4N	26	20.5	SUM-159_NLS_4N_C_A12_seed	SUM-159_NLS_4N_C_A12	40	2.0678391959799	6.30252815675908e-05	-9.67197461734627	57	control	2.53367966100859e-06
20.5_20.5_20.5_20.5_20.5_20.5_20.5_20.5_20.5_20.5_20.5_20.5_20.5_20.5	4N	26	20.5	SUM-159_NLS_4N_C_A12_seed	SUM-159_NLS_4N_C_A12	41	2.10804020100502	0.000118338469097371	-9.0419616572759	57	control	4.75732539084892e-06
20.5_20.5_20.5_20.5_20.5_20.5_20.5_20.5_20.5_20.5_20.5_20.5_20.5_20.5	4N	26	20.5	SUM-159_NLS_4N_C_A12_seed	SUM-159_NLS_4N_C_A12	42	2.14824120603015	0.000203922187451861	-8.49777207094404	57	control	8.19787688248659e-06
20.5_20.5_20.5_20.5_20.5_20.5_20.5_20.5_20.5_20.5_20.5_20.5_20.5_20.5	4N	26	20.5	SUM-159_NLS_4N_C_A12_seed	SUM-159_NLS_4N_C_A12	43	2.18844221105528	0.000341684556825589	-7.98162259498994	57	control	1.37360625859528e-05
20.5_20.5_20.5_20.5_20.5_20.5_20.5_20.5_20.5_20.5_20.5_20.5_20.5_20.5	4N	26	20.5	SUM-159_NLS_4N_C_A12_seed	SUM-159_NLS_4N_C_A12	44	2.2286432160804	0.000501705829808465	-7.59749660643302	57	control	2.01690785852642e-05
20.5_20.5_20.5_20.5_20.5_20.5_20.5_20.5_20.5_20.5_20.5_20.5_20.5_20.5	4N	26	20.5	SUM-159_NLS_4N_C_A12_seed	SUM-159_NLS_4N_C_A12	45	2.26884422110553	0.000505957418992777	-7.58905804440599	57	control	2.03399967434275e-05
20.5_20.5_20.5_20.5_20.5_20.5_20.5_20.5_20.5_20.5_20.5_20.5_20.5_20.5	4N	26	20.5	SUM-159_NLS_4N_C_A12_seed	SUM-159_NLS_4N_C_A12	46	2.30904522613065	0.000810787481174273	-7.11750458359656	57	control	3.25944716049948e-05
20.5_20.5_20.5_20.5_20.5_20.5_20.5_20.5_20.5_20.5_20.5_20.5_20.5_20.5	4N	26	20.5	SUM-159_NLS_4N_C_A12_seed	SUM-159_NLS_4N_C_A12	47	2.34924623115578	0.000955054373756155	-6.95374228323401	57	control	3.83941456786381e-05
20.5_20.5_20.5_20.5_20.5_20.5_20.5_20.5_20.5_20.5_20.5_20.5_20.5_20.5	4N	26	20.5	SUM-159_NLS_4N_C_A12_seed	SUM-159_NLS_4N_C_A12	48	2.3894472361809	0.00105478839973376	-6.85441510114349	57	control	4.24035537581396e-05
20.5_20.5_20.5_20.5_20.5_20.5_20.5_20.5_20.5_20.5_20.5_20.5_20.5_20.5	4N	26	20.5	SUM-159_NLS_4N_C_A12_seed	SUM-159_NLS_4N_C_A12	49	2.42964824120603	0.000992573911717983	-6.91520907793088	57	control	3.99024688127818e-05
20.5_20.5_20.5_20.5_20.5_20.5_20.5_20.5_20.5_20.5_20.5_20.5_20.5_20.5	4N	26	20.5	SUM-159_NLS_4N_C_A12_seed	SUM-159_NLS_4N_C_A12	50	2.46984924623116	0.000855488412650721	-7.06383800925827	57	control	3.43914939759072e-05
20.5_20.5_20.5_20.5_20.5_20.5_20.5_20.5_20.5_20.5_20.5_20.5_20.5_20.5	4N	26	20.5	SUM-159_NLS_4N_C_A12_seed	SUM-159_NLS_4N_C_A12	51	2.51005025125628	0.000792577720275672	-7.14021998727288	57	control	3.18624209156038e-05
20.5_20.5_20.5_20.5_20.5_20.5_20.5_20.5_20.5_20.5_20.5_20.5_20.5_20.5	4N	26	20.5	SUM-159_NLS_4N_C_A12_seed	SUM-159_NLS_4N_C_A12	52	2.55025125628141	0.000488053444375194	-7.62508564094541	57	control	1.96202389698564e-05
20.5_20.5_20.5_20.5_20.5_20.5_20.5_20.5_20.5_20.5_20.5_20.5_20.5_20.5	4N	26	20.5	SUM-159_NLS_4N_C_A12_seed	SUM-159_NLS_4N_C_A12	53	2.59045226130653	0.000610681698839652	-7.40093468569748	57	control	2.45500180438042e-05
20.5_20.5_20.5_20.5_20.5_20.5_20.5_20.5_20.5_20.5_20.5_20.5_20.5_20.5	4N	26	20.5	SUM-159_NLS_4N_C_A12_seed	SUM-159_NLS_4N_C_A12	54	2.63065326633166	0.000591217054481167	-7.4333273415184	57	control	2.37675197781365e-05
20.5_20.5_20.5_20.5_20.5_20.5_20.5_20.5_20.5_20.5_20.5_20.5_20.5_20.5	4N	26	20.5	SUM-159_NLS_4N_C_A12_seed	SUM-159_NLS_4N_C_A12	55	2.67085427135678	0.00085261043461338	-7.06720781512797	57	control	3.42757963663658e-05
20.5_20.5_20.5_20.5_20.5_20.5_20.5_20.5_20.5_20.5_20.5_20.5_20.5_20.5	4N	26	20.5	SUM-159_NLS_4N_C_A12_seed	SUM-159_NLS_4N_C_A12	56	2.71105527638191	0.0015741804193432	-6.45402051081429	57	control	6.32836349484681e-05
20.5_20.5_20.5_20.5_20.5_20.5_20.5_20.5_20.5_20.5_20.5_20.5_20.5_20.5	4N	26	20.5	SUM-159_NLS_4N_C_A12_seed	SUM-159_NLS_4N_C_A12	57	2.75125628140704	0.00308276125573797	-5.78192957201992	57	control	0.00012393010073318
20.5_20.5_20.5_20.5_20.5_20.5_20.5_20.5_20.5_20.5_20.5_20.5_20.5_20.5	4N	26	20.5	SUM-159_NLS_4N_C_A12_seed	SUM-159_NLS_4N_C_A12	58	2.79145728643216	0.00573379206903273	-5.16137817499104	57	control	0.000230504203780202
20.5_20.5_20.5_20.5_20.5_20.5_20.5_20.5_20.5_20.5_20.5_20.5_20.5_20.5	4N	26	20.5	SUM-159_NLS_4N_C_A12_seed	SUM-159_NLS_4N_C_A12	59	2.83165829145729	0.0108571813576487	-4.52292854165818	57	control	0.00043646960231752
20.5_20.5_20.5_20.5_20.5_20.5_20.5_20.5_20.5_20.5_20.5_20.5_20.5_20.5	4N	26	20.5	SUM-159_NLS_4N_C_A12_seed	SUM-159_NLS_4N_C_A12	60	2.87185929648241	0.0183812321806767	-3.99642512509179	57	control	0.000738944007263359
20.5_20.5_20.5_20.5_20.5_20.5_20.5_20.5_20.5_20.5_20.5_20.5_20.5_20.5	4N	26	20.5	SUM-159_NLS_4N_C_A12_seed	SUM-159_NLS_4N_C_A12	61	2.91206030150754	0.0324611900769264	-3.42771005469264	57	control	0.00130497246540403
20.5_20.5_20.5_20.5_20.5_20.5_20.5_20.5_20.5_20.5_20.5_20.5_20.5_20.5	4N	26	20.5	SUM-159_NLS_4N_C_A12_seed	SUM-159_NLS_4N_C_A12	62	2.95226130653266	0.0511476116488515	-2.97303948075674	57	control	0.00205618539291858
20.5_20.5_20.5_20.5_20.5_20.5_20.5_20.5_20.5_20.5_20.5_20.5_20.5_20.5	4N	26	20.5	SUM-159_NLS_4N_C_A12_seed	SUM-159_NLS_4N_C_A12	63	2.99246231155779	0.0792273831043459	-2.53543329365123	57	control	0.00318502042630525
20.5_20.5_20.5_20.5_20.5_20.5_20.5_20.5_20.5_20.5_20.5_20.5_20.5_20.5	4N	26	20.5	SUM-159_NLS_4N_C_A12_seed	SUM-159_NLS_4N_C_A12	64	3.03266331658291	0.120917131585386	-2.11264983094184	57	control	0.00486099021448771
20.5_20.5_20.5_20.5_20.5_20.5_20.5_20.5_20.5_20.5_20.5_20.5_20.5_20.5	4N	26	20.5	SUM-159_NLS_4N_C_A12_seed	SUM-159_NLS_4N_C_A12	65	3.07286432160804	0.184827795041729	-1.68833072501445	57	control	0.00743026311725518
20.5_20.5_20.5_20.5_20.5_20.5_20.5_20.5_20.5_20.5_20.5_20.5_20.5_20.5	4N	26	20.5	SUM-159_NLS_4N_C_A12_seed	SUM-159_NLS_4N_C_A12	66	3.11306532663317	0.267194764314852	-1.31977743214167	57	control	0.0107414980629082
20.5_20.5_20.5_20.5_20.5_20.5_20.5_20.5_20.5_20.5_20.5_20.5_20.5_20.5	4N	26	20.5	SUM-159_NLS_4N_C_A12_seed	SUM-159_NLS_4N_C_A12	67	3.15326633165829	0.377478192717877	-0.974242479596436	57	control	0.0151750027223262
20.5_20.5_20.5_20.5_20.5_20.5_20.5_20.5_20.5_20.5_20.5_20.5_20.5_20.5	4N	26	20.5	SUM-159_NLS_4N_C_A12_seed	SUM-159_NLS_4N_C_A12	68	3.19346733668342	0.512180767547063	-0.669077654638857	57	control	0.0205901816099315
20.5_20.5_20.5_20.5_20.5_20.5_20.5_20.5_20.5_20.5_20.5_20.5_20.5_20.5	4N	26	20.5	SUM-159_NLS_4N_C_A12_seed	SUM-159_NLS_4N_C_A12	69	3.23366834170854	0.675525881301986	-0.392263808027203	57	control	0.0271568193488226
20.5_20.5_20.5_20.5_20.5_20.5_20.5_20.5_20.5_20.5_20.5_20.5_20.5_20.5	4N	26	20.5	SUM-159_NLS_4N_C_A12_seed	SUM-159_NLS_4N_C_A12	70	3.27386934673367	0.858320055522804	-0.152778223965882	57	control	0.0345053288652371
20.5_20.5_20.5_20.5_20.5_20.5_20.5_20.5_20.5_20.5_20.5_20.5_20.5_20.5	4N	26	20.5	SUM-159_NLS_4N_C_A12_seed	SUM-159_NLS_4N_C_A12	71	3.31407035175879	1.05183896415109	0.0505400266962005	57	control	0.0422849834834594
20.5_20.5_20.5_20.5_20.5_20.5_20.5_20.5_20.5_20.5_20.5_20.5_20.5_20.5	4N	26	20.5	SUM-159_NLS_4N_C_A12_seed	SUM-159_NLS_4N_C_A12	72	3.35427135678392	1.25336597258118	0.225832710347673	57	control	0.0503865717620557
20.5_20.5_20.5_20.5_20.5_20.5_20.5_20.5_20.5_20.5_20.5_20.5_20.5_20.5	4N	26	20.5	SUM-159_NLS_4N_C_A12_seed	SUM-159_NLS_4N_C_A12	73	3.39447236180905	1.44099113230288	0.365331163148957	57	control	0.0579292917508675
20.5_20.5_20.5_20.5_20.5_20.5_20.5_20.5_20.5_20.5_20.5_20.5_20.5_20.5	4N	26	20.5	SUM-159_NLS_4N_C_A12_seed	SUM-159_NLS_4N_C_A12	74	3.43467336683417	1.59480171913987	0.466749414490288	57	control	0.0641126319252187
20.5_20.5_20.5_20.5_20.5_20.5_20.5_20.5_20.5_20.5_20.5_20.5_20.5_20.5	4N	26	20.5	SUM-159_NLS_4N_C_A12_seed	SUM-159_NLS_4N_C_A12	75	3.4748743718593	1.70958571930373	0.536251071749572	57	control	0.0687270640926099
20.5_20.5_20.5_20.5_20.5_20.5_20.5_20.5_20.5_20.5_20.5_20.5_20.5_20.5	4N	26	20.5	SUM-159_NLS_4N_C_A12_seed	SUM-159_NLS_4N_C_A12	76	3.51507537688442	1.77195166442778	0.572081574399896	57	control	0.0712342377659384
20.5_20.5_20.5_20.5_20.5_20.5_20.5_20.5_20.5_20.5_20.5_20.5_20.5_20.5	4N	26	20.5	SUM-159_NLS_4N_C_A12_seed	SUM-159_NLS_4N_C_A12	77	3.55527638190955	1.76827256567048	0.57000311843629	57	control	0.0710863342983083
20.5_20.5_20.5_20.5_20.5_20.5_20.5_20.5_20.5_20.5_20.5_20.5_20.5_20.5	4N	26	20.5	SUM-159_NLS_4N_C_A12_seed	SUM-159_NLS_4N_C_A12	78	3.59547738693467	1.7147025817985	0.539239643886787	57	control	0.068932767107475
20.5_20.5_20.5_20.5_20.5_20.5_20.5_20.5_20.5_20.5_20.5_20.5_20.5_20.5	4N	26	20.5	SUM-159_NLS_4N_C_A12_seed	SUM-159_NLS_4N_C_A12	79	3.6356783919598	1.61151560900592	0.477175108236944	57	control	0.0647845470957131
20.5_20.5_20.5_20.5_20.5_20.5_20.5_20.5_20.5_20.5_20.5_20.5_20.5_20.5	4N	26	20.5	SUM-159_NLS_4N_C_A12_seed	SUM-159_NLS_4N_C_A12	80	3.67587939698492	1.46102551786258	0.379138598641072	57	control	0.0587346941854283
20.5_20.5_20.5_20.5_20.5_20.5_20.5_20.5_20.5_20.5_20.5_20.5_20.5_20.5	4N	26	20.5	SUM-159_NLS_4N_C_A12_seed	SUM-159_NLS_4N_C_A12	81	3.71608040201005	1.28975931006004	0.254455619616313	57	control	0.0518496205049244
20.5_20.5_20.5_20.5_20.5_20.5_20.5_20.5_20.5_20.5_20.5_20.5_20.5_20.5	4N	26	20.5	SUM-159_NLS_4N_C_A12_seed	SUM-159_NLS_4N_C_A12	82	3.75628140703518	1.11273862806928	0.106824209197959	57	control	0.044733211178663
20.5_20.5_20.5_20.5_20.5_20.5_20.5_20.5_20.5_20.5_20.5_20.5_20.5_20.5	4N	26	20.5	SUM-159_NLS_4N_C_A12_seed	SUM-159_NLS_4N_C_A12	83	3.7964824120603	0.918539576690736	-0.0849702868603131	57	control	0.0369262141383198
20.5_20.5_20.5_20.5_20.5_20.5_20.5_20.5_20.5_20.5_20.5_20.5_20.5_20.5	4N	26	20.5	SUM-159_NLS_4N_C_A12_seed	SUM-159_NLS_4N_C_A12	84	3.83668341708543	0.745284410448994	-0.293989374462063	57	control	0.0299611823296067
20.5_20.5_20.5_20.5_20.5_20.5_20.5_20.5_20.5_20.5_20.5_20.5_20.5_20.5	4N	26	20.5	SUM-159_NLS_4N_C_A12_seed	SUM-159_NLS_4N_C_A12	85	3.87688442211055	0.599519566938156	-0.511626666284638	57	control	0.0241012891231411
20.5_20.5_20.5_20.5_20.5_20.5_20.5_20.5_20.5_20.5_20.5_20.5_20.5_20.5	4N	26	20.5	SUM-159_NLS_4N_C_A12_seed	SUM-159_NLS_4N_C_A12	86	3.91708542713568	0.456098782854749	-0.785045863861008	57	control	0.0183356294614968
20.5_20.5_20.5_20.5_20.5_20.5_20.5_20.5_20.5_20.5_20.5_20.5_20.5_20.5	4N	26	20.5	SUM-159_NLS_4N_C_A12_seed	SUM-159_NLS_4N_C_A12	87	3.9572864321608	0.341032087448266	-1.07577870803681	57	control	0.0137098326612363
20.5_20.5_20.5_20.5_20.5_20.5_20.5_20.5_20.5_20.5_20.5_20.5_20.5_20.5	4N	26	20.5	SUM-159_NLS_4N_C_A12_seed	SUM-159_NLS_4N_C_A12	88	3.99748743718593	0.238048507138558	-1.43528081457086	57	control	0.00956978923170049
20.5_20.5_20.5_20.5_20.5_20.5_20.5_20.5_20.5_20.5_20.5_20.5_20.5_20.5	4N	26	20.5	SUM-159_NLS_4N_C_A12_seed	SUM-159_NLS_4N_C_A12	89	4.03768844221106	0.162201424980086	-1.81891635201213	57	control	0.00652066030070675
20.5_20.5_20.5_20.5_20.5_20.5_20.5_20.5_20.5_20.5_20.5_20.5_20.5_20.5	4N	26	20.5	SUM-159_NLS_4N_C_A12_seed	SUM-159_NLS_4N_C_A12	90	4.07788944723618	0.119599823977462	-2.12360390922704	57	control	0.00480803312472192
20.5_20.5_20.5_20.5_20.5_20.5_20.5_20.5_20.5_20.5_20.5_20.5_20.5_20.5	4N	26	20.5	SUM-159_NLS_4N_C_A12_seed	SUM-159_NLS_4N_C_A12	91	4.11809045226131	0.0891673461632065	-2.41724038082128	57	control	0.00358461693118406
20.5_20.5_20.5_20.5_20.5_20.5_20.5_20.5_20.5_20.5_20.5_20.5_20.5_20.5	4N	26	20.5	SUM-159_NLS_4N_C_A12_seed	SUM-159_NLS_4N_C_A12	92	4.15829145728643	0.0631861490139912	-2.76167016301967	57	control	0.00254014669402971
20.5_20.5_20.5_20.5_20.5_20.5_20.5_20.5_20.5_20.5_20.5_20.5_20.5_20.5	4N	26	20.5	SUM-159_NLS_4N_C_A12_seed	SUM-159_NLS_4N_C_A12	93	4.19849246231156	0.0462676259642513	-3.07331278569484	57	control	0.00186000506388943
20.5_20.5_20.5_20.5_20.5_20.5_20.5_20.5_20.5_20.5_20.5_20.5_20.5_20.5	4N	26	20.5	SUM-159_NLS_4N_C_A12_seed	SUM-159_NLS_4N_C_A12	94	4.23869346733668	0.0318593819686737	-3.4464233730351	57	control	0.00128077917462
20.5_20.5_20.5_20.5_20.5_20.5_20.5_20.5_20.5_20.5_20.5_20.5_20.5_20.5	4N	26	20.5	SUM-159_NLS_4N_C_A12_seed	SUM-159_NLS_4N_C_A12	95	4.27889447236181	0.0222234286247161	-3.80660820313164	57	control	0.000893404165817701
20.5_20.5_20.5_20.5_20.5_20.5_20.5_20.5_20.5_20.5_20.5_20.5_20.5_20.5	4N	26	20.5	SUM-159_NLS_4N_C_A12_seed	SUM-159_NLS_4N_C_A12	96	4.31909547738693	0.0158874231153935	-4.14222748179261	57	control	0.000638690376498209
20.5_20.5_20.5_20.5_20.5_20.5_20.5_20.5_20.5_20.5_20.5_20.5_20.5_20.5	4N	26	20.5	SUM-159_NLS_4N_C_A12_seed	SUM-159_NLS_4N_C_A12	97	4.35929648241206	0.010411387558927	-4.5648551142745	57	control	0.00041854824357494
20.5_20.5_20.5_20.5_20.5_20.5_20.5_20.5_20.5_20.5_20.5_20.5_20.5_20.5	4N	26	20.5	SUM-159_NLS_4N_C_A12_seed	SUM-159_NLS_4N_C_A12	98	4.39949748743719	0.00670601980213935	-5.00474967804366	57	control	0.000269588735764387
20.5_20.5_20.5_20.5_20.5_20.5_20.5_20.5_20.5_20.5_20.5_20.5_20.5_20.5	4N	26	20.5	SUM-159_NLS_4N_C_A12_seed	SUM-159_NLS_4N_C_A12	99	4.43969849246231	0.00549334005343973	-5.20421881984933	57	control	0.000220837791093047
20.5_20.5_20.5_20.5_20.5_20.5_20.5_20.5_20.5_20.5_20.5_20.5_20.5_20.5	4N	26	20.5	SUM-159_NLS_4N_C_A12_seed	SUM-159_NLS_4N_C_A12	100	4.47989949748744	0.0039037852867843	-5.54580861020597	57	control	0.000156936091931022
20.5_20.5_20.5_20.5_20.5_20.5_20.5_20.5_20.5_20.5_20.5_20.5_20.5_20.5	4N	26	20.5	SUM-159_NLS_4N_C_A12_seed	SUM-159_NLS_4N_C_A12	101	4.52010050251256	0.00266121590412964	-5.92897215381437	57	control	0.000106983553934856
20.5_20.5_20.5_20.5_20.5_20.5_20.5_20.5_20.5_20.5_20.5_20.5_20.5_20.5	4N	26	20.5	SUM-159_NLS_4N_C_A12_seed	SUM-159_NLS_4N_C_A12	102	4.56030150753769	0.00209563646594581	-6.16789796938586	57	control	8.42466920983211e-05
20.5_20.5_20.5_20.5_20.5_20.5_20.5_20.5_20.5_20.5_20.5_20.5_20.5_20.5	4N	26	20.5	SUM-159_NLS_4N_C_A12_seed	SUM-159_NLS_4N_C_A12	103	4.60050251256281	0.00135850525093745	-6.60137026385878	57	control	5.46132764195941e-05
20.5_20.5_20.5_20.5_20.5_20.5_20.5_20.5_20.5_20.5_20.5_20.5_20.5_20.5	4N	26	20.5	SUM-159_NLS_4N_C_A12_seed	SUM-159_NLS_4N_C_A12	104	4.64070351758794	0.00107001558495905	-6.84008206523211	57	control	4.30157019079e-05
20.5_20.5_20.5_20.5_20.5_20.5_20.5_20.5_20.5_20.5_20.5_20.5_20.5_20.5	4N	26	20.5	SUM-159_NLS_4N_C_A12_seed	SUM-159_NLS_4N_C_A12	105	4.68090452261307	0.000968624034222629	-6.93963401494079	57	control	3.893965966724e-05
20.5_20.5_20.5_20.5_20.5_20.5_20.5_20.5_20.5_20.5_20.5_20.5_20.5_20.5	4N	26	20.5	SUM-159_NLS_4N_C_A12_seed	SUM-159_NLS_4N_C_A12	106	4.72110552763819	0.000649327406174035	-7.3395734905403	57	control	2.61036143185533e-05
20.5_20.5_20.5_20.5_20.5_20.5_20.5_20.5_20.5_20.5_20.5_20.5_20.5_20.5	4N	26	20.5	SUM-159_NLS_4N_C_A12_seed	SUM-159_NLS_4N_C_A12	107	4.76130653266332	0.000590441933210104	-7.43463926211531	57	control	2.37363591240234e-05
20.5_20.5_20.5_20.5_20.5_20.5_20.5_20.5_20.5_20.5_20.5_20.5_20.5_20.5	4N	26	20.5	SUM-159_NLS_4N_C_A12_seed	SUM-159_NLS_4N_C_A12	108	4.80150753768844	0.00027952014306853	-8.18243619974219	57	control	1.12369906761214e-05
20.5_20.5_20.5_20.5_20.5_20.5_20.5_20.5_20.5_20.5_20.5_20.5_20.5_20.5	4N	26	20.5	SUM-159_NLS_4N_C_A12_seed	SUM-159_NLS_4N_C_A12	109	4.84170854271357	0.000222519914546458	-8.4104939567836	57	control	8.94552420287237e-06
20.5_20.5_20.5_20.5_20.5_20.5_20.5_20.5_20.5_20.5_20.5_20.5_20.5_20.5	4N	26	20.5	SUM-159_NLS_4N_C_A12_seed	SUM-159_NLS_4N_C_A12	110	4.88190954773869	0.000154156458903515	-8.77754250438979	57	control	6.19724457903556e-06
20.5_20.5_20.5_20.5_20.5_20.5_20.5_20.5_20.5_20.5_20.5_20.5_20.5_20.5	4N	26	20.5	SUM-159_NLS_4N_C_A12_seed	SUM-159_NLS_4N_C_A12	111	4.92211055276382	6.41907005260864e-05	-9.65365220937896	57	control	2.58053067441544e-06
20.5_20.5_20.5_20.5_20.5_20.5_20.5_20.5_20.5_20.5_20.5_20.5_20.5_20.5	4N	26	20.5	SUM-159_NLS_4N_C_A12_seed	SUM-159_NLS_4N_C_A12	112	4.96231155778894	6.8748253492407e-05	-9.58505922548708	57	control	2.76374888411677e-06
20.5_20.5_20.5_20.5_20.5_20.5_20.5_20.5_20.5_20.5_20.5_20.5_20.5_20.5	4N	26	20.5	SUM-159_NLS_4N_C_A12_seed	SUM-159_NLS_4N_C_A12	113	5.00251256281407	0.00011219091650316	-9.09530852623531	57	control	4.51018759811683e-06
20.5_20.5_20.5_20.5_20.5_20.5_20.5_20.5_20.5_20.5_20.5_20.5_20.5_20.5	4N	26	20.5	SUM-159_NLS_4N_C_A12_seed	SUM-159_NLS_4N_C_A12	114	5.0427135678392	4.44531325149043e-05	-10.0210751257112	57	control	1.78706060361418e-06
20.5_20.5_20.5_20.5_20.5_20.5_20.5_20.5_20.5_20.5_20.5_20.5_20.5_20.5	4N	26	20.5	SUM-159_NLS_4N_C_A12_seed	SUM-159_NLS_4N_C_A12	115	5.08291457286432	1.30573422728965e-05	-11.2461599561348	57	control	5.24918282327479e-07
20.5_20.5_20.5_20.5_20.5_20.5_20.5_20.5_20.5_20.5_20.5_20.5_20.5_20.5	4N	26	20.5	SUM-159_NLS_4N_C_A12_seed	SUM-159_NLS_4N_C_A12	116	5.12311557788945	2.62568465638024e-08	-17.4553390604386	57	control	1.05555162065534e-09
20.5_20.5_20.5_20.5_20.5_20.5_20.5_20.5_20.5_20.5_20.5_20.5_20.5_20.5	4N	26	20.5	SUM-159_NLS_4N_C_A12_seed	SUM-159_NLS_4N_C_A12	117	5.16331658291457	9.99883123807203e-13	-27.6311379989519	57	control	4.01963064847103e-14
20.5_20.5_20.5_20.5_20.5_20.5_20.5_20.5_20.5_20.5_20.5_20.5_20.5_20.5	4N	26	20.5	SUM-159_NLS_4N_C_A12_seed	SUM-159_NLS_4N_C_A12	118	5.2035175879397	9.99883123807203e-13	-27.6311379989519	57	control	4.01963064847103e-14
20.5_20.5_20.5_20.5_20.5_20.5_20.5_20.5_20.5_20.5_20.5_20.5_20.5_20.5	4N	26	20.5	SUM-159_NLS_4N_C_A12_seed	SUM-159_NLS_4N_C_A12	119	5.24371859296482	9.99883123807203e-13	-27.6311379989519	57	control	4.01963064847103e-14
20.5_20.5_20.5_20.5_20.5_20.5_20.5_20.5_20.5_20.5_20.5_20.5_20.5_20.5	4N	26	20.5	SUM-159_NLS_4N_C_A12_seed	SUM-159_NLS_4N_C_A12	120	5.28391959798995	9.99883123807203e-13	-27.6311379989519	57	control	4.01963064847103e-14
20.5_20.5_20.5_20.5_20.5_20.5_20.5_20.5_20.5_20.5_20.5_20.5_20.5_20.5	4N	26	20.5	SUM-159_NLS_4N_C_A12_seed	SUM-159_NLS_4N_C_A12	121	5.32412060301508	9.99883123807203e-13	-27.6311379989519	57	control	4.01963064847103e-14
20.5_20.5_20.5_20.5_20.5_20.5_20.5_20.5_20.5_20.5_20.5_20.5_20.5_20.5	4N	26	20.5	SUM-159_NLS_4N_C_A12_seed	SUM-159_NLS_4N_C_A12	122	5.3643216080402	9.99883123807203e-13	-27.6311379989519	57	control	4.01963064847103e-14
20.5_20.5_20.5_20.5_20.5_20.5_20.5_20.5_20.5_20.5_20.5_20.5_20.5_20.5	4N	26	20.5	SUM-159_NLS_4N_C_A12_seed	SUM-159_NLS_4N_C_A12	123	5.40452261306533	9.99883123807203e-13	-27.6311379989519	57	control	4.01963064847103e-14
20.5_20.5_20.5_20.5_20.5_20.5_20.5_20.5_20.5_20.5_20.5_20.5_20.5_20.5	4N	26	20.5	SUM-159_NLS_4N_C_A12_seed	SUM-159_NLS_4N_C_A12	124	5.44472361809045	9.99883123807203e-13	-27.6311379989519	57	control	4.01963064847103e-14
20.5_20.5_20.5_20.5_20.5_20.5_20.5_20.5_20.5_20.5_20.5_20.5_20.5_20.5	4N	26	20.5	SUM-159_NLS_4N_C_A12_seed	SUM-159_NLS_4N_C_A12	125	5.48492462311558	9.99883123807203e-13	-27.6311379989519	57	control	4.01963064847103e-14
20.5_20.5_20.5_20.5_20.5_20.5_20.5_20.5_20.5_20.5_20.5_20.5_20.5_20.5	4N	26	20.5	SUM-159_NLS_4N_C_A12_seed	SUM-159_NLS_4N_C_A12	126	5.5251256281407	9.99883123807203e-13	-27.6311379989519	57	control	4.01963064847103e-14
20.5_20.5_20.5_20.5_20.5_20.5_20.5_20.5_20.5_20.5_20.5_20.5_20.5_20.5	4N	26	20.5	SUM-159_NLS_4N_C_A12_seed	SUM-159_NLS_4N_C_A12	127	5.56532663316583	9.99883123807203e-13	-27.6311379989519	57	control	4.01963064847103e-14
20.5_20.5_20.5_20.5_20.5_20.5_20.5_20.5_20.5_20.5_20.5_20.5_20.5_20.5	4N	26	20.5	SUM-159_NLS_4N_C_A12_seed	SUM-159_NLS_4N_C_A12	128	5.60552763819095	9.99883123807203e-13	-27.6311379989519	57	control	4.01963064847103e-14
20.5_20.5_20.5_20.5_20.5_20.5_20.5_20.5_20.5_20.5_20.5_20.5_20.5_20.5	4N	26	20.5	SUM-159_NLS_4N_C_A12_seed	SUM-159_NLS_4N_C_A12	129	5.64572864321608	9.99883123807203e-13	-27.6311379989519	57	control	4.01963064847103e-14
20.5_20.5_20.5_20.5_20.5_20.5_20.5_20.5_20.5_20.5_20.5_20.5_20.5_20.5	4N	26	20.5	SUM-159_NLS_4N_C_A12_seed	SUM-159_NLS_4N_C_A12	130	5.68592964824121	9.99883123807203e-13	-27.6311379989519	57	control	4.01963064847103e-14
20.5_20.5_20.5_20.5_20.5_20.5_20.5_20.5_20.5_20.5_20.5_20.5_20.5_20.5	4N	26	20.5	SUM-159_NLS_4N_C_A12_seed	SUM-159_NLS_4N_C_A12	131	5.72613065326633	9.99883123807203e-13	-27.6311379989519	57	control	4.01963064847103e-14
20.5_20.5_20.5_20.5_20.5_20.5_20.5_20.5_20.5_20.5_20.5_20.5_20.5_20.5	4N	26	20.5	SUM-159_NLS_4N_C_A12_seed	SUM-159_NLS_4N_C_A12	132	5.76633165829146	9.99883123807203e-13	-27.6311379989519	57	control	4.01963064847103e-14
20.5_20.5_20.5_20.5_20.5_20.5_20.5_20.5_20.5_20.5_20.5_20.5_20.5_20.5	4N	26	20.5	SUM-159_NLS_4N_C_A12_seed	SUM-159_NLS_4N_C_A12	133	5.80653266331658	9.99883123807203e-13	-27.6311379989519	57	control	4.01963064847103e-14
20.5_20.5_20.5_20.5_20.5_20.5_20.5_20.5_20.5_20.5_20.5_20.5_20.5_20.5	4N	26	20.5	SUM-159_NLS_4N_C_A12_seed	SUM-159_NLS_4N_C_A12	134	5.84673366834171	9.99883123807203e-13	-27.6311379989519	57	control	4.01963064847103e-14
20.5_20.5_20.5_20.5_20.5_20.5_20.5_20.5_20.5_20.5_20.5_20.5_20.5_20.5	4N	26	20.5	SUM-159_NLS_4N_C_A12_seed	SUM-159_NLS_4N_C_A12	135	5.88693467336683	9.99883123807203e-13	-27.6311379989519	57	control	4.01963064847103e-14
20.5_20.5_20.5_20.5_20.5_20.5_20.5_20.5_20.5_20.5_20.5_20.5_20.5_20.5	4N	26	20.5	SUM-159_NLS_4N_C_A12_seed	SUM-159_NLS_4N_C_A12	136	5.92713567839196	9.99883123807203e-13	-27.6311379989519	57	control	4.01963064847103e-14
20.5_20.5_20.5_20.5_20.5_20.5_20.5_20.5_20.5_20.5_20.5_20.5_20.5_20.5	4N	26	20.5	SUM-159_NLS_4N_C_A12_seed	SUM-159_NLS_4N_C_A12	137	5.96733668341709	9.99883123807203e-13	-27.6311379989519	57	control	4.01963064847103e-14
20.5_20.5_20.5_20.5_20.5_20.5_20.5_20.5_20.5_20.5_20.5_20.5_20.5_20.5	4N	26	20.5	SUM-159_NLS_4N_C_A12_seed	SUM-159_NLS_4N_C_A12	138	6.00753768844221	9.99883123807203e-13	-27.6311379989519	57	control	4.01963064847103e-14
20.5_20.5_20.5_20.5_20.5_20.5_20.5_20.5_20.5_20.5_20.5_20.5_20.5_20.5	4N	26	20.5	SUM-159_NLS_4N_C_A12_seed	SUM-159_NLS_4N_C_A12	139	6.04773869346734	9.99883123807203e-13	-27.6311379989519	57	control	4.01963064847103e-14
20.5_20.5_20.5_20.5_20.5_20.5_20.5_20.5_20.5_20.5_20.5_20.5_20.5_20.5	4N	26	20.5	SUM-159_NLS_4N_C_A12_seed	SUM-159_NLS_4N_C_A12	140	6.08793969849246	9.99883123807203e-13	-27.6311379989519	57	control	4.01963064847103e-14
20.5_20.5_20.5_20.5_20.5_20.5_20.5_20.5_20.5_20.5_20.5_20.5_20.5_20.5	4N	26	20.5	SUM-159_NLS_4N_C_A12_seed	SUM-159_NLS_4N_C_A12	141	6.12814070351759	9.99883123807203e-13	-27.6311379989519	57	control	4.01963064847103e-14
20.5_20.5_20.5_20.5_20.5_20.5_20.5_20.5_20.5_20.5_20.5_20.5_20.5_20.5	4N	26	20.5	SUM-159_NLS_4N_C_A12_seed	SUM-159_NLS_4N_C_A12	142	6.16834170854271	9.99883123807203e-13	-27.6311379989519	57	control	4.01963064847103e-14
20.5_20.5_20.5_20.5_20.5_20.5_20.5_20.5_20.5_20.5_20.5_20.5_20.5_20.5	4N	26	20.5	SUM-159_NLS_4N_C_A12_seed	SUM-159_NLS_4N_C_A12	143	6.20854271356784	9.99883123807203e-13	-27.6311379989519	57	control	4.01963064847103e-14
20.5_20.5_20.5_20.5_20.5_20.5_20.5_20.5_20.5_20.5_20.5_20.5_20.5_20.5	4N	26	20.5	SUM-159_NLS_4N_C_A12_seed	SUM-159_NLS_4N_C_A12	144	6.24874371859296	9.99883123807203e-13	-27.6311379989519	57	control	4.01963064847103e-14
20.5_20.5_20.5_20.5_20.5_20.5_20.5_20.5_20.5_20.5_20.5_20.5_20.5_20.5	4N	26	20.5	SUM-159_NLS_4N_C_A12_seed	SUM-159_NLS_4N_C_A12	145	6.28894472361809	9.99883123807203e-13	-27.6311379989519	57	control	4.01963064847103e-14
20.5_20.5_20.5_20.5_20.5_20.5_20.5_20.5_20.5_20.5_20.5_20.5_20.5_20.5	4N	26	20.5	SUM-159_NLS_4N_C_A12_seed	SUM-159_NLS_4N_C_A12	146	6.32914572864322	9.99883123807203e-13	-27.6311379989519	57	control	4.01963064847103e-14
20.5_20.5_20.5_20.5_20.5_20.5_20.5_20.5_20.5_20.5_20.5_20.5_20.5_20.5	4N	26	20.5	SUM-159_NLS_4N_C_A12_seed	SUM-159_NLS_4N_C_A12	147	6.36934673366834	9.99883123807203e-13	-27.6311379989519	57	control	4.01963064847103e-14
20.5_20.5_20.5_20.5_20.5_20.5_20.5_20.5_20.5_20.5_20.5_20.5_20.5_20.5	4N	26	20.5	SUM-159_NLS_4N_C_A12_seed	SUM-159_NLS_4N_C_A12	148	6.40954773869347	9.99883123807203e-13	-27.6311379989519	57	control	4.01963064847103e-14
20.5_20.5_20.5_20.5_20.5_20.5_20.5_20.5_20.5_20.5_20.5_20.5_20.5_20.5	4N	26	20.5	SUM-159_NLS_4N_C_A12_seed	SUM-159_NLS_4N_C_A12	149	6.44974874371859	9.99883123807203e-13	-27.6311379989519	57	control	4.01963064847103e-14
20.5_20.5_20.5_20.5_20.5_20.5_20.5_20.5_20.5_20.5_20.5_20.5_20.5_20.5	4N	26	20.5	SUM-159_NLS_4N_C_A12_seed	SUM-159_NLS_4N_C_A12	150	6.48994974874372	9.99883123807203e-13	-27.6311379989519	57	control	4.01963064847103e-14
20.5_20.5_20.5_20.5_20.5_20.5_20.5_20.5_20.5_20.5_20.5_20.5_20.5_20.5	4N	26	20.5	SUM-159_NLS_4N_C_A12_seed	SUM-159_NLS_4N_C_A12	151	6.53015075376884	9.99883123807203e-13	-27.6311379989519	57	control	4.01963064847103e-14
20.5_20.5_20.5_20.5_20.5_20.5_20.5_20.5_20.5_20.5_20.5_20.5_20.5_20.5	4N	26	20.5	SUM-159_NLS_4N_C_A12_seed	SUM-159_NLS_4N_C_A12	152	6.57035175879397	9.99883123807203e-13	-27.6311379989519	57	control	4.01963064847103e-14
20.5_20.5_20.5_20.5_20.5_20.5_20.5_20.5_20.5_20.5_20.5_20.5_20.5_20.5	4N	26	20.5	SUM-159_NLS_4N_C_A12_seed	SUM-159_NLS_4N_C_A12	153	6.6105527638191	9.99883123807203e-13	-27.6311379989519	57	control	4.01963064847103e-14
20.5_20.5_20.5_20.5_20.5_20.5_20.5_20.5_20.5_20.5_20.5_20.5_20.5_20.5	4N	26	20.5	SUM-159_NLS_4N_C_A12_seed	SUM-159_NLS_4N_C_A12	154	6.65075376884422	9.99883123807203e-13	-27.6311379989519	57	control	4.01963064847103e-14
20.5_20.5_20.5_20.5_20.5_20.5_20.5_20.5_20.5_20.5_20.5_20.5_20.5_20.5	4N	26	20.5	SUM-159_NLS_4N_C_A12_seed	SUM-159_NLS_4N_C_A12	155	6.69095477386935	9.99883123807203e-13	-27.6311379989519	57	control	4.01963064847103e-14
20.5_20.5_20.5_20.5_20.5_20.5_20.5_20.5_20.5_20.5_20.5_20.5_20.5_20.5	4N	26	20.5	SUM-159_NLS_4N_C_A12_seed	SUM-159_NLS_4N_C_A12	156	6.73115577889447	9.99883123807203e-13	-27.6311379989519	57	control	4.01963064847103e-14
20.5_20.5_20.5_20.5_20.5_20.5_20.5_20.5_20.5_20.5_20.5_20.5_20.5_20.5	4N	26	20.5	SUM-159_NLS_4N_C_A12_seed	SUM-159_NLS_4N_C_A12	157	6.7713567839196	9.99883123807203e-13	-27.6311379989519	57	control	4.01963064847103e-14
20.5_20.5_20.5_20.5_20.5_20.5_20.5_20.5_20.5_20.5_20.5_20.5_20.5_20.5	4N	26	20.5	SUM-159_NLS_4N_C_A12_seed	SUM-159_NLS_4N_C_A12	158	6.81155778894472	9.99883123807203e-13	-27.6311379989519	57	control	4.01963064847103e-14
20.5_20.5_20.5_20.5_20.5_20.5_20.5_20.5_20.5_20.5_20.5_20.5_20.5_20.5	4N	26	20.5	SUM-159_NLS_4N_C_A12_seed	SUM-159_NLS_4N_C_A12	159	6.85175879396985	9.99883123807203e-13	-27.6311379989519	57	control	4.01963064847103e-14
20.5_20.5_20.5_20.5_20.5_20.5_20.5_20.5_20.5_20.5_20.5_20.5_20.5_20.5	4N	26	20.5	SUM-159_NLS_4N_C_A12_seed	SUM-159_NLS_4N_C_A12	160	6.89195979899498	9.99883123807203e-13	-27.6311379989519	57	control	4.01963064847103e-14
20.5_20.5_20.5_20.5_20.5_20.5_20.5_20.5_20.5_20.5_20.5_20.5_20.5_20.5	4N	26	20.5	SUM-159_NLS_4N_C_A12_seed	SUM-159_NLS_4N_C_A12	161	6.9321608040201	9.99883123807203e-13	-27.6311379989519	57	control	4.01963064847103e-14
20.5_20.5_20.5_20.5_20.5_20.5_20.5_20.5_20.5_20.5_20.5_20.5_20.5_20.5	4N	26	20.5	SUM-159_NLS_4N_C_A12_seed	SUM-159_NLS_4N_C_A12	162	6.97236180904523	9.99883123807203e-13	-27.6311379989519	57	control	4.01963064847103e-14
20.5_20.5_20.5_20.5_20.5_20.5_20.5_20.5_20.5_20.5_20.5_20.5_20.5_20.5	4N	26	20.5	SUM-159_NLS_4N_C_A12_seed	SUM-159_NLS_4N_C_A12	163	7.01256281407035	9.99883123807203e-13	-27.6311379989519	57	control	4.01963064847103e-14
20.5_20.5_20.5_20.5_20.5_20.5_20.5_20.5_20.5_20.5_20.5_20.5_20.5_20.5	4N	26	20.5	SUM-159_NLS_4N_C_A12_seed	SUM-159_NLS_4N_C_A12	164	7.05276381909548	9.99883123807203e-13	-27.6311379989519	57	control	4.01963064847103e-14
20.5_20.5_20.5_20.5_20.5_20.5_20.5_20.5_20.5_20.5_20.5_20.5_20.5_20.5	4N	26	20.5	SUM-159_NLS_4N_C_A12_seed	SUM-159_NLS_4N_C_A12	165	7.0929648241206	9.99883123807203e-13	-27.6311379989519	57	control	4.01963064847103e-14
20.5_20.5_20.5_20.5_20.5_20.5_20.5_20.5_20.5_20.5_20.5_20.5_20.5_20.5	4N	26	20.5	SUM-159_NLS_4N_C_A12_seed	SUM-159_NLS_4N_C_A12	166	7.13316582914573	9.99883123807203e-13	-27.6311379989519	57	control	4.01963064847103e-14
20.5_20.5_20.5_20.5_20.5_20.5_20.5_20.5_20.5_20.5_20.5_20.5_20.5_20.5	4N	26	20.5	SUM-159_NLS_4N_C_A12_seed	SUM-159_NLS_4N_C_A12	167	7.17336683417085	9.99883123807203e-13	-27.6311379989519	57	control	4.01963064847103e-14
20.5_20.5_20.5_20.5_20.5_20.5_20.5_20.5_20.5_20.5_20.5_20.5_20.5_20.5	4N	26	20.5	SUM-159_NLS_4N_C_A12_seed	SUM-159_NLS_4N_C_A12	168	7.21356783919598	9.99883123807203e-13	-27.6311379989519	57	control	4.01963064847103e-14
20.5_20.5_20.5_20.5_20.5_20.5_20.5_20.5_20.5_20.5_20.5_20.5_20.5_20.5	4N	26	20.5	SUM-159_NLS_4N_C_A12_seed	SUM-159_NLS_4N_C_A12	169	7.25376884422111	9.99883123807203e-13	-27.6311379989519	57	control	4.01963064847103e-14
20.5_20.5_20.5_20.5_20.5_20.5_20.5_20.5_20.5_20.5_20.5_20.5_20.5_20.5	4N	26	20.5	SUM-159_NLS_4N_C_A12_seed	SUM-159_NLS_4N_C_A12	170	7.29396984924623	9.99883123807203e-13	-27.6311379989519	57	control	4.01963064847103e-14
20.5_20.5_20.5_20.5_20.5_20.5_20.5_20.5_20.5_20.5_20.5_20.5_20.5_20.5	4N	26	20.5	SUM-159_NLS_4N_C_A12_seed	SUM-159_NLS_4N_C_A12	171	7.33417085427136	9.99883123807203e-13	-27.6311379989519	57	control	4.01963064847103e-14
20.5_20.5_20.5_20.5_20.5_20.5_20.5_20.5_20.5_20.5_20.5_20.5_20.5_20.5	4N	26	20.5	SUM-159_NLS_4N_C_A12_seed	SUM-159_NLS_4N_C_A12	172	7.37437185929648	9.99883123807203e-13	-27.6311379989519	57	control	4.01963064847103e-14
20.5_20.5_20.5_20.5_20.5_20.5_20.5_20.5_20.5_20.5_20.5_20.5_20.5_20.5	4N	26	20.5	SUM-159_NLS_4N_C_A12_seed	SUM-159_NLS_4N_C_A12	173	7.41457286432161	9.99883123807203e-13	-27.6311379989519	57	control	4.01963064847103e-14
20.5_20.5_20.5_20.5_20.5_20.5_20.5_20.5_20.5_20.5_20.5_20.5_20.5_20.5	4N	26	20.5	SUM-159_NLS_4N_C_A12_seed	SUM-159_NLS_4N_C_A12	174	7.45477386934673	9.99883123807203e-13	-27.6311379989519	57	control	4.01963064847103e-14
20.5_20.5_20.5_20.5_20.5_20.5_20.5_20.5_20.5_20.5_20.5_20.5_20.5_20.5	4N	26	20.5	SUM-159_NLS_4N_C_A12_seed	SUM-159_NLS_4N_C_A12	175	7.49497487437186	9.99883123807203e-13	-27.6311379989519	57	control	4.01963064847103e-14
20.5_20.5_20.5_20.5_20.5_20.5_20.5_20.5_20.5_20.5_20.5_20.5_20.5_20.5	4N	26	20.5	SUM-159_NLS_4N_C_A12_seed	SUM-159_NLS_4N_C_A12	176	7.53517587939699	9.99883123807203e-13	-27.6311379989519	57	control	4.01963064847103e-14
20.5_20.5_20.5_20.5_20.5_20.5_20.5_20.5_20.5_20.5_20.5_20.5_20.5_20.5	4N	26	20.5	SUM-159_NLS_4N_C_A12_seed	SUM-159_NLS_4N_C_A12	177	7.57537688442211	9.99883123807203e-13	-27.6311379989519	57	control	4.01963064847103e-14
20.5_20.5_20.5_20.5_20.5_20.5_20.5_20.5_20.5_20.5_20.5_20.5_20.5_20.5	4N	26	20.5	SUM-159_NLS_4N_C_A12_seed	SUM-159_NLS_4N_C_A12	178	7.61557788944724	9.99883123807203e-13	-27.6311379989519	57	control	4.01963064847103e-14
20.5_20.5_20.5_20.5_20.5_20.5_20.5_20.5_20.5_20.5_20.5_20.5_20.5_20.5	4N	26	20.5	SUM-159_NLS_4N_C_A12_seed	SUM-159_NLS_4N_C_A12	179	7.65577889447236	9.99883123807203e-13	-27.6311379989519	57	control	4.01963064847103e-14
20.5_20.5_20.5_20.5_20.5_20.5_20.5_20.5_20.5_20.5_20.5_20.5_20.5_20.5	4N	26	20.5	SUM-159_NLS_4N_C_A12_seed	SUM-159_NLS_4N_C_A12	180	7.69597989949749	9.99883123807203e-13	-27.6311379989519	57	control	4.01963064847103e-14
20.5_20.5_20.5_20.5_20.5_20.5_20.5_20.5_20.5_20.5_20.5_20.5_20.5_20.5	4N	26	20.5	SUM-159_NLS_4N_C_A12_seed	SUM-159_NLS_4N_C_A12	181	7.73618090452261	9.99883123807203e-13	-27.6311379989519	57	control	4.01963064847103e-14
20.5_20.5_20.5_20.5_20.5_20.5_20.5_20.5_20.5_20.5_20.5_20.5_20.5_20.5	4N	26	20.5	SUM-159_NLS_4N_C_A12_seed	SUM-159_NLS_4N_C_A12	182	7.77638190954774	9.99883123807203e-13	-27.6311379989519	57	control	4.01963064847103e-14
20.5_20.5_20.5_20.5_20.5_20.5_20.5_20.5_20.5_20.5_20.5_20.5_20.5_20.5	4N	26	20.5	SUM-159_NLS_4N_C_A12_seed	SUM-159_NLS_4N_C_A12	183	7.81658291457286	9.99883123807203e-13	-27.6311379989519	57	control	4.01963064847103e-14
20.5_20.5_20.5_20.5_20.5_20.5_20.5_20.5_20.5_20.5_20.5_20.5_20.5_20.5	4N	26	20.5	SUM-159_NLS_4N_C_A12_seed	SUM-159_NLS_4N_C_A12	184	7.85678391959799	9.99883123807203e-13	-27.6311379989519	57	control	4.01963064847103e-14
20.5_20.5_20.5_20.5_20.5_20.5_20.5_20.5_20.5_20.5_20.5_20.5_20.5_20.5	4N	26	20.5	SUM-159_NLS_4N_C_A12_seed	SUM-159_NLS_4N_C_A12	185	7.89698492462312	9.99883123807203e-13	-27.6311379989519	57	control	4.01963064847103e-14
20.5_20.5_20.5_20.5_20.5_20.5_20.5_20.5_20.5_20.5_20.5_20.5_20.5_20.5	4N	26	20.5	SUM-159_NLS_4N_C_A12_seed	SUM-159_NLS_4N_C_A12	186	7.93718592964824	9.99883123807203e-13	-27.6311379989519	57	control	4.01963064847103e-14
20.5_20.5_20.5_20.5_20.5_20.5_20.5_20.5_20.5_20.5_20.5_20.5_20.5_20.5	4N	26	20.5	SUM-159_NLS_4N_C_A12_seed	SUM-159_NLS_4N_C_A12	187	7.97738693467337	9.99883123807203e-13	-27.6311379989519	57	control	4.01963064847103e-14
20.5_20.5_20.5_20.5_20.5_20.5_20.5_20.5_20.5_20.5_20.5_20.5_20.5_20.5	4N	26	20.5	SUM-159_NLS_4N_C_A12_seed	SUM-159_NLS_4N_C_A12	188	8.01758793969849	9.99883123807203e-13	-27.6311379989519	57	control	4.01963064847103e-14
20.5_20.5_20.5_20.5_20.5_20.5_20.5_20.5_20.5_20.5_20.5_20.5_20.5_20.5	4N	26	20.5	SUM-159_NLS_4N_C_A12_seed	SUM-159_NLS_4N_C_A12	189	8.05778894472362	9.99883123807203e-13	-27.6311379989519	57	control	4.01963064847103e-14
20.5_20.5_20.5_20.5_20.5_20.5_20.5_20.5_20.5_20.5_20.5_20.5_20.5_20.5	4N	26	20.5	SUM-159_NLS_4N_C_A12_seed	SUM-159_NLS_4N_C_A12	190	8.09798994974874	9.99883123807203e-13	-27.6311379989519	57	control	4.01963064847103e-14
20.5_20.5_20.5_20.5_20.5_20.5_20.5_20.5_20.5_20.5_20.5_20.5_20.5_20.5	4N	26	20.5	SUM-159_NLS_4N_C_A12_seed	SUM-159_NLS_4N_C_A12	191	8.13819095477387	9.99883123807203e-13	-27.6311379989519	57	control	4.01963064847103e-14
20.5_20.5_20.5_20.5_20.5_20.5_20.5_20.5_20.5_20.5_20.5_20.5_20.5_20.5	4N	26	20.5	SUM-159_NLS_4N_C_A12_seed	SUM-159_NLS_4N_C_A12	192	8.178391959799	9.99883123807203e-13	-27.6311379989519	57	control	4.01963064847103e-14
20.5_20.5_20.5_20.5_20.5_20.5_20.5_20.5_20.5_20.5_20.5_20.5_20.5_20.5	4N	26	20.5	SUM-159_NLS_4N_C_A12_seed	SUM-159_NLS_4N_C_A12	193	8.21859296482412	9.99883123807203e-13	-27.6311379989519	57	control	4.01963064847103e-14
20.5_20.5_20.5_20.5_20.5_20.5_20.5_20.5_20.5_20.5_20.5_20.5_20.5_20.5	4N	26	20.5	SUM-159_NLS_4N_C_A12_seed	SUM-159_NLS_4N_C_A12	194	8.25879396984925	9.99883123807203e-13	-27.6311379989519	57	control	4.01963064847103e-14
20.5_20.5_20.5_20.5_20.5_20.5_20.5_20.5_20.5_20.5_20.5_20.5_20.5_20.5	4N	26	20.5	SUM-159_NLS_4N_C_A12_seed	SUM-159_NLS_4N_C_A12	195	8.29899497487437	9.99883123807203e-13	-27.6311379989519	57	control	4.01963064847103e-14
20.5_20.5_20.5_20.5_20.5_20.5_20.5_20.5_20.5_20.5_20.5_20.5_20.5_20.5	4N	26	20.5	SUM-159_NLS_4N_C_A12_seed	SUM-159_NLS_4N_C_A12	196	8.3391959798995	9.99883123807203e-13	-27.6311379989519	57	control	4.01963064847103e-14
20.5_20.5_20.5_20.5_20.5_20.5_20.5_20.5_20.5_20.5_20.5_20.5_20.5_20.5	4N	26	20.5	SUM-159_NLS_4N_C_A12_seed	SUM-159_NLS_4N_C_A12	197	8.37939698492462	9.99883123807203e-13	-27.6311379989519	57	control	4.01963064847103e-14
20.5_20.5_20.5_20.5_20.5_20.5_20.5_20.5_20.5_20.5_20.5_20.5_20.5_20.5	4N	26	20.5	SUM-159_NLS_4N_C_A12_seed	SUM-159_NLS_4N_C_A12	198	8.41959798994975	9.99883123807203e-13	-27.6311379989519	57	control	4.01963064847103e-14
20.5_20.5_20.5_20.5_20.5_20.5_20.5_20.5_20.5_20.5_20.5_20.5_20.5_20.5	4N	26	20.5	SUM-159_NLS_4N_C_A12_seed	SUM-159_NLS_4N_C_A12	199	8.45979899497488	9.99883123807203e-13	-27.6311379989519	57	control	4.01963064847103e-14
20.5_20.5_20.5_20.5_20.5_20.5_20.5_20.5_20.5_20.5_20.5_20.5_20.5_20.5	4N	26	20.5	SUM-159_NLS_4N_C_A12_seed	SUM-159_NLS_4N_C_A12	200	8.5	9.99883123807203e-13	-27.6311379989519	57	control	4.01963064847103e-14
20.5_20.5_2_1_0.5_0.3_0.2_0.1_0_0_0_0_0_0	4N	27	0	SUM-159_NLS_4N_O1_A12_seed	SUM-159_NLS_4N_O1_A12	1	0.5	9.99994315189708e-13	-27.631026800755	85	oxygen-deprived	4.02007764900371e-14
20.5_20.5_2_1_0.5_0.3_0.2_0.1_0_0_0_0_0_0	4N	27	0	SUM-159_NLS_4N_O1_A12_seed	SUM-159_NLS_4N_O1_A12	2	0.540201005025126	9.99994315189708e-13	-27.631026800755	85	oxygen-deprived	4.02007764900371e-14
20.5_20.5_2_1_0.5_0.3_0.2_0.1_0_0_0_0_0_0	4N	27	0	SUM-159_NLS_4N_O1_A12_seed	SUM-159_NLS_4N_O1_A12	3	0.580402010050251	9.99994315189708e-13	-27.631026800755	85	oxygen-deprived	4.02007764900371e-14
20.5_20.5_2_1_0.5_0.3_0.2_0.1_0_0_0_0_0_0	4N	27	0	SUM-159_NLS_4N_O1_A12_seed	SUM-159_NLS_4N_O1_A12	4	0.620603015075377	9.99994315189708e-13	-27.631026800755	85	oxygen-deprived	4.02007764900371e-14
20.5_20.5_2_1_0.5_0.3_0.2_0.1_0_0_0_0_0_0	4N	27	0	SUM-159_NLS_4N_O1_A12_seed	SUM-159_NLS_4N_O1_A12	5	0.660804020100503	9.99994315189708e-13	-27.631026800755	85	oxygen-deprived	4.02007764900371e-14
20.5_20.5_2_1_0.5_0.3_0.2_0.1_0_0_0_0_0_0	4N	27	0	SUM-159_NLS_4N_O1_A12_seed	SUM-159_NLS_4N_O1_A12	6	0.701005025125628	9.99994315189708e-13	-27.631026800755	85	oxygen-deprived	4.02007764900371e-14
20.5_20.5_2_1_0.5_0.3_0.2_0.1_0_0_0_0_0_0	4N	27	0	SUM-159_NLS_4N_O1_A12_seed	SUM-159_NLS_4N_O1_A12	7	0.741206030150754	9.99994315189708e-13	-27.631026800755	85	oxygen-deprived	4.02007764900371e-14
20.5_20.5_2_1_0.5_0.3_0.2_0.1_0_0_0_0_0_0	4N	27	0	SUM-159_NLS_4N_O1_A12_seed	SUM-159_NLS_4N_O1_A12	8	0.781407035175879	9.99994315189708e-13	-27.631026800755	85	oxygen-deprived	4.02007764900371e-14
20.5_20.5_2_1_0.5_0.3_0.2_0.1_0_0_0_0_0_0	4N	27	0	SUM-159_NLS_4N_O1_A12_seed	SUM-159_NLS_4N_O1_A12	9	0.821608040201005	9.99994315189708e-13	-27.631026800755	85	oxygen-deprived	4.02007764900371e-14
20.5_20.5_2_1_0.5_0.3_0.2_0.1_0_0_0_0_0_0	4N	27	0	SUM-159_NLS_4N_O1_A12_seed	SUM-159_NLS_4N_O1_A12	10	0.861809045226131	9.99994315189708e-13	-27.631026800755	85	oxygen-deprived	4.02007764900371e-14
20.5_20.5_2_1_0.5_0.3_0.2_0.1_0_0_0_0_0_0	4N	27	0	SUM-159_NLS_4N_O1_A12_seed	SUM-159_NLS_4N_O1_A12	11	0.902010050251256	9.99994315189708e-13	-27.631026800755	85	oxygen-deprived	4.02007764900371e-14
20.5_20.5_2_1_0.5_0.3_0.2_0.1_0_0_0_0_0_0	4N	27	0	SUM-159_NLS_4N_O1_A12_seed	SUM-159_NLS_4N_O1_A12	12	0.942211055276382	9.99994315189708e-13	-27.631026800755	85	oxygen-deprived	4.02007764900371e-14
20.5_20.5_2_1_0.5_0.3_0.2_0.1_0_0_0_0_0_0	4N	27	0	SUM-159_NLS_4N_O1_A12_seed	SUM-159_NLS_4N_O1_A12	13	0.982412060301508	9.99994315189708e-13	-27.631026800755	85	oxygen-deprived	4.02007764900371e-14
20.5_20.5_2_1_0.5_0.3_0.2_0.1_0_0_0_0_0_0	4N	27	0	SUM-159_NLS_4N_O1_A12_seed	SUM-159_NLS_4N_O1_A12	14	1.02261306532663	9.99994315189708e-13	-27.631026800755	85	oxygen-deprived	4.02007764900371e-14
20.5_20.5_2_1_0.5_0.3_0.2_0.1_0_0_0_0_0_0	4N	27	0	SUM-159_NLS_4N_O1_A12_seed	SUM-159_NLS_4N_O1_A12	15	1.06281407035176	9.99994315189708e-13	-27.631026800755	85	oxygen-deprived	4.02007764900371e-14
20.5_20.5_2_1_0.5_0.3_0.2_0.1_0_0_0_0_0_0	4N	27	0	SUM-159_NLS_4N_O1_A12_seed	SUM-159_NLS_4N_O1_A12	16	1.10301507537688	9.99994315189708e-13	-27.631026800755	85	oxygen-deprived	4.02007764900371e-14
20.5_20.5_2_1_0.5_0.3_0.2_0.1_0_0_0_0_0_0	4N	27	0	SUM-159_NLS_4N_O1_A12_seed	SUM-159_NLS_4N_O1_A12	17	1.14321608040201	9.99994315189708e-13	-27.631026800755	85	oxygen-deprived	4.02007764900371e-14
20.5_20.5_2_1_0.5_0.3_0.2_0.1_0_0_0_0_0_0	4N	27	0	SUM-159_NLS_4N_O1_A12_seed	SUM-159_NLS_4N_O1_A12	18	1.18341708542714	9.99994315189708e-13	-27.631026800755	85	oxygen-deprived	4.02007764900371e-14
20.5_20.5_2_1_0.5_0.3_0.2_0.1_0_0_0_0_0_0	4N	27	0	SUM-159_NLS_4N_O1_A12_seed	SUM-159_NLS_4N_O1_A12	19	1.22361809045226	9.99994315189708e-13	-27.631026800755	85	oxygen-deprived	4.02007764900371e-14
20.5_20.5_2_1_0.5_0.3_0.2_0.1_0_0_0_0_0_0	4N	27	0	SUM-159_NLS_4N_O1_A12_seed	SUM-159_NLS_4N_O1_A12	20	1.26381909547739	9.99994315189708e-13	-27.631026800755	85	oxygen-deprived	4.02007764900371e-14
20.5_20.5_2_1_0.5_0.3_0.2_0.1_0_0_0_0_0_0	4N	27	0	SUM-159_NLS_4N_O1_A12_seed	SUM-159_NLS_4N_O1_A12	21	1.30402010050251	9.99994315189708e-13	-27.631026800755	85	oxygen-deprived	4.02007764900371e-14
20.5_20.5_2_1_0.5_0.3_0.2_0.1_0_0_0_0_0_0	4N	27	0	SUM-159_NLS_4N_O1_A12_seed	SUM-159_NLS_4N_O1_A12	22	1.34422110552764	9.99994315189708e-13	-27.631026800755	85	oxygen-deprived	4.02007764900371e-14
20.5_20.5_2_1_0.5_0.3_0.2_0.1_0_0_0_0_0_0	4N	27	0	SUM-159_NLS_4N_O1_A12_seed	SUM-159_NLS_4N_O1_A12	23	1.38442211055276	9.99994315189708e-13	-27.631026800755	85	oxygen-deprived	4.02007764900371e-14
20.5_20.5_2_1_0.5_0.3_0.2_0.1_0_0_0_0_0_0	4N	27	0	SUM-159_NLS_4N_O1_A12_seed	SUM-159_NLS_4N_O1_A12	24	1.42462311557789	9.99994315189708e-13	-27.631026800755	85	oxygen-deprived	4.02007764900371e-14
20.5_20.5_2_1_0.5_0.3_0.2_0.1_0_0_0_0_0_0	4N	27	0	SUM-159_NLS_4N_O1_A12_seed	SUM-159_NLS_4N_O1_A12	25	1.46482412060302	9.99994315189708e-13	-27.631026800755	85	oxygen-deprived	4.02007764900371e-14
20.5_20.5_2_1_0.5_0.3_0.2_0.1_0_0_0_0_0_0	4N	27	0	SUM-159_NLS_4N_O1_A12_seed	SUM-159_NLS_4N_O1_A12	26	1.50502512562814	9.99994315189708e-13	-27.631026800755	85	oxygen-deprived	4.02007764900371e-14
20.5_20.5_2_1_0.5_0.3_0.2_0.1_0_0_0_0_0_0	4N	27	0	SUM-159_NLS_4N_O1_A12_seed	SUM-159_NLS_4N_O1_A12	27	1.54522613065327	9.99994315189708e-13	-27.631026800755	85	oxygen-deprived	4.02007764900371e-14
20.5_20.5_2_1_0.5_0.3_0.2_0.1_0_0_0_0_0_0	4N	27	0	SUM-159_NLS_4N_O1_A12_seed	SUM-159_NLS_4N_O1_A12	28	1.58542713567839	9.99994315189708e-13	-27.631026800755	85	oxygen-deprived	4.02007764900371e-14
20.5_20.5_2_1_0.5_0.3_0.2_0.1_0_0_0_0_0_0	4N	27	0	SUM-159_NLS_4N_O1_A12_seed	SUM-159_NLS_4N_O1_A12	29	1.62562814070352	9.99994315189708e-13	-27.631026800755	85	oxygen-deprived	4.02007764900371e-14
20.5_20.5_2_1_0.5_0.3_0.2_0.1_0_0_0_0_0_0	4N	27	0	SUM-159_NLS_4N_O1_A12_seed	SUM-159_NLS_4N_O1_A12	30	1.66582914572864	9.99994315189708e-13	-27.631026800755	85	oxygen-deprived	4.02007764900371e-14
20.5_20.5_2_1_0.5_0.3_0.2_0.1_0_0_0_0_0_0	4N	27	0	SUM-159_NLS_4N_O1_A12_seed	SUM-159_NLS_4N_O1_A12	31	1.70603015075377	9.99994315189708e-13	-27.631026800755	85	oxygen-deprived	4.02007764900371e-14
20.5_20.5_2_1_0.5_0.3_0.2_0.1_0_0_0_0_0_0	4N	27	0	SUM-159_NLS_4N_O1_A12_seed	SUM-159_NLS_4N_O1_A12	32	1.74623115577889	9.99994315189708e-13	-27.631026800755	85	oxygen-deprived	4.02007764900371e-14
20.5_20.5_2_1_0.5_0.3_0.2_0.1_0_0_0_0_0_0	4N	27	0	SUM-159_NLS_4N_O1_A12_seed	SUM-159_NLS_4N_O1_A12	33	1.78643216080402	9.99994315189708e-13	-27.631026800755	85	oxygen-deprived	4.02007764900371e-14
20.5_20.5_2_1_0.5_0.3_0.2_0.1_0_0_0_0_0_0	4N	27	0	SUM-159_NLS_4N_O1_A12_seed	SUM-159_NLS_4N_O1_A12	34	1.82663316582915	9.99994315189708e-13	-27.631026800755	85	oxygen-deprived	4.02007764900371e-14
20.5_20.5_2_1_0.5_0.3_0.2_0.1_0_0_0_0_0_0	4N	27	0	SUM-159_NLS_4N_O1_A12_seed	SUM-159_NLS_4N_O1_A12	35	1.86683417085427	9.99994315189708e-13	-27.631026800755	85	oxygen-deprived	4.02007764900371e-14
20.5_20.5_2_1_0.5_0.3_0.2_0.1_0_0_0_0_0_0	4N	27	0	SUM-159_NLS_4N_O1_A12_seed	SUM-159_NLS_4N_O1_A12	36	1.9070351758794	9.99994315189708e-13	-27.631026800755	85	oxygen-deprived	4.02007764900371e-14
20.5_20.5_2_1_0.5_0.3_0.2_0.1_0_0_0_0_0_0	4N	27	0	SUM-159_NLS_4N_O1_A12_seed	SUM-159_NLS_4N_O1_A12	37	1.94723618090452	9.99994315189708e-13	-27.631026800755	85	oxygen-deprived	4.02007764900371e-14
20.5_20.5_2_1_0.5_0.3_0.2_0.1_0_0_0_0_0_0	4N	27	0	SUM-159_NLS_4N_O1_A12_seed	SUM-159_NLS_4N_O1_A12	38	1.98743718592965	9.99994315189708e-13	-27.631026800755	85	oxygen-deprived	4.02007764900371e-14
20.5_20.5_2_1_0.5_0.3_0.2_0.1_0_0_0_0_0_0	4N	27	0	SUM-159_NLS_4N_O1_A12_seed	SUM-159_NLS_4N_O1_A12	39	2.02763819095477	9.99994315189708e-13	-27.631026800755	85	oxygen-deprived	4.02007764900371e-14
20.5_20.5_2_1_0.5_0.3_0.2_0.1_0_0_0_0_0_0	4N	27	0	SUM-159_NLS_4N_O1_A12_seed	SUM-159_NLS_4N_O1_A12	40	2.0678391959799	9.99994315189708e-13	-27.631026800755	85	oxygen-deprived	4.02007764900371e-14
20.5_20.5_2_1_0.5_0.3_0.2_0.1_0_0_0_0_0_0	4N	27	0	SUM-159_NLS_4N_O1_A12_seed	SUM-159_NLS_4N_O1_A12	41	2.10804020100502	9.99994315189708e-13	-27.631026800755	85	oxygen-deprived	4.02007764900371e-14
20.5_20.5_2_1_0.5_0.3_0.2_0.1_0_0_0_0_0_0	4N	27	0	SUM-159_NLS_4N_O1_A12_seed	SUM-159_NLS_4N_O1_A12	42	2.14824120603015	9.99994315189708e-13	-27.631026800755	85	oxygen-deprived	4.02007764900371e-14
20.5_20.5_2_1_0.5_0.3_0.2_0.1_0_0_0_0_0_0	4N	27	0	SUM-159_NLS_4N_O1_A12_seed	SUM-159_NLS_4N_O1_A12	43	2.18844221105528	9.99994315189708e-13	-27.631026800755	85	oxygen-deprived	4.02007764900371e-14
20.5_20.5_2_1_0.5_0.3_0.2_0.1_0_0_0_0_0_0	4N	27	0	SUM-159_NLS_4N_O1_A12_seed	SUM-159_NLS_4N_O1_A12	44	2.2286432160804	9.99994315189708e-13	-27.631026800755	85	oxygen-deprived	4.02007764900371e-14
20.5_20.5_2_1_0.5_0.3_0.2_0.1_0_0_0_0_0_0	4N	27	0	SUM-159_NLS_4N_O1_A12_seed	SUM-159_NLS_4N_O1_A12	45	2.26884422110553	9.99994315189708e-13	-27.631026800755	85	oxygen-deprived	4.02007764900371e-14
20.5_20.5_2_1_0.5_0.3_0.2_0.1_0_0_0_0_0_0	4N	27	0	SUM-159_NLS_4N_O1_A12_seed	SUM-159_NLS_4N_O1_A12	46	2.30904522613065	9.99994315189708e-13	-27.631026800755	85	oxygen-deprived	4.02007764900371e-14
20.5_20.5_2_1_0.5_0.3_0.2_0.1_0_0_0_0_0_0	4N	27	0	SUM-159_NLS_4N_O1_A12_seed	SUM-159_NLS_4N_O1_A12	47	2.34924623115578	9.99994315189708e-13	-27.631026800755	85	oxygen-deprived	4.02007764900371e-14
20.5_20.5_2_1_0.5_0.3_0.2_0.1_0_0_0_0_0_0	4N	27	0	SUM-159_NLS_4N_O1_A12_seed	SUM-159_NLS_4N_O1_A12	48	2.3894472361809	9.99994315189708e-13	-27.631026800755	85	oxygen-deprived	4.02007764900371e-14
20.5_20.5_2_1_0.5_0.3_0.2_0.1_0_0_0_0_0_0	4N	27	0	SUM-159_NLS_4N_O1_A12_seed	SUM-159_NLS_4N_O1_A12	49	2.42964824120603	5.7505981802152e-12	-25.8817172351884	85	oxygen-deprived	2.31179826340301e-13
20.5_20.5_2_1_0.5_0.3_0.2_0.1_0_0_0_0_0_0	4N	27	0	SUM-159_NLS_4N_O1_A12_seed	SUM-159_NLS_4N_O1_A12	50	2.46984924623116	8.02608662734435e-08	-16.3379836788262	85	oxygen-deprived	3.22656748837952e-09
20.5_20.5_2_1_0.5_0.3_0.2_0.1_0_0_0_0_0_0	4N	27	0	SUM-159_NLS_4N_O1_A12_seed	SUM-159_NLS_4N_O1_A12	51	2.51005025125628	1.30229758774466e-05	-11.2487953852843	85	oxygen-deprived	5.23536718691302e-07
20.5_20.5_2_1_0.5_0.3_0.2_0.1_0_0_0_0_0_0	4N	27	0	SUM-159_NLS_4N_O1_A12_seed	SUM-159_NLS_4N_O1_A12	52	2.55025125628141	2.80937791837993e-05	-10.4799623874925	85	oxygen-deprived	1.12939815814265e-06
20.5_20.5_2_1_0.5_0.3_0.2_0.1_0_0_0_0_0_0	4N	27	0	SUM-159_NLS_4N_O1_A12_seed	SUM-159_NLS_4N_O1_A12	53	2.59045226130653	2.94264683710523e-05	-10.4336160039032	85	oxygen-deprived	1.18297360285633e-06
20.5_20.5_2_1_0.5_0.3_0.2_0.1_0_0_0_0_0_0	4N	27	0	SUM-159_NLS_4N_O1_A12_seed	SUM-159_NLS_4N_O1_A12	54	2.63065326633166	6.82815082504687e-05	-9.59187157108357	85	oxygen-deprived	2.74498525630015e-06
20.5_20.5_2_1_0.5_0.3_0.2_0.1_0_0_0_0_0_0	4N	27	0	SUM-159_NLS_4N_O1_A12_seed	SUM-159_NLS_4N_O1_A12	55	2.67085427135678	0.000163044608607748	-8.72148672215881	85	oxygen-deprived	6.55455712995949e-06
20.5_20.5_2_1_0.5_0.3_0.2_0.1_0_0_0_0_0_0	4N	27	0	SUM-159_NLS_4N_O1_A12_seed	SUM-159_NLS_4N_O1_A12	56	2.71105527638191	0.000729357851105885	-7.22334606696557	85	oxygen-deprived	2.93209186374215e-05
20.5_20.5_2_1_0.5_0.3_0.2_0.1_0_0_0_0_0_0	4N	27	0	SUM-159_NLS_4N_O1_A12_seed	SUM-159_NLS_4N_O1_A12	57	2.75125628140704	0.00135116170692994	-6.6067905329182	85	oxygen-deprived	5.43180585700459e-05
20.5_20.5_2_1_0.5_0.3_0.2_0.1_0_0_0_0_0_0	4N	27	0	SUM-159_NLS_4N_O1_A12_seed	SUM-159_NLS_4N_O1_A12	58	2.79145728643216	0.0023883420605343	-6.03715585228008	85	oxygen-deprived	9.60137511772549e-05
20.5_20.5_2_1_0.5_0.3_0.2_0.1_0_0_0_0_0_0	4N	27	0	SUM-159_NLS_4N_O1_A12_seed	SUM-159_NLS_4N_O1_A12	59	2.83165829145729	0.00357399595789206	-5.63407099322146	85	oxygen-deprived	0.000143678229462992
20.5_20.5_2_1_0.5_0.3_0.2_0.1_0_0_0_0_0_0	4N	27	0	SUM-159_NLS_4N_O1_A12_seed	SUM-159_NLS_4N_O1_A12	60	2.87185929648241	0.00543948657182834	-5.21407060274699	85	oxygen-deprived	0.000218672827008167
20.5_20.5_2_1_0.5_0.3_0.2_0.1_0_0_0_0_0_0	4N	27	0	SUM-159_NLS_4N_O1_A12_seed	SUM-159_NLS_4N_O1_A12	61	2.91206030150754	0.00899575683637892	-4.71100227544393	85	oxygen-deprived	0.000361638465784064
20.5_20.5_2_1_0.5_0.3_0.2_0.1_0_0_0_0_0_0	4N	27	0	SUM-159_NLS_4N_O1_A12_seed	SUM-159_NLS_4N_O1_A12	62	2.95226130653266	0.0160373281979851	-4.13283626161623	85	oxygen-deprived	0.000644716711476765
20.5_20.5_2_1_0.5_0.3_0.2_0.1_0_0_0_0_0_0	4N	27	0	SUM-159_NLS_4N_O1_A12_seed	SUM-159_NLS_4N_O1_A12	63	2.99246231155779	0.0251068674443448	-3.68461386690662	85	oxygen-deprived	0.00100932130429523
20.5_20.5_2_1_0.5_0.3_0.2_0.1_0_0_0_0_0_0	4N	27	0	SUM-159_NLS_4N_O1_A12_seed	SUM-159_NLS_4N_O1_A12	64	3.03266331658291	0.0378154410666373	-3.2750377659411	85	oxygen-deprived	0.00152021873634717
20.5_20.5_2_1_0.5_0.3_0.2_0.1_0_0_0_0_0_0	4N	27	0	SUM-159_NLS_4N_O1_A12_seed	SUM-159_NLS_4N_O1_A12	65	3.07286432160804	0.0541530829495025	-2.91594037364697	85	oxygen-deprived	0.00217700835977892
20.5_20.5_2_1_0.5_0.3_0.2_0.1_0_0_0_0_0_0	4N	27	0	SUM-159_NLS_4N_O1_A12_seed	SUM-159_NLS_4N_O1_A12	66	3.11306532663317	0.0823916887254375	-2.49627071213648	85	oxygen-deprived	0.00331222869247978
20.5_20.5_2_1_0.5_0.3_0.2_0.1_0_0_0_0_0_0	4N	27	0	SUM-159_NLS_4N_O1_A12_seed	SUM-159_NLS_4N_O1_A12	67	3.15326633165829	0.118864411997916	-2.12977183045004	85	oxygen-deprived	0.00477846882403665
20.5_20.5_2_1_0.5_0.3_0.2_0.1_0_0_0_0_0_0	4N	27	0	SUM-159_NLS_4N_O1_A12_seed	SUM-159_NLS_4N_O1_A12	68	3.19346733668342	0.167630791709462	-1.78599138639203	85	oxygen-deprived	0.00673892629987763
20.5_20.5_2_1_0.5_0.3_0.2_0.1_0_0_0_0_0_0	4N	27	0	SUM-159_NLS_4N_O1_A12_seed	SUM-159_NLS_4N_O1_A12	69	3.23366834170854	0.231130401581182	-1.46477321872617	85	oxygen-deprived	0.00929167443542407
20.5_20.5_2_1_0.5_0.3_0.2_0.1_0_0_0_0_0_0	4N	27	0	SUM-159_NLS_4N_O1_A12_seed	SUM-159_NLS_4N_O1_A12	70	3.27386934673367	0.300936153586534	-1.20085715106314	85	oxygen-deprived	0.0120979358225738
20.5_20.5_2_1_0.5_0.3_0.2_0.1_0_0_0_0_0_0	4N	27	0	SUM-159_NLS_4N_O1_A12_seed	SUM-159_NLS_4N_O1_A12	71	3.31407035175879	0.389078277132988	-0.943974729044089	85	oxygen-deprived	0.0156413377741899
20.5_20.5_2_1_0.5_0.3_0.2_0.1_0_0_0_0_0_0	4N	27	0	SUM-159_NLS_4N_O1_A12_seed	SUM-159_NLS_4N_O1_A12	72	3.35427135678392	0.489283021890081	-0.714814180062669	85	oxygen-deprived	0.0196696692217111
20.5_20.5_2_1_0.5_0.3_0.2_0.1_0_0_0_0_0_0	4N	27	0	SUM-159_NLS_4N_O1_A12_seed	SUM-159_NLS_4N_O1_A12	73	3.39447236180905	0.607111148886112	-0.499043392846831	85	oxygen-deprived	0.0244064783471795
20.5_20.5_2_1_0.5_0.3_0.2_0.1_0_0_0_0_0_0	4N	27	0	SUM-159_NLS_4N_O1_A12_seed	SUM-159_NLS_4N_O1_A12	74	3.43467336683417	0.730832053537299	-0.313571594551669	85	oxygen-deprived	0.0293801830567748
20.5_20.5_2_1_0.5_0.3_0.2_0.1_0_0_0_0_0_0	4N	27	0	SUM-159_NLS_4N_O1_A12_seed	SUM-159_NLS_4N_O1_A12	75	3.4748743718593	0.85675492437966	-0.154603370499951	85	oxygen-deprived	0.0344424090202866
20.5_20.5_2_1_0.5_0.3_0.2_0.1_0_0_0_0_0_0	4N	27	0	SUM-159_NLS_4N_O1_A12_seed	SUM-159_NLS_4N_O1_A12	76	3.51507537688442	0.986989852305349	-0.0130955209537388	85	oxygen-deprived	0.0396779840122739
20.5_20.5_2_1_0.5_0.3_0.2_0.1_0_0_0_0_0_0	4N	27	0	SUM-159_NLS_4N_O1_A12_seed	SUM-159_NLS_4N_O1_A12	77	3.55527638190955	1.10866226418505	0.103154121125156	85	oxygen-deprived	0.0445693372536688
20.5_20.5_2_1_0.5_0.3_0.2_0.1_0_0_0_0_0_0	4N	27	0	SUM-159_NLS_4N_O1_A12_seed	SUM-159_NLS_4N_O1_A12	78	3.59547738693467	1.22591474949364	0.20368729960989	85	oxygen-deprived	0.0492830050047677
20.5_20.5_2_1_0.5_0.3_0.2_0.1_0_0_0_0_0_0	4N	27	0	SUM-159_NLS_4N_O1_A12_seed	SUM-159_NLS_4N_O1_A12	79	3.6356783919598	1.31442531540976	0.273399547605481	85	oxygen-deprived	0.0528412187099382
20.5_20.5_2_1_0.5_0.3_0.2_0.1_0_0_0_0_0_0	4N	27	0	SUM-159_NLS_4N_O1_A12_seed	SUM-159_NLS_4N_O1_A12	80	3.67587939698492	1.37811430731248	0.320716120756743	85	oxygen-deprived	0.0554015801934646
20.5_20.5_2_1_0.5_0.3_0.2_0.1_0_0_0_0_0_0	4N	27	0	SUM-159_NLS_4N_O1_A12_seed	SUM-159_NLS_4N_O1_A12	81	3.71608040201005	1.41956281837792	0.350348949828377	85	oxygen-deprived	0.0570678519950902
20.5_20.5_2_1_0.5_0.3_0.2_0.1_0_0_0_0_0_0	4N	27	0	SUM-159_NLS_4N_O1_A12_seed	SUM-159_NLS_4N_O1_A12	82	3.75628140703518	1.43438215497765	0.360734202474045	85	oxygen-deprived	0.057663604220205
20.5_20.5_2_1_0.5_0.3_0.2_0.1_0_0_0_0_0_0	4N	27	0	SUM-159_NLS_4N_O1_A12_seed	SUM-159_NLS_4N_O1_A12	83	3.7964824120603	1.40946638067693	0.343211179337894	85	oxygen-deprived	0.0566619650523369
20.5_20.5_2_1_0.5_0.3_0.2_0.1_0_0_0_0_0_0	4N	27	0	SUM-159_NLS_4N_O1_A12_seed	SUM-159_NLS_4N_O1_A12	84	3.83668341708543	1.3497356372547	0.29990874901849	85	oxygen-deprived	0.0542607291358654
20.5_20.5_2_1_0.5_0.3_0.2_0.1_0_0_0_0_0_0	4N	27	0	SUM-159_NLS_4N_O1_A12_seed	SUM-159_NLS_4N_O1_A12	85	3.87688442211055	1.28645978207475	0.251894090746734	85	oxygen-deprived	0.0517169761638072
20.5_20.5_2_1_0.5_0.3_0.2_0.1_0_0_0_0_0_0	4N	27	0	SUM-159_NLS_4N_O1_A12_seed	SUM-159_NLS_4N_O1_A12	86	3.91708542713568	1.19667641619403	0.179548061036238	85	oxygen-deprived	0.0481075946208638
20.5_20.5_2_1_0.5_0.3_0.2_0.1_0_0_0_0_0_0	4N	27	0	SUM-159_NLS_4N_O1_A12_seed	SUM-159_NLS_4N_O1_A12	87	3.9572864321608	1.08310004678884	0.0798273430585587	85	oxygen-deprived	0.0435417104236704
20.5_20.5_2_1_0.5_0.3_0.2_0.1_0_0_0_0_0_0	4N	27	0	SUM-159_NLS_4N_O1_A12_seed	SUM-159_NLS_4N_O1_A12	88	3.99748743718593	0.905169072909517	-0.0996335318365669	85	oxygen-deprived	0.0363887064486225
20.5_20.5_2_1_0.5_0.3_0.2_0.1_0_0_0_0_0_0	4N	27	0	SUM-159_NLS_4N_O1_A12_seed	SUM-159_NLS_4N_O1_A12	89	4.03768844221106	0.737284321297853	-0.30478167923657	85	oxygen-deprived	0.0296395707054403
20.5_20.5_2_1_0.5_0.3_0.2_0.1_0_0_0_0_0_0	4N	27	0	SUM-159_NLS_4N_O1_A12_seed	SUM-159_NLS_4N_O1_A12	90	4.07788944723618	0.649094323673364	-0.43217723589951	85	oxygen-deprived	0.0260942441677725
20.5_20.5_2_1_0.5_0.3_0.2_0.1_0_0_0_0_0_0	4N	27	0	SUM-159_NLS_4N_O1_A12_seed	SUM-159_NLS_4N_O1_A12	91	4.11809045226131	0.569885971036168	-0.562318988980114	85	oxygen-deprived	0.0229099887853728
20.5_20.5_2_1_0.5_0.3_0.2_0.1_0_0_0_0_0_0	4N	27	0	SUM-159_NLS_4N_O1_A12_seed	SUM-159_NLS_4N_O1_A12	92	4.15829145728643	0.483636552380943	-0.726421579183545	85	oxygen-deprived	0.0194426754726
20.5_20.5_2_1_0.5_0.3_0.2_0.1_0_0_0_0_0_0	4N	27	0	SUM-159_NLS_4N_O1_A12_seed	SUM-159_NLS_4N_O1_A12	93	4.19849246231156	0.411125733024293	-0.888856191502677	85	oxygen-deprived	0.0165276676592675
20.5_20.5_2_1_0.5_0.3_0.2_0.1_0_0_0_0_0_0	4N	27	0	SUM-159_NLS_4N_O1_A12_seed	SUM-159_NLS_4N_O1_A12	94	4.23869346733668	0.345626241053022	-1.06239731596183	85	oxygen-deprived	0.0138945222533873
20.5_20.5_2_1_0.5_0.3_0.2_0.1_0_0_0_0_0_0	4N	27	0	SUM-159_NLS_4N_O1_A12_seed	SUM-159_NLS_4N_O1_A12	95	4.27889447236181	0.290894570491259	-1.23479437817473	85	oxygen-deprived	0.0116942540901004
20.5_20.5_2_1_0.5_0.3_0.2_0.1_0_0_0_0_0_0	4N	27	0	SUM-159_NLS_4N_O1_A12_seed	SUM-159_NLS_4N_O1_A12	96	4.31909547738693	0.237490222640503	-1.43762882418432	85	oxygen-deprived	0.00954734563378873
20.5_20.5_2_1_0.5_0.3_0.2_0.1_0_0_0_0_0_0	4N	27	0	SUM-159_NLS_4N_O1_A12_seed	SUM-159_NLS_4N_O1_A12	97	4.35929648241206	0.196391777163474	-1.62764375174134	85	oxygen-deprived	0.00789514682064189
20.5_20.5_2_1_0.5_0.3_0.2_0.1_0_0_0_0_0_0	4N	27	0	SUM-159_NLS_4N_O1_A12_seed	SUM-159_NLS_4N_O1_A12	98	4.39949748743719	0.157921174383347	-1.84565926675327	85	oxygen-deprived	0.00634858992495845
20.5_20.5_2_1_0.5_0.3_0.2_0.1_0_0_0_0_0_0	4N	27	0	SUM-159_NLS_4N_O1_A12_seed	SUM-159_NLS_4N_O1_A12	99	4.43969849246231	0.125748805376691	-2.07346897003397	85	oxygen-deprived	0.00505522835685172
20.5_20.5_2_1_0.5_0.3_0.2_0.1_0_0_0_0_0_0	4N	27	0	SUM-159_NLS_4N_O1_A12_seed	SUM-159_NLS_4N_O1_A12	100	4.47989949748744	0.101896053458845	-2.28380206905356	85	oxygen-deprived	0.00409632375713935
20.5_20.5_2_1_0.5_0.3_0.2_0.1_0_0_0_0_0_0	4N	27	0	SUM-159_NLS_4N_O1_A12_seed	SUM-159_NLS_4N_O1_A12	101	4.52010050251256	0.0790351351445231	-2.53786277672164	85	oxygen-deprived	0.00317729186510634
20.5_20.5_2_1_0.5_0.3_0.2_0.1_0_0_0_0_0_0	4N	27	0	SUM-159_NLS_4N_O1_A12_seed	SUM-159_NLS_4N_O1_A12	102	4.56030150753769	0.0611938261059953	-2.79370897517364	85	oxygen-deprived	0.00246005331079369
20.5_20.5_2_1_0.5_0.3_0.2_0.1_0_0_0_0_0_0	4N	27	0	SUM-159_NLS_4N_O1_A12_seed	SUM-159_NLS_4N_O1_A12	103	4.60050251256281	0.0457062539183651	-3.08552014321571	85	oxygen-deprived	0.0018374373434518
20.5_20.5_2_1_0.5_0.3_0.2_0.1_0_0_0_0_0_0	4N	27	0	SUM-159_NLS_4N_O1_A12_seed	SUM-159_NLS_4N_O1_A12	104	4.64070351758794	0.0347740354426668	-3.35888427864813	85	oxygen-deprived	0.0013979511735745
20.5_20.5_2_1_0.5_0.3_0.2_0.1_0_0_0_0_0_0	4N	27	0	SUM-159_NLS_4N_O1_A12_seed	SUM-159_NLS_4N_O1_A12	105	4.68090452261307	0.0274263771804521	-3.59625005783908	85	oxygen-deprived	0.00110256792685231
20.5_20.5_2_1_0.5_0.3_0.2_0.1_0_0_0_0_0_0	4N	27	0	SUM-159_NLS_4N_O1_A12_seed	SUM-159_NLS_4N_O1_A12	106	4.72110552763819	0.0217937471703305	-3.8261321773789	85	oxygen-deprived	0.000876130539510743
20.5_20.5_2_1_0.5_0.3_0.2_0.1_0_0_0_0_0_0	4N	27	0	SUM-159_NLS_4N_O1_A12_seed	SUM-159_NLS_4N_O1_A12	107	4.76130653266332	0.0166360622369958	-4.09618251600509	85	oxygen-deprived	0.000668786421587747
20.5_20.5_2_1_0.5_0.3_0.2_0.1_0_0_0_0_0_0	4N	27	0	SUM-159_NLS_4N_O1_A12_seed	SUM-159_NLS_4N_O1_A12	108	4.80150753768844	0.0123739577992364	-4.39216119231746	85	oxygen-deprived	0.000497445539667777
20.5_20.5_2_1_0.5_0.3_0.2_0.1_0_0_0_0_0_0	4N	27	0	SUM-159_NLS_4N_O1_A12_seed	SUM-159_NLS_4N_O1_A12	109	4.84170854271357	0.00986675285772067	-4.61858447077859	85	oxygen-deprived	0.000396653381214887
20.5_20.5_2_1_0.5_0.3_0.2_0.1_0_0_0_0_0_0	4N	27	0	SUM-159_NLS_4N_O1_A12_seed	SUM-159_NLS_4N_O1_A12	110	4.88190954773869	0.00768786893423569	-4.86811165555576	85	oxygen-deprived	0.000309060057657705
20.5_20.5_2_1_0.5_0.3_0.2_0.1_0_0_0_0_0_0	4N	27	0	SUM-159_NLS_4N_O1_A12_seed	SUM-159_NLS_4N_O1_A12	111	4.92211055276382	0.00615167881526796	-5.0910302563231	85	oxygen-deprived	0.000247303670965537
20.5_20.5_2_1_0.5_0.3_0.2_0.1_0_0_0_0_0_0	4N	27	0	SUM-159_NLS_4N_O1_A12_seed	SUM-159_NLS_4N_O1_A12	112	4.96231155778894	0.00430170531017176	-5.4487437511403	85	oxygen-deprived	0.000172932876790818
20.5_20.5_2_1_0.5_0.3_0.2_0.1_0_0_0_0_0_0	4N	27	0	SUM-159_NLS_4N_O1_A12_seed	SUM-159_NLS_4N_O1_A12	113	5.00251256281407	0.00323957242096473	-5.7323139267246	85	oxygen-deprived	0.000130234067174457
20.5_20.5_2_1_0.5_0.3_0.2_0.1_0_0_0_0_0_0	4N	27	0	SUM-159_NLS_4N_O1_A12_seed	SUM-159_NLS_4N_O1_A12	114	5.0427135678392	0.00224540566552297	-6.09886907677409	85	oxygen-deprived	9.02675644431313e-05
20.5_20.5_2_1_0.5_0.3_0.2_0.1_0_0_0_0_0_0	4N	27	0	SUM-159_NLS_4N_O1_A12_seed	SUM-159_NLS_4N_O1_A12	115	5.08291457286432	0.00179271763677504	-6.32402257764453	85	oxygen-deprived	7.20690507246222e-05
20.5_20.5_2_1_0.5_0.3_0.2_0.1_0_0_0_0_0_0	4N	27	0	SUM-159_NLS_4N_O1_A12_seed	SUM-159_NLS_4N_O1_A12	116	5.12311557788945	0.00129389995721272	-6.65009439871083	85	oxygen-deprived	5.20160786819165e-05
20.5_20.5_2_1_0.5_0.3_0.2_0.1_0_0_0_0_0_0	4N	27	0	SUM-159_NLS_4N_O1_A12_seed	SUM-159_NLS_4N_O1_A12	117	5.16331658291457	0.000916989226068331	-6.99441483488443	85	oxygen-deprived	3.68638884851577e-05
20.5_20.5_2_1_0.5_0.3_0.2_0.1_0_0_0_0_0_0	4N	27	0	SUM-159_NLS_4N_O1_A12_seed	SUM-159_NLS_4N_O1_A12	118	5.2035175879397	0.000917030194351836	-6.99437015893056	85	oxygen-deprived	3.68655354513288e-05
20.5_20.5_2_1_0.5_0.3_0.2_0.1_0_0_0_0_0_0	4N	27	0	SUM-159_NLS_4N_O1_A12_seed	SUM-159_NLS_4N_O1_A12	119	5.24371859296482	0.00056077043710882	-7.48619893920256	85	oxygen-deprived	2.25435351601528e-05
20.5_20.5_2_1_0.5_0.3_0.2_0.1_0_0_0_0_0_0	4N	27	0	SUM-159_NLS_4N_O1_A12_seed	SUM-159_NLS_4N_O1_A12	120	5.28391959798995	0.000457651653976351	-7.6894022440761	85	oxygen-deprived	1.83980564412597e-05
20.5_20.5_2_1_0.5_0.3_0.2_0.1_0_0_0_0_0_0	4N	27	0	SUM-159_NLS_4N_O1_A12_seed	SUM-159_NLS_4N_O1_A12	121	5.32412060301508	0.000252856241371638	-8.28268944665498	85	oxygen-deprived	1.01650750300152e-05
20.5_20.5_2_1_0.5_0.3_0.2_0.1_0_0_0_0_0_0	4N	27	0	SUM-159_NLS_4N_O1_A12_seed	SUM-159_NLS_4N_O1_A12	122	5.3643216080402	0.000193772364931717	-8.54882646448693	85	oxygen-deprived	7.78984381635016e-06
20.5_20.5_2_1_0.5_0.3_0.2_0.1_0_0_0_0_0_0	4N	27	0	SUM-159_NLS_4N_O1_A12_seed	SUM-159_NLS_4N_O1_A12	123	5.40452261306533	0.000233472620570152	-8.3624457443893	85	oxygen-deprived	9.3858339927696e-06
20.5_20.5_2_1_0.5_0.3_0.2_0.1_0_0_0_0_0_0	4N	27	0	SUM-159_NLS_4N_O1_A12_seed	SUM-159_NLS_4N_O1_A12	124	5.44472361809045	0.000144351802328553	-8.84325716611026	85	oxygen-deprived	5.80308753079589e-06
20.5_20.5_2_1_0.5_0.3_0.2_0.1_0_0_0_0_0_0	4N	27	0	SUM-159_NLS_4N_O1_A12_seed	SUM-159_NLS_4N_O1_A12	125	5.48492462311558	0.000115359506679341	-9.06745716079478	85	oxygen-deprived	4.63756810771204e-06
20.5_20.5_2_1_0.5_0.3_0.2_0.1_0_0_0_0_0_0	4N	27	0	SUM-159_NLS_4N_O1_A12_seed	SUM-159_NLS_4N_O1_A12	126	5.5251256281407	4.58321968026638e-05	-9.990523726866	85	oxygen-deprived	1.84250037397637e-06
20.5_20.5_2_1_0.5_0.3_0.2_0.1_0_0_0_0_0_0	4N	27	0	SUM-159_NLS_4N_O1_A12_seed	SUM-159_NLS_4N_O1_A12	127	5.56532663316583	2.34510210645658e-06	-12.963181614815	85	oxygen-deprived	9.42754615660903e-08
20.5_20.5_2_1_0.5_0.3_0.2_0.1_0_0_0_0_0_0	4N	27	0	SUM-159_NLS_4N_O1_A12_seed	SUM-159_NLS_4N_O1_A12	128	5.60552763819095	1.83392594617356e-05	-10.9064664702644	85	oxygen-deprived	7.37256661778289e-07
20.5_20.5_2_1_0.5_0.3_0.2_0.1_0_0_0_0_0_0	4N	27	0	SUM-159_NLS_4N_O1_A12_seed	SUM-159_NLS_4N_O1_A12	129	5.64572864321608	2.20385971892267e-05	-10.7227152241069	85	oxygen-deprived	8.85973756350791e-07
20.5_20.5_2_1_0.5_0.3_0.2_0.1_0_0_0_0_0_0	4N	27	0	SUM-159_NLS_4N_O1_A12_seed	SUM-159_NLS_4N_O1_A12	130	5.68592964824121	1.93983993640783e-06	-13.1529050952992	85	oxygen-deprived	7.79835150314678e-08
20.5_20.5_2_1_0.5_0.3_0.2_0.1_0_0_0_0_0_0	4N	27	0	SUM-159_NLS_4N_O1_A12_seed	SUM-159_NLS_4N_O1_A12	131	5.72613065326633	3.09260014182149e-05	-10.3839132580527	85	oxygen-deprived	1.24325633842066e-06
20.5_20.5_2_1_0.5_0.3_0.2_0.1_0_0_0_0_0_0	4N	27	0	SUM-159_NLS_4N_O1_A12_seed	SUM-159_NLS_4N_O1_A12	132	5.76633165829146	7.11456027098013e-06	-11.8533671314272	85	oxygen-deprived	2.86012473205221e-07
20.5_20.5_2_1_0.5_0.3_0.2_0.1_0_0_0_0_0_0	4N	27	0	SUM-159_NLS_4N_O1_A12_seed	SUM-159_NLS_4N_O1_A12	133	5.80653266331658	2.60678866161688e-08	-17.4625616780266	85	oxygen-deprived	1.04795524085097e-09
20.5_20.5_2_1_0.5_0.3_0.2_0.1_0_0_0_0_0_0	4N	27	0	SUM-159_NLS_4N_O1_A12_seed	SUM-159_NLS_4N_O1_A12	134	5.84673366834171	9.99994315189708e-13	-27.631026800755	85	oxygen-deprived	4.02007764900371e-14
20.5_20.5_2_1_0.5_0.3_0.2_0.1_0_0_0_0_0_0	4N	27	0	SUM-159_NLS_4N_O1_A12_seed	SUM-159_NLS_4N_O1_A12	135	5.88693467336683	9.99994315189708e-13	-27.631026800755	85	oxygen-deprived	4.02007764900371e-14
20.5_20.5_2_1_0.5_0.3_0.2_0.1_0_0_0_0_0_0	4N	27	0	SUM-159_NLS_4N_O1_A12_seed	SUM-159_NLS_4N_O1_A12	136	5.92713567839196	9.99994315189708e-13	-27.631026800755	85	oxygen-deprived	4.02007764900371e-14
20.5_20.5_2_1_0.5_0.3_0.2_0.1_0_0_0_0_0_0	4N	27	0	SUM-159_NLS_4N_O1_A12_seed	SUM-159_NLS_4N_O1_A12	137	5.96733668341709	9.99994315189708e-13	-27.631026800755	85	oxygen-deprived	4.02007764900371e-14
20.5_20.5_2_1_0.5_0.3_0.2_0.1_0_0_0_0_0_0	4N	27	0	SUM-159_NLS_4N_O1_A12_seed	SUM-159_NLS_4N_O1_A12	138	6.00753768844221	9.99994315189708e-13	-27.631026800755	85	oxygen-deprived	4.02007764900371e-14
20.5_20.5_2_1_0.5_0.3_0.2_0.1_0_0_0_0_0_0	4N	27	0	SUM-159_NLS_4N_O1_A12_seed	SUM-159_NLS_4N_O1_A12	139	6.04773869346734	9.99994315189708e-13	-27.631026800755	85	oxygen-deprived	4.02007764900371e-14
20.5_20.5_2_1_0.5_0.3_0.2_0.1_0_0_0_0_0_0	4N	27	0	SUM-159_NLS_4N_O1_A12_seed	SUM-159_NLS_4N_O1_A12	140	6.08793969849246	9.99994315189708e-13	-27.631026800755	85	oxygen-deprived	4.02007764900371e-14
20.5_20.5_2_1_0.5_0.3_0.2_0.1_0_0_0_0_0_0	4N	27	0	SUM-159_NLS_4N_O1_A12_seed	SUM-159_NLS_4N_O1_A12	141	6.12814070351759	9.99994315189708e-13	-27.631026800755	85	oxygen-deprived	4.02007764900371e-14
20.5_20.5_2_1_0.5_0.3_0.2_0.1_0_0_0_0_0_0	4N	27	0	SUM-159_NLS_4N_O1_A12_seed	SUM-159_NLS_4N_O1_A12	142	6.16834170854271	9.99994315189708e-13	-27.631026800755	85	oxygen-deprived	4.02007764900371e-14
20.5_20.5_2_1_0.5_0.3_0.2_0.1_0_0_0_0_0_0	4N	27	0	SUM-159_NLS_4N_O1_A12_seed	SUM-159_NLS_4N_O1_A12	143	6.20854271356784	9.99994315189708e-13	-27.631026800755	85	oxygen-deprived	4.02007764900371e-14
20.5_20.5_2_1_0.5_0.3_0.2_0.1_0_0_0_0_0_0	4N	27	0	SUM-159_NLS_4N_O1_A12_seed	SUM-159_NLS_4N_O1_A12	144	6.24874371859296	9.99994315189708e-13	-27.631026800755	85	oxygen-deprived	4.02007764900371e-14
20.5_20.5_2_1_0.5_0.3_0.2_0.1_0_0_0_0_0_0	4N	27	0	SUM-159_NLS_4N_O1_A12_seed	SUM-159_NLS_4N_O1_A12	145	6.28894472361809	9.99994315189708e-13	-27.631026800755	85	oxygen-deprived	4.02007764900371e-14
20.5_20.5_2_1_0.5_0.3_0.2_0.1_0_0_0_0_0_0	4N	27	0	SUM-159_NLS_4N_O1_A12_seed	SUM-159_NLS_4N_O1_A12	146	6.32914572864322	9.99994315189708e-13	-27.631026800755	85	oxygen-deprived	4.02007764900371e-14
20.5_20.5_2_1_0.5_0.3_0.2_0.1_0_0_0_0_0_0	4N	27	0	SUM-159_NLS_4N_O1_A12_seed	SUM-159_NLS_4N_O1_A12	147	6.36934673366834	9.99994315189708e-13	-27.631026800755	85	oxygen-deprived	4.02007764900371e-14
20.5_20.5_2_1_0.5_0.3_0.2_0.1_0_0_0_0_0_0	4N	27	0	SUM-159_NLS_4N_O1_A12_seed	SUM-159_NLS_4N_O1_A12	148	6.40954773869347	9.99994315189708e-13	-27.631026800755	85	oxygen-deprived	4.02007764900371e-14
20.5_20.5_2_1_0.5_0.3_0.2_0.1_0_0_0_0_0_0	4N	27	0	SUM-159_NLS_4N_O1_A12_seed	SUM-159_NLS_4N_O1_A12	149	6.44974874371859	9.99994315189708e-13	-27.631026800755	85	oxygen-deprived	4.02007764900371e-14
20.5_20.5_2_1_0.5_0.3_0.2_0.1_0_0_0_0_0_0	4N	27	0	SUM-159_NLS_4N_O1_A12_seed	SUM-159_NLS_4N_O1_A12	150	6.48994974874372	9.99994315189708e-13	-27.631026800755	85	oxygen-deprived	4.02007764900371e-14
20.5_20.5_2_1_0.5_0.3_0.2_0.1_0_0_0_0_0_0	4N	27	0	SUM-159_NLS_4N_O1_A12_seed	SUM-159_NLS_4N_O1_A12	151	6.53015075376884	9.99994315189708e-13	-27.631026800755	85	oxygen-deprived	4.02007764900371e-14
20.5_20.5_2_1_0.5_0.3_0.2_0.1_0_0_0_0_0_0	4N	27	0	SUM-159_NLS_4N_O1_A12_seed	SUM-159_NLS_4N_O1_A12	152	6.57035175879397	9.99994315189708e-13	-27.631026800755	85	oxygen-deprived	4.02007764900371e-14
20.5_20.5_2_1_0.5_0.3_0.2_0.1_0_0_0_0_0_0	4N	27	0	SUM-159_NLS_4N_O1_A12_seed	SUM-159_NLS_4N_O1_A12	153	6.6105527638191	9.99994315189708e-13	-27.631026800755	85	oxygen-deprived	4.02007764900371e-14
20.5_20.5_2_1_0.5_0.3_0.2_0.1_0_0_0_0_0_0	4N	27	0	SUM-159_NLS_4N_O1_A12_seed	SUM-159_NLS_4N_O1_A12	154	6.65075376884422	9.99994315189708e-13	-27.631026800755	85	oxygen-deprived	4.02007764900371e-14
20.5_20.5_2_1_0.5_0.3_0.2_0.1_0_0_0_0_0_0	4N	27	0	SUM-159_NLS_4N_O1_A12_seed	SUM-159_NLS_4N_O1_A12	155	6.69095477386935	9.99994315189708e-13	-27.631026800755	85	oxygen-deprived	4.02007764900371e-14
20.5_20.5_2_1_0.5_0.3_0.2_0.1_0_0_0_0_0_0	4N	27	0	SUM-159_NLS_4N_O1_A12_seed	SUM-159_NLS_4N_O1_A12	156	6.73115577889447	9.99994315189708e-13	-27.631026800755	85	oxygen-deprived	4.02007764900371e-14
20.5_20.5_2_1_0.5_0.3_0.2_0.1_0_0_0_0_0_0	4N	27	0	SUM-159_NLS_4N_O1_A12_seed	SUM-159_NLS_4N_O1_A12	157	6.7713567839196	9.99994315189708e-13	-27.631026800755	85	oxygen-deprived	4.02007764900371e-14
20.5_20.5_2_1_0.5_0.3_0.2_0.1_0_0_0_0_0_0	4N	27	0	SUM-159_NLS_4N_O1_A12_seed	SUM-159_NLS_4N_O1_A12	158	6.81155778894472	9.99994315189708e-13	-27.631026800755	85	oxygen-deprived	4.02007764900371e-14
20.5_20.5_2_1_0.5_0.3_0.2_0.1_0_0_0_0_0_0	4N	27	0	SUM-159_NLS_4N_O1_A12_seed	SUM-159_NLS_4N_O1_A12	159	6.85175879396985	9.99994315189708e-13	-27.631026800755	85	oxygen-deprived	4.02007764900371e-14
20.5_20.5_2_1_0.5_0.3_0.2_0.1_0_0_0_0_0_0	4N	27	0	SUM-159_NLS_4N_O1_A12_seed	SUM-159_NLS_4N_O1_A12	160	6.89195979899498	9.99994315189708e-13	-27.631026800755	85	oxygen-deprived	4.02007764900371e-14
20.5_20.5_2_1_0.5_0.3_0.2_0.1_0_0_0_0_0_0	4N	27	0	SUM-159_NLS_4N_O1_A12_seed	SUM-159_NLS_4N_O1_A12	161	6.9321608040201	9.99994315189708e-13	-27.631026800755	85	oxygen-deprived	4.02007764900371e-14
20.5_20.5_2_1_0.5_0.3_0.2_0.1_0_0_0_0_0_0	4N	27	0	SUM-159_NLS_4N_O1_A12_seed	SUM-159_NLS_4N_O1_A12	162	6.97236180904523	9.99994315189708e-13	-27.631026800755	85	oxygen-deprived	4.02007764900371e-14
20.5_20.5_2_1_0.5_0.3_0.2_0.1_0_0_0_0_0_0	4N	27	0	SUM-159_NLS_4N_O1_A12_seed	SUM-159_NLS_4N_O1_A12	163	7.01256281407035	9.99994315189708e-13	-27.631026800755	85	oxygen-deprived	4.02007764900371e-14
20.5_20.5_2_1_0.5_0.3_0.2_0.1_0_0_0_0_0_0	4N	27	0	SUM-159_NLS_4N_O1_A12_seed	SUM-159_NLS_4N_O1_A12	164	7.05276381909548	9.99994315189708e-13	-27.631026800755	85	oxygen-deprived	4.02007764900371e-14
20.5_20.5_2_1_0.5_0.3_0.2_0.1_0_0_0_0_0_0	4N	27	0	SUM-159_NLS_4N_O1_A12_seed	SUM-159_NLS_4N_O1_A12	165	7.0929648241206	9.99994315189708e-13	-27.631026800755	85	oxygen-deprived	4.02007764900371e-14
20.5_20.5_2_1_0.5_0.3_0.2_0.1_0_0_0_0_0_0	4N	27	0	SUM-159_NLS_4N_O1_A12_seed	SUM-159_NLS_4N_O1_A12	166	7.13316582914573	9.99994315189708e-13	-27.631026800755	85	oxygen-deprived	4.02007764900371e-14
20.5_20.5_2_1_0.5_0.3_0.2_0.1_0_0_0_0_0_0	4N	27	0	SUM-159_NLS_4N_O1_A12_seed	SUM-159_NLS_4N_O1_A12	167	7.17336683417085	9.99994315189708e-13	-27.631026800755	85	oxygen-deprived	4.02007764900371e-14
20.5_20.5_2_1_0.5_0.3_0.2_0.1_0_0_0_0_0_0	4N	27	0	SUM-159_NLS_4N_O1_A12_seed	SUM-159_NLS_4N_O1_A12	168	7.21356783919598	9.99994315189708e-13	-27.631026800755	85	oxygen-deprived	4.02007764900371e-14
20.5_20.5_2_1_0.5_0.3_0.2_0.1_0_0_0_0_0_0	4N	27	0	SUM-159_NLS_4N_O1_A12_seed	SUM-159_NLS_4N_O1_A12	169	7.25376884422111	9.99994315189708e-13	-27.631026800755	85	oxygen-deprived	4.02007764900371e-14
20.5_20.5_2_1_0.5_0.3_0.2_0.1_0_0_0_0_0_0	4N	27	0	SUM-159_NLS_4N_O1_A12_seed	SUM-159_NLS_4N_O1_A12	170	7.29396984924623	9.99994315189708e-13	-27.631026800755	85	oxygen-deprived	4.02007764900371e-14
20.5_20.5_2_1_0.5_0.3_0.2_0.1_0_0_0_0_0_0	4N	27	0	SUM-159_NLS_4N_O1_A12_seed	SUM-159_NLS_4N_O1_A12	171	7.33417085427136	9.99994315189708e-13	-27.631026800755	85	oxygen-deprived	4.02007764900371e-14
20.5_20.5_2_1_0.5_0.3_0.2_0.1_0_0_0_0_0_0	4N	27	0	SUM-159_NLS_4N_O1_A12_seed	SUM-159_NLS_4N_O1_A12	172	7.37437185929648	9.99994315189708e-13	-27.631026800755	85	oxygen-deprived	4.02007764900371e-14
20.5_20.5_2_1_0.5_0.3_0.2_0.1_0_0_0_0_0_0	4N	27	0	SUM-159_NLS_4N_O1_A12_seed	SUM-159_NLS_4N_O1_A12	173	7.41457286432161	9.99994315189708e-13	-27.631026800755	85	oxygen-deprived	4.02007764900371e-14
20.5_20.5_2_1_0.5_0.3_0.2_0.1_0_0_0_0_0_0	4N	27	0	SUM-159_NLS_4N_O1_A12_seed	SUM-159_NLS_4N_O1_A12	174	7.45477386934673	9.99994315189708e-13	-27.631026800755	85	oxygen-deprived	4.02007764900371e-14
20.5_20.5_2_1_0.5_0.3_0.2_0.1_0_0_0_0_0_0	4N	27	0	SUM-159_NLS_4N_O1_A12_seed	SUM-159_NLS_4N_O1_A12	175	7.49497487437186	9.99994315189708e-13	-27.631026800755	85	oxygen-deprived	4.02007764900371e-14
20.5_20.5_2_1_0.5_0.3_0.2_0.1_0_0_0_0_0_0	4N	27	0	SUM-159_NLS_4N_O1_A12_seed	SUM-159_NLS_4N_O1_A12	176	7.53517587939699	9.99994315189708e-13	-27.631026800755	85	oxygen-deprived	4.02007764900371e-14
20.5_20.5_2_1_0.5_0.3_0.2_0.1_0_0_0_0_0_0	4N	27	0	SUM-159_NLS_4N_O1_A12_seed	SUM-159_NLS_4N_O1_A12	177	7.57537688442211	9.99994315189708e-13	-27.631026800755	85	oxygen-deprived	4.02007764900371e-14
20.5_20.5_2_1_0.5_0.3_0.2_0.1_0_0_0_0_0_0	4N	27	0	SUM-159_NLS_4N_O1_A12_seed	SUM-159_NLS_4N_O1_A12	178	7.61557788944724	9.99994315189708e-13	-27.631026800755	85	oxygen-deprived	4.02007764900371e-14
20.5_20.5_2_1_0.5_0.3_0.2_0.1_0_0_0_0_0_0	4N	27	0	SUM-159_NLS_4N_O1_A12_seed	SUM-159_NLS_4N_O1_A12	179	7.65577889447236	9.99994315189708e-13	-27.631026800755	85	oxygen-deprived	4.02007764900371e-14
20.5_20.5_2_1_0.5_0.3_0.2_0.1_0_0_0_0_0_0	4N	27	0	SUM-159_NLS_4N_O1_A12_seed	SUM-159_NLS_4N_O1_A12	180	7.69597989949749	9.99994315189708e-13	-27.631026800755	85	oxygen-deprived	4.02007764900371e-14
20.5_20.5_2_1_0.5_0.3_0.2_0.1_0_0_0_0_0_0	4N	27	0	SUM-159_NLS_4N_O1_A12_seed	SUM-159_NLS_4N_O1_A12	181	7.73618090452261	9.99994315189708e-13	-27.631026800755	85	oxygen-deprived	4.02007764900371e-14
20.5_20.5_2_1_0.5_0.3_0.2_0.1_0_0_0_0_0_0	4N	27	0	SUM-159_NLS_4N_O1_A12_seed	SUM-159_NLS_4N_O1_A12	182	7.77638190954774	9.99994315189708e-13	-27.631026800755	85	oxygen-deprived	4.02007764900371e-14
20.5_20.5_2_1_0.5_0.3_0.2_0.1_0_0_0_0_0_0	4N	27	0	SUM-159_NLS_4N_O1_A12_seed	SUM-159_NLS_4N_O1_A12	183	7.81658291457286	9.99994315189708e-13	-27.631026800755	85	oxygen-deprived	4.02007764900371e-14
20.5_20.5_2_1_0.5_0.3_0.2_0.1_0_0_0_0_0_0	4N	27	0	SUM-159_NLS_4N_O1_A12_seed	SUM-159_NLS_4N_O1_A12	184	7.85678391959799	9.99994315189708e-13	-27.631026800755	85	oxygen-deprived	4.02007764900371e-14
20.5_20.5_2_1_0.5_0.3_0.2_0.1_0_0_0_0_0_0	4N	27	0	SUM-159_NLS_4N_O1_A12_seed	SUM-159_NLS_4N_O1_A12	185	7.89698492462312	9.99994315189708e-13	-27.631026800755	85	oxygen-deprived	4.02007764900371e-14
20.5_20.5_2_1_0.5_0.3_0.2_0.1_0_0_0_0_0_0	4N	27	0	SUM-159_NLS_4N_O1_A12_seed	SUM-159_NLS_4N_O1_A12	186	7.93718592964824	9.99994315189708e-13	-27.631026800755	85	oxygen-deprived	4.02007764900371e-14
20.5_20.5_2_1_0.5_0.3_0.2_0.1_0_0_0_0_0_0	4N	27	0	SUM-159_NLS_4N_O1_A12_seed	SUM-159_NLS_4N_O1_A12	187	7.97738693467337	9.99994315189708e-13	-27.631026800755	85	oxygen-deprived	4.02007764900371e-14
20.5_20.5_2_1_0.5_0.3_0.2_0.1_0_0_0_0_0_0	4N	27	0	SUM-159_NLS_4N_O1_A12_seed	SUM-159_NLS_4N_O1_A12	188	8.01758793969849	9.99994315189708e-13	-27.631026800755	85	oxygen-deprived	4.02007764900371e-14
20.5_20.5_2_1_0.5_0.3_0.2_0.1_0_0_0_0_0_0	4N	27	0	SUM-159_NLS_4N_O1_A12_seed	SUM-159_NLS_4N_O1_A12	189	8.05778894472362	9.99994315189708e-13	-27.631026800755	85	oxygen-deprived	4.02007764900371e-14
20.5_20.5_2_1_0.5_0.3_0.2_0.1_0_0_0_0_0_0	4N	27	0	SUM-159_NLS_4N_O1_A12_seed	SUM-159_NLS_4N_O1_A12	190	8.09798994974874	9.99994315189708e-13	-27.631026800755	85	oxygen-deprived	4.02007764900371e-14
20.5_20.5_2_1_0.5_0.3_0.2_0.1_0_0_0_0_0_0	4N	27	0	SUM-159_NLS_4N_O1_A12_seed	SUM-159_NLS_4N_O1_A12	191	8.13819095477387	9.99994315189708e-13	-27.631026800755	85	oxygen-deprived	4.02007764900371e-14
20.5_20.5_2_1_0.5_0.3_0.2_0.1_0_0_0_0_0_0	4N	27	0	SUM-159_NLS_4N_O1_A12_seed	SUM-159_NLS_4N_O1_A12	192	8.178391959799	9.99994315189708e-13	-27.631026800755	85	oxygen-deprived	4.02007764900371e-14
20.5_20.5_2_1_0.5_0.3_0.2_0.1_0_0_0_0_0_0	4N	27	0	SUM-159_NLS_4N_O1_A12_seed	SUM-159_NLS_4N_O1_A12	193	8.21859296482412	9.99994315189708e-13	-27.631026800755	85	oxygen-deprived	4.02007764900371e-14
20.5_20.5_2_1_0.5_0.3_0.2_0.1_0_0_0_0_0_0	4N	27	0	SUM-159_NLS_4N_O1_A12_seed	SUM-159_NLS_4N_O1_A12	194	8.25879396984925	9.99994315189708e-13	-27.631026800755	85	oxygen-deprived	4.02007764900371e-14
20.5_20.5_2_1_0.5_0.3_0.2_0.1_0_0_0_0_0_0	4N	27	0	SUM-159_NLS_4N_O1_A12_seed	SUM-159_NLS_4N_O1_A12	195	8.29899497487437	9.99994315189708e-13	-27.631026800755	85	oxygen-deprived	4.02007764900371e-14
20.5_20.5_2_1_0.5_0.3_0.2_0.1_0_0_0_0_0_0	4N	27	0	SUM-159_NLS_4N_O1_A12_seed	SUM-159_NLS_4N_O1_A12	196	8.3391959798995	9.99994315189708e-13	-27.631026800755	85	oxygen-deprived	4.02007764900371e-14
20.5_20.5_2_1_0.5_0.3_0.2_0.1_0_0_0_0_0_0	4N	27	0	SUM-159_NLS_4N_O1_A12_seed	SUM-159_NLS_4N_O1_A12	197	8.37939698492462	9.99994315189708e-13	-27.631026800755	85	oxygen-deprived	4.02007764900371e-14
20.5_20.5_2_1_0.5_0.3_0.2_0.1_0_0_0_0_0_0	4N	27	0	SUM-159_NLS_4N_O1_A12_seed	SUM-159_NLS_4N_O1_A12	198	8.41959798994975	9.99994315189708e-13	-27.631026800755	85	oxygen-deprived	4.02007764900371e-14
20.5_20.5_2_1_0.5_0.3_0.2_0.1_0_0_0_0_0_0	4N	27	0	SUM-159_NLS_4N_O1_A12_seed	SUM-159_NLS_4N_O1_A12	199	8.45979899497488	9.99994315189708e-13	-27.631026800755	85	oxygen-deprived	4.02007764900371e-14
20.5_20.5_2_1_0.5_0.3_0.2_0.1_0_0_0_0_0_0	4N	27	0	SUM-159_NLS_4N_O1_A12_seed	SUM-159_NLS_4N_O1_A12	200	8.5	9.99994315189708e-13	-27.631026800755	85	oxygen-deprived	4.02007764900371e-14
20.5_20.5_2_1_0.5_0.3_0.2_0.1_0_0_0_0_0_0	4N	27	0	SUM-159_NLS_4N_O2_A12_seed	SUM-159_NLS_4N_O2_A12	1	0.5	9.99966350842595e-13	-27.6310547656521	85	oxygen-deprived	4.01996522951783e-14
20.5_20.5_2_1_0.5_0.3_0.2_0.1_0_0_0_0_0_0	4N	27	0	SUM-159_NLS_4N_O2_A12_seed	SUM-159_NLS_4N_O2_A12	2	0.540201005025126	9.99966350842595e-13	-27.6310547656521	85	oxygen-deprived	4.01996522951783e-14
20.5_20.5_2_1_0.5_0.3_0.2_0.1_0_0_0_0_0_0	4N	27	0	SUM-159_NLS_4N_O2_A12_seed	SUM-159_NLS_4N_O2_A12	3	0.580402010050251	9.99966350842595e-13	-27.6310547656521	85	oxygen-deprived	4.01996522951783e-14
20.5_20.5_2_1_0.5_0.3_0.2_0.1_0_0_0_0_0_0	4N	27	0	SUM-159_NLS_4N_O2_A12_seed	SUM-159_NLS_4N_O2_A12	4	0.620603015075377	9.99966350842595e-13	-27.6310547656521	85	oxygen-deprived	4.01996522951783e-14
20.5_20.5_2_1_0.5_0.3_0.2_0.1_0_0_0_0_0_0	4N	27	0	SUM-159_NLS_4N_O2_A12_seed	SUM-159_NLS_4N_O2_A12	5	0.660804020100503	9.99966350842595e-13	-27.6310547656521	85	oxygen-deprived	4.01996522951783e-14
20.5_20.5_2_1_0.5_0.3_0.2_0.1_0_0_0_0_0_0	4N	27	0	SUM-159_NLS_4N_O2_A12_seed	SUM-159_NLS_4N_O2_A12	6	0.701005025125628	9.99966350842595e-13	-27.6310547656521	85	oxygen-deprived	4.01996522951783e-14
20.5_20.5_2_1_0.5_0.3_0.2_0.1_0_0_0_0_0_0	4N	27	0	SUM-159_NLS_4N_O2_A12_seed	SUM-159_NLS_4N_O2_A12	7	0.741206030150754	9.99966350842595e-13	-27.6310547656521	85	oxygen-deprived	4.01996522951783e-14
20.5_20.5_2_1_0.5_0.3_0.2_0.1_0_0_0_0_0_0	4N	27	0	SUM-159_NLS_4N_O2_A12_seed	SUM-159_NLS_4N_O2_A12	8	0.781407035175879	9.99966350842595e-13	-27.6310547656521	85	oxygen-deprived	4.01996522951783e-14
20.5_20.5_2_1_0.5_0.3_0.2_0.1_0_0_0_0_0_0	4N	27	0	SUM-159_NLS_4N_O2_A12_seed	SUM-159_NLS_4N_O2_A12	9	0.821608040201005	9.99966350842595e-13	-27.6310547656521	85	oxygen-deprived	4.01996522951783e-14
20.5_20.5_2_1_0.5_0.3_0.2_0.1_0_0_0_0_0_0	4N	27	0	SUM-159_NLS_4N_O2_A12_seed	SUM-159_NLS_4N_O2_A12	10	0.861809045226131	9.99966350842595e-13	-27.6310547656521	85	oxygen-deprived	4.01996522951783e-14
20.5_20.5_2_1_0.5_0.3_0.2_0.1_0_0_0_0_0_0	4N	27	0	SUM-159_NLS_4N_O2_A12_seed	SUM-159_NLS_4N_O2_A12	11	0.902010050251256	9.99966350842595e-13	-27.6310547656521	85	oxygen-deprived	4.01996522951783e-14
20.5_20.5_2_1_0.5_0.3_0.2_0.1_0_0_0_0_0_0	4N	27	0	SUM-159_NLS_4N_O2_A12_seed	SUM-159_NLS_4N_O2_A12	12	0.942211055276382	9.99966350842595e-13	-27.6310547656521	85	oxygen-deprived	4.01996522951783e-14
20.5_20.5_2_1_0.5_0.3_0.2_0.1_0_0_0_0_0_0	4N	27	0	SUM-159_NLS_4N_O2_A12_seed	SUM-159_NLS_4N_O2_A12	13	0.982412060301508	9.99966350842595e-13	-27.6310547656521	85	oxygen-deprived	4.01996522951783e-14
20.5_20.5_2_1_0.5_0.3_0.2_0.1_0_0_0_0_0_0	4N	27	0	SUM-159_NLS_4N_O2_A12_seed	SUM-159_NLS_4N_O2_A12	14	1.02261306532663	9.99966350842595e-13	-27.6310547656521	85	oxygen-deprived	4.01996522951783e-14
20.5_20.5_2_1_0.5_0.3_0.2_0.1_0_0_0_0_0_0	4N	27	0	SUM-159_NLS_4N_O2_A12_seed	SUM-159_NLS_4N_O2_A12	15	1.06281407035176	9.99966350842595e-13	-27.6310547656521	85	oxygen-deprived	4.01996522951783e-14
20.5_20.5_2_1_0.5_0.3_0.2_0.1_0_0_0_0_0_0	4N	27	0	SUM-159_NLS_4N_O2_A12_seed	SUM-159_NLS_4N_O2_A12	16	1.10301507537688	9.99966350842595e-13	-27.6310547656521	85	oxygen-deprived	4.01996522951783e-14
20.5_20.5_2_1_0.5_0.3_0.2_0.1_0_0_0_0_0_0	4N	27	0	SUM-159_NLS_4N_O2_A12_seed	SUM-159_NLS_4N_O2_A12	17	1.14321608040201	9.99966350842595e-13	-27.6310547656521	85	oxygen-deprived	4.01996522951783e-14
20.5_20.5_2_1_0.5_0.3_0.2_0.1_0_0_0_0_0_0	4N	27	0	SUM-159_NLS_4N_O2_A12_seed	SUM-159_NLS_4N_O2_A12	18	1.18341708542714	9.99966350842595e-13	-27.6310547656521	85	oxygen-deprived	4.01996522951783e-14
20.5_20.5_2_1_0.5_0.3_0.2_0.1_0_0_0_0_0_0	4N	27	0	SUM-159_NLS_4N_O2_A12_seed	SUM-159_NLS_4N_O2_A12	19	1.22361809045226	9.99966350842595e-13	-27.6310547656521	85	oxygen-deprived	4.01996522951783e-14
20.5_20.5_2_1_0.5_0.3_0.2_0.1_0_0_0_0_0_0	4N	27	0	SUM-159_NLS_4N_O2_A12_seed	SUM-159_NLS_4N_O2_A12	20	1.26381909547739	9.99966350842595e-13	-27.6310547656521	85	oxygen-deprived	4.01996522951783e-14
20.5_20.5_2_1_0.5_0.3_0.2_0.1_0_0_0_0_0_0	4N	27	0	SUM-159_NLS_4N_O2_A12_seed	SUM-159_NLS_4N_O2_A12	21	1.30402010050251	9.99966350842595e-13	-27.6310547656521	85	oxygen-deprived	4.01996522951783e-14
20.5_20.5_2_1_0.5_0.3_0.2_0.1_0_0_0_0_0_0	4N	27	0	SUM-159_NLS_4N_O2_A12_seed	SUM-159_NLS_4N_O2_A12	22	1.34422110552764	9.99966350842595e-13	-27.6310547656521	85	oxygen-deprived	4.01996522951783e-14
20.5_20.5_2_1_0.5_0.3_0.2_0.1_0_0_0_0_0_0	4N	27	0	SUM-159_NLS_4N_O2_A12_seed	SUM-159_NLS_4N_O2_A12	23	1.38442211055276	9.99966350842595e-13	-27.6310547656521	85	oxygen-deprived	4.01996522951783e-14
20.5_20.5_2_1_0.5_0.3_0.2_0.1_0_0_0_0_0_0	4N	27	0	SUM-159_NLS_4N_O2_A12_seed	SUM-159_NLS_4N_O2_A12	24	1.42462311557789	9.99966350842595e-13	-27.6310547656521	85	oxygen-deprived	4.01996522951783e-14
20.5_20.5_2_1_0.5_0.3_0.2_0.1_0_0_0_0_0_0	4N	27	0	SUM-159_NLS_4N_O2_A12_seed	SUM-159_NLS_4N_O2_A12	25	1.46482412060302	9.99966350842595e-13	-27.6310547656521	85	oxygen-deprived	4.01996522951783e-14
20.5_20.5_2_1_0.5_0.3_0.2_0.1_0_0_0_0_0_0	4N	27	0	SUM-159_NLS_4N_O2_A12_seed	SUM-159_NLS_4N_O2_A12	26	1.50502512562814	9.99966350842595e-13	-27.6310547656521	85	oxygen-deprived	4.01996522951783e-14
20.5_20.5_2_1_0.5_0.3_0.2_0.1_0_0_0_0_0_0	4N	27	0	SUM-159_NLS_4N_O2_A12_seed	SUM-159_NLS_4N_O2_A12	27	1.54522613065327	9.99966350842595e-13	-27.6310547656521	85	oxygen-deprived	4.01996522951783e-14
20.5_20.5_2_1_0.5_0.3_0.2_0.1_0_0_0_0_0_0	4N	27	0	SUM-159_NLS_4N_O2_A12_seed	SUM-159_NLS_4N_O2_A12	28	1.58542713567839	9.99966350842595e-13	-27.6310547656521	85	oxygen-deprived	4.01996522951783e-14
20.5_20.5_2_1_0.5_0.3_0.2_0.1_0_0_0_0_0_0	4N	27	0	SUM-159_NLS_4N_O2_A12_seed	SUM-159_NLS_4N_O2_A12	29	1.62562814070352	9.99966350842595e-13	-27.6310547656521	85	oxygen-deprived	4.01996522951783e-14
20.5_20.5_2_1_0.5_0.3_0.2_0.1_0_0_0_0_0_0	4N	27	0	SUM-159_NLS_4N_O2_A12_seed	SUM-159_NLS_4N_O2_A12	30	1.66582914572864	9.99966350842595e-13	-27.6310547656521	85	oxygen-deprived	4.01996522951783e-14
20.5_20.5_2_1_0.5_0.3_0.2_0.1_0_0_0_0_0_0	4N	27	0	SUM-159_NLS_4N_O2_A12_seed	SUM-159_NLS_4N_O2_A12	31	1.70603015075377	9.99966350842595e-13	-27.6310547656521	85	oxygen-deprived	4.01996522951783e-14
20.5_20.5_2_1_0.5_0.3_0.2_0.1_0_0_0_0_0_0	4N	27	0	SUM-159_NLS_4N_O2_A12_seed	SUM-159_NLS_4N_O2_A12	32	1.74623115577889	9.99966350842595e-13	-27.6310547656521	85	oxygen-deprived	4.01996522951783e-14
20.5_20.5_2_1_0.5_0.3_0.2_0.1_0_0_0_0_0_0	4N	27	0	SUM-159_NLS_4N_O2_A12_seed	SUM-159_NLS_4N_O2_A12	33	1.78643216080402	9.99966350842595e-13	-27.6310547656521	85	oxygen-deprived	4.01996522951783e-14
20.5_20.5_2_1_0.5_0.3_0.2_0.1_0_0_0_0_0_0	4N	27	0	SUM-159_NLS_4N_O2_A12_seed	SUM-159_NLS_4N_O2_A12	34	1.82663316582915	9.99966350842595e-13	-27.6310547656521	85	oxygen-deprived	4.01996522951783e-14
20.5_20.5_2_1_0.5_0.3_0.2_0.1_0_0_0_0_0_0	4N	27	0	SUM-159_NLS_4N_O2_A12_seed	SUM-159_NLS_4N_O2_A12	35	1.86683417085427	9.99966350842595e-13	-27.6310547656521	85	oxygen-deprived	4.01996522951783e-14
20.5_20.5_2_1_0.5_0.3_0.2_0.1_0_0_0_0_0_0	4N	27	0	SUM-159_NLS_4N_O2_A12_seed	SUM-159_NLS_4N_O2_A12	36	1.9070351758794	2.96159845672251e-11	-24.2427068811934	85	oxygen-deprived	1.19059234441102e-12
20.5_20.5_2_1_0.5_0.3_0.2_0.1_0_0_0_0_0_0	4N	27	0	SUM-159_NLS_4N_O2_A12_seed	SUM-159_NLS_4N_O2_A12	37	1.94723618090452	3.59252152344177e-07	-14.8392413207897	85	oxygen-deprived	1.4442297581675e-08
20.5_20.5_2_1_0.5_0.3_0.2_0.1_0_0_0_0_0_0	4N	27	0	SUM-159_NLS_4N_O2_A12_seed	SUM-159_NLS_4N_O2_A12	38	1.98743718592965	1.95595772662022e-05	-10.8420455057485	85	oxygen-deprived	7.863146639679e-07
20.5_20.5_2_1_0.5_0.3_0.2_0.1_0_0_0_0_0_0	4N	27	0	SUM-159_NLS_4N_O2_A12_seed	SUM-159_NLS_4N_O2_A12	39	2.02763819095477	6.46436955217629e-05	-9.64661997456627	85	oxygen-deprived	2.59874152851299e-06
20.5_20.5_2_1_0.5_0.3_0.2_0.1_0_0_0_0_0_0	4N	27	0	SUM-159_NLS_4N_O2_A12_seed	SUM-159_NLS_4N_O2_A12	40	2.0678391959799	0.000133907677642463	-8.91835996828165	85	oxygen-deprived	5.38322322180737e-06
20.5_20.5_2_1_0.5_0.3_0.2_0.1_0_0_0_0_0_0	4N	27	0	SUM-159_NLS_4N_O2_A12_seed	SUM-159_NLS_4N_O2_A12	41	2.10804020100502	0.000176734795820006	-8.64086027770793	85	oxygen-deprived	7.10491641487437e-06
20.5_20.5_2_1_0.5_0.3_0.2_0.1_0_0_0_0_0_0	4N	27	0	SUM-159_NLS_4N_O2_A12_seed	SUM-159_NLS_4N_O2_A12	42	2.14824120603015	0.000430768161026342	-7.74994052203736	85	oxygen-deprived	1.73173130060835e-05
20.5_20.5_2_1_0.5_0.3_0.2_0.1_0_0_0_0_0_0	4N	27	0	SUM-159_NLS_4N_O2_A12_seed	SUM-159_NLS_4N_O2_A12	43	2.18844221105528	0.000860866462961837	-7.05757116084748	85	oxygen-deprived	3.46076970034897e-05
20.5_20.5_2_1_0.5_0.3_0.2_0.1_0_0_0_0_0_0	4N	27	0	SUM-159_NLS_4N_O2_A12_seed	SUM-159_NLS_4N_O2_A12	44	2.2286432160804	0.000957148712110056	-6.95155178452933	85	oxygen-deprived	3.84783401853275e-05
20.5_20.5_2_1_0.5_0.3_0.2_0.1_0_0_0_0_0_0	4N	27	0	SUM-159_NLS_4N_O2_A12_seed	SUM-159_NLS_4N_O2_A12	45	2.26884422110553	0.00145642574215557	-6.53176996662312	85	oxygen-deprived	5.85497785791164e-05
20.5_20.5_2_1_0.5_0.3_0.2_0.1_0_0_0_0_0_0	4N	27	0	SUM-159_NLS_4N_O2_A12_seed	SUM-159_NLS_4N_O2_A12	46	2.30904522613065	0.00282931272466906	-5.8677214502945	85	oxygen-deprived	0.000113741215062069
20.5_20.5_2_1_0.5_0.3_0.2_0.1_0_0_0_0_0_0	4N	27	0	SUM-159_NLS_4N_O2_A12_seed	SUM-159_NLS_4N_O2_A12	47	2.34924623115578	0.00462948615698249	-5.37530939825615	85	oxygen-deprived	0.000186109996260596
20.5_20.5_2_1_0.5_0.3_0.2_0.1_0_0_0_0_0_0	4N	27	0	SUM-159_NLS_4N_O2_A12_seed	SUM-159_NLS_4N_O2_A12	48	2.3894472361809	0.00686242336339225	-4.98169463965624	85	oxygen-deprived	0.000275876316116262
20.5_20.5_2_1_0.5_0.3_0.2_0.1_0_0_0_0_0_0	4N	27	0	SUM-159_NLS_4N_O2_A12_seed	SUM-159_NLS_4N_O2_A12	49	2.42964824120603	0.0110263899772013	-4.50746379056642	85	oxygen-deprived	0.000443271958882449
20.5_20.5_2_1_0.5_0.3_0.2_0.1_0_0_0_0_0_0	4N	27	0	SUM-159_NLS_4N_O2_A12_seed	SUM-159_NLS_4N_O2_A12	50	2.46984924623116	0.0151844416298917	-4.18748395232338	85	oxygen-deprived	0.000610429814266982
20.5_20.5_2_1_0.5_0.3_0.2_0.1_0_0_0_0_0_0	4N	27	0	SUM-159_NLS_4N_O2_A12_seed	SUM-159_NLS_4N_O2_A12	51	2.51005025125628	0.0230067983241366	-3.77196552741766	85	oxygen-deprived	0.000924896415040635
20.5_20.5_2_1_0.5_0.3_0.2_0.1_0_0_0_0_0_0	4N	27	0	SUM-159_NLS_4N_O2_A12_seed	SUM-159_NLS_4N_O2_A12	52	2.55025125628141	0.0336448511484115	-3.3918952465332	85	oxygen-deprived	0.00135255683008685
20.5_20.5_2_1_0.5_0.3_0.2_0.1_0_0_0_0_0_0	4N	27	0	SUM-159_NLS_4N_O2_A12_seed	SUM-159_NLS_4N_O2_A12	53	2.59045226130653	0.0482445959774766	-3.03147145793647	85	oxygen-deprived	0.00193948124532562
20.5_20.5_2_1_0.5_0.3_0.2_0.1_0_0_0_0_0_0	4N	27	0	SUM-159_NLS_4N_O2_A12_seed	SUM-159_NLS_4N_O2_A12	54	2.63065326633166	0.0686850314602489	-2.6782239861684	85	oxygen-deprived	0.00276120729488428
20.5_20.5_2_1_0.5_0.3_0.2_0.1_0_0_0_0_0_0	4N	27	0	SUM-159_NLS_4N_O2_A12_seed	SUM-159_NLS_4N_O2_A12	55	2.67085427135678	0.0933214764907102	-2.37170501015049	85	oxygen-deprived	0.00375161714535505
20.5_20.5_2_1_0.5_0.3_0.2_0.1_0_0_0_0_0_0	4N	27	0	SUM-159_NLS_4N_O2_A12_seed	SUM-159_NLS_4N_O2_A12	56	2.71105527638191	0.128708544978431	-2.05020477203527	85	oxygen-deprived	0.00517421286345433
20.5_20.5_2_1_0.5_0.3_0.2_0.1_0_0_0_0_0_0	4N	27	0	SUM-159_NLS_4N_O2_A12_seed	SUM-159_NLS_4N_O2_A12	57	2.75125628140704	0.17376903316931	-1.75002825711619	85	oxygen-deprived	0.00698568977565041
20.5_20.5_2_1_0.5_0.3_0.2_0.1_0_0_0_0_0_0	4N	27	0	SUM-159_NLS_4N_O2_A12_seed	SUM-159_NLS_4N_O2_A12	58	2.79145728643216	0.223045309742024	-1.50038034546117	85	oxygen-deprived	0.0089666456177695
20.5_20.5_2_1_0.5_0.3_0.2_0.1_0_0_0_0_0_0	4N	27	0	SUM-159_NLS_4N_O2_A12_seed	SUM-159_NLS_4N_O2_A12	59	2.83165829145729	0.290151436950963	-1.23735229591607	85	oxygen-deprived	0.0116643793749127
20.5_20.5_2_1_0.5_0.3_0.2_0.1_0_0_0_0_0_0	4N	27	0	SUM-159_NLS_4N_O2_A12_seed	SUM-159_NLS_4N_O2_A12	60	2.87185929648241	0.371476176988601	-0.990270543425334	85	oxygen-deprived	0.0149337156578327
20.5_20.5_2_1_0.5_0.3_0.2_0.1_0_0_0_0_0_0	4N	27	0	SUM-159_NLS_4N_O2_A12_seed	SUM-159_NLS_4N_O2_A12	61	2.91206030150754	0.462377868434797	-0.771372825150904	85	oxygen-deprived	0.0185880550124535
20.5_20.5_2_1_0.5_0.3_0.2_0.1_0_0_0_0_0_0	4N	27	0	SUM-159_NLS_4N_O2_A12_seed	SUM-159_NLS_4N_O2_A12	62	2.95226130653266	0.555653433811996	-0.587610499558552	85	oxygen-deprived	0.0223378264849036
20.5_20.5_2_1_0.5_0.3_0.2_0.1_0_0_0_0_0_0	4N	27	0	SUM-159_NLS_4N_O2_A12_seed	SUM-159_NLS_4N_O2_A12	63	2.99246231155779	0.673058181985105	-0.395923501387506	85	oxygen-deprived	0.0270576153561842
20.5_20.5_2_1_0.5_0.3_0.2_0.1_0_0_0_0_0_0	4N	27	0	SUM-159_NLS_4N_O2_A12_seed	SUM-159_NLS_4N_O2_A12	64	3.03266331658291	0.78872001732333	-0.237343878751498	85	oxygen-deprived	0.0317073373798313
20.5_20.5_2_1_0.5_0.3_0.2_0.1_0_0_0_0_0_0	4N	27	0	SUM-159_NLS_4N_O2_A12_seed	SUM-159_NLS_4N_O2_A12	65	3.07286432160804	0.897378444804767	-0.10827760533563	85	oxygen-deprived	0.0360755153690346
20.5_20.5_2_1_0.5_0.3_0.2_0.1_0_0_0_0_0_0	4N	27	0	SUM-159_NLS_4N_O2_A12_seed	SUM-159_NLS_4N_O2_A12	66	3.11306532663317	1.00664833176773	0.00662632907703449	85	oxygen-deprived	0.0404682746439274
20.5_20.5_2_1_0.5_0.3_0.2_0.1_0_0_0_0_0_0	4N	27	0	SUM-159_NLS_4N_O2_A12_seed	SUM-159_NLS_4N_O2_A12	67	3.15326633165829	1.11984047774045	0.113186244573924	85	oxygen-deprived	0.0450187126729813
20.5_20.5_2_1_0.5_0.3_0.2_0.1_0_0_0_0_0_0	4N	27	0	SUM-159_NLS_4N_O2_A12_seed	SUM-159_NLS_4N_O2_A12	68	3.19346733668342	1.20619977393401	0.187474734614741	85	oxygen-deprived	0.0484904431732248
20.5_20.5_2_1_0.5_0.3_0.2_0.1_0_0_0_0_0_0	4N	27	0	SUM-159_NLS_4N_O2_A12_seed	SUM-159_NLS_4N_O2_A12	69	3.23366834170854	1.2840979109103	0.250056456963573	85	oxygen-deprived	0.0516220265692565
20.5_20.5_2_1_0.5_0.3_0.2_0.1_0_0_0_0_0_0	4N	27	0	SUM-159_NLS_4N_O2_A12_seed	SUM-159_NLS_4N_O2_A12	70	3.27386934673367	1.33615526572119	0.289796285218974	85	oxygen-deprived	0.0537147845516038
20.5_20.5_2_1_0.5_0.3_0.2_0.1_0_0_0_0_0_0	4N	27	0	SUM-159_NLS_4N_O2_A12_seed	SUM-159_NLS_4N_O2_A12	71	3.31407035175879	1.35149042986304	0.301208005586864	85	oxygen-deprived	0.0543312735623314
20.5_20.5_2_1_0.5_0.3_0.2_0.1_0_0_0_0_0_0	4N	27	0	SUM-159_NLS_4N_O2_A12_seed	SUM-159_NLS_4N_O2_A12	72	3.35427135678392	1.35750186989169	0.305646150277445	85	oxygen-deprived	0.0545729394931314
20.5_20.5_2_1_0.5_0.3_0.2_0.1_0_0_0_0_0_0	4N	27	0	SUM-159_NLS_4N_O2_A12_seed	SUM-159_NLS_4N_O2_A12	73	3.39447236180905	1.33086492802267	0.285829052687616	85	oxygen-deprived	0.053502107659201
20.5_20.5_2_1_0.5_0.3_0.2_0.1_0_0_0_0_0_0	4N	27	0	SUM-159_NLS_4N_O2_A12_seed	SUM-159_NLS_4N_O2_A12	74	3.43467336683417	1.28737794707839	0.252607550676384	85	oxygen-deprived	0.0517538873197325
20.5_20.5_2_1_0.5_0.3_0.2_0.1_0_0_0_0_0_0	4N	27	0	SUM-159_NLS_4N_O2_A12_seed	SUM-159_NLS_4N_O2_A12	75	3.4748743718593	1.21900021069987	0.198031023345608	85	oxygen-deprived	0.049005033595973
20.5_20.5_2_1_0.5_0.3_0.2_0.1_0_0_0_0_0_0	4N	27	0	SUM-159_NLS_4N_O2_A12_seed	SUM-159_NLS_4N_O2_A12	76	3.51507537688442	1.12624339221634	0.118887662856687	85	oxygen-deprived	0.045276116270002
20.5_20.5_2_1_0.5_0.3_0.2_0.1_0_0_0_0_0_0	4N	27	0	SUM-159_NLS_4N_O2_A12_seed	SUM-159_NLS_4N_O2_A12	77	3.55527638190955	1.02575716475531	0.0254310372100428	85	oxygen-deprived	0.0412364689348854
20.5_20.5_2_1_0.5_0.3_0.2_0.1_0_0_0_0_0_0	4N	27	0	SUM-159_NLS_4N_O2_A12_seed	SUM-159_NLS_4N_O2_A12	78	3.59547738693467	0.915835823634894	-0.0879181622115874	85	oxygen-deprived	0.0368175205481352
20.5_20.5_2_1_0.5_0.3_0.2_0.1_0_0_0_0_0_0	4N	27	0	SUM-159_NLS_4N_O2_A12_seed	SUM-159_NLS_4N_O2_A12	79	3.6356783919598	0.811166692165367	-0.209281706942137	85	oxygen-deprived	0.0326097162679533
20.5_20.5_2_1_0.5_0.3_0.2_0.1_0_0_0_0_0_0	4N	27	0	SUM-159_NLS_4N_O2_A12_seed	SUM-159_NLS_4N_O2_A12	80	3.67587939698492	0.7044693281288	-0.350310485668812	85	oxygen-deprived	0.0283203750001518
20.5_20.5_2_1_0.5_0.3_0.2_0.1_0_0_0_0_0_0	4N	27	0	SUM-159_NLS_4N_O2_A12_seed	SUM-159_NLS_4N_O2_A12	81	3.71608040201005	0.595382084042758	-0.51855192147671	85	oxygen-deprived	0.0239349581524719
20.5_20.5_2_1_0.5_0.3_0.2_0.1_0_0_0_0_0_0	4N	27	0	SUM-159_NLS_4N_O2_A12_seed	SUM-159_NLS_4N_O2_A12	82	3.75628140703518	0.501194977396653	-0.690760077166355	85	oxygen-deprived	0.0201485418048899
20.5_20.5_2_1_0.5_0.3_0.2_0.1_0_0_0_0_0_0	4N	27	0	SUM-159_NLS_4N_O2_A12_seed	SUM-159_NLS_4N_O2_A12	83	3.7964824120603	0.410597841619144	-0.890141031062012	85	oxygen-deprived	0.0165064458942364
20.5_20.5_2_1_0.5_0.3_0.2_0.1_0_0_0_0_0_0	4N	27	0	SUM-159_NLS_4N_O2_A12_seed	SUM-159_NLS_4N_O2_A12	84	3.83668341708543	0.331304790546473	-1.10471650993636	85	oxygen-deprived	0.0133187855496065
20.5_20.5_2_1_0.5_0.3_0.2_0.1_0_0_0_0_0_0	4N	27	0	SUM-159_NLS_4N_O2_A12_seed	SUM-159_NLS_4N_O2_A12	85	3.87688442211055	0.262513949225696	-1.33745105845492	85	oxygen-deprived	0.0105533245919874
20.5_20.5_2_1_0.5_0.3_0.2_0.1_0_0_0_0_0_0	4N	27	0	SUM-159_NLS_4N_O2_A12_seed	SUM-159_NLS_4N_O2_A12	86	3.91708542713568	0.207556936527767	-1.57234958404533	85	oxygen-deprived	0.00834399744835215
20.5_20.5_2_1_0.5_0.3_0.2_0.1_0_0_0_0_0_0	4N	27	0	SUM-159_NLS_4N_O2_A12_seed	SUM-159_NLS_4N_O2_A12	87	3.9572864321608	0.159590839369164	-1.83514199305004	85	oxygen-deprived	0.00641571213544356
20.5_20.5_2_1_0.5_0.3_0.2_0.1_0_0_0_0_0_0	4N	27	0	SUM-159_NLS_4N_O2_A12_seed	SUM-159_NLS_4N_O2_A12	88	3.99748743718593	0.11483979709067	-2.16421719061807	85	oxygen-deprived	0.00461667525992627
20.5_20.5_2_1_0.5_0.3_0.2_0.1_0_0_0_0_0_0	4N	27	0	SUM-159_NLS_4N_O2_A12_seed	SUM-159_NLS_4N_O2_A12	89	4.03768844221106	0.0834514943443108	-2.48348972197278	85	oxygen-deprived	0.00335483394348976
20.5_20.5_2_1_0.5_0.3_0.2_0.1_0_0_0_0_0_0	4N	27	0	SUM-159_NLS_4N_O2_A12_seed	SUM-159_NLS_4N_O2_A12	90	4.07788944723618	0.0637253215418989	-2.75317328295946	85	oxygen-deprived	0.00256182197153353
20.5_20.5_2_1_0.5_0.3_0.2_0.1_0_0_0_0_0_0	4N	27	0	SUM-159_NLS_4N_O2_A12_seed	SUM-159_NLS_4N_O2_A12	91	4.11809045226131	0.0476638595005038	-3.04358183072234	85	oxygen-deprived	0.00191613505529657
20.5_20.5_2_1_0.5_0.3_0.2_0.1_0_0_0_0_0_0	4N	27	0	SUM-159_NLS_4N_O2_A12_seed	SUM-159_NLS_4N_O2_A12	92	4.15829145728643	0.0352495030062644	-3.34530384893632	85	oxygen-deprived	0.00141706544748797
20.5_20.5_2_1_0.5_0.3_0.2_0.1_0_0_0_0_0_0	4N	27	0	SUM-159_NLS_4N_O2_A12_seed	SUM-159_NLS_4N_O2_A12	93	4.19849246231156	0.0262462718311481	-3.64023132551115	85	oxygen-deprived	0.00105512650577476
20.5_20.5_2_1_0.5_0.3_0.2_0.1_0_0_0_0_0_0	4N	27	0	SUM-159_NLS_4N_O2_A12_seed	SUM-159_NLS_4N_O2_A12	94	4.23869346733668	0.0211463237421678	-3.85628920693523	85	oxygen-deprived	0.000850103467021792
20.5_20.5_2_1_0.5_0.3_0.2_0.1_0_0_0_0_0_0	4N	27	0	SUM-159_NLS_4N_O2_A12_seed	SUM-159_NLS_4N_O2_A12	95	4.27889447236181	0.0154631690489176	-4.16929427306994	85	oxygen-deprived	0.000621634936639882
20.5_20.5_2_1_0.5_0.3_0.2_0.1_0_0_0_0_0_0	4N	27	0	SUM-159_NLS_4N_O2_A12_seed	SUM-159_NLS_4N_O2_A12	96	4.31909547738693	0.0109967832028962	-4.51015248505189	85	oxygen-deprived	0.000442081736799832
20.5_20.5_2_1_0.5_0.3_0.2_0.1_0_0_0_0_0_0	4N	27	0	SUM-159_NLS_4N_O2_A12_seed	SUM-159_NLS_4N_O2_A12	97	4.35929648241206	0.00844855864079347	-4.77375942721666	85	oxygen-deprived	0.000339640548373595
20.5_20.5_2_1_0.5_0.3_0.2_0.1_0_0_0_0_0_0	4N	27	0	SUM-159_NLS_4N_O2_A12_seed	SUM-159_NLS_4N_O2_A12	98	4.39949748743719	0.00586546039014143	-5.13867430206467	85	oxygen-deprived	0.000235797402618743
20.5_20.5_2_1_0.5_0.3_0.2_0.1_0_0_0_0_0_0	4N	27	0	SUM-159_NLS_4N_O2_A12_seed	SUM-159_NLS_4N_O2_A12	99	4.43969849246231	0.00457921737538224	-5.38622717419498	85	oxygen-deprived	0.000184089140718878
20.5_20.5_2_1_0.5_0.3_0.2_0.1_0_0_0_0_0_0	4N	27	0	SUM-159_NLS_4N_O2_A12_seed	SUM-159_NLS_4N_O2_A12	100	4.47989949748744	0.00320415497075562	-5.74330688304446	85	oxygen-deprived	0.000128810250080623
20.5_20.5_2_1_0.5_0.3_0.2_0.1_0_0_0_0_0_0	4N	27	0	SUM-159_NLS_4N_O2_A12_seed	SUM-159_NLS_4N_O2_A12	101	4.52010050251256	0.0022008290009405	-6.11892117098685	85	oxygen-deprived	8.84755377262482e-05
20.5_20.5_2_1_0.5_0.3_0.2_0.1_0_0_0_0_0_0	4N	27	0	SUM-159_NLS_4N_O2_A12_seed	SUM-159_NLS_4N_O2_A12	102	4.56030150753769	0.00134469986458058	-6.6115844398405	85	oxygen-deprived	5.40582860132878e-05
20.5_20.5_2_1_0.5_0.3_0.2_0.1_0_0_0_0_0_0	4N	27	0	SUM-159_NLS_4N_O2_A12_seed	SUM-159_NLS_4N_O2_A12	103	4.60050251256281	0.00109857590499787	-6.81374056975771	85	oxygen-deprived	4.41638554772998e-05
20.5_20.5_2_1_0.5_0.3_0.2_0.1_0_0_0_0_0_0	4N	27	0	SUM-159_NLS_4N_O2_A12_seed	SUM-159_NLS_4N_O2_A12	104	4.64070351758794	0.00112477115742867	-6.79017567963648	85	oxygen-deprived	4.52169309519048e-05
20.5_20.5_2_1_0.5_0.3_0.2_0.1_0_0_0_0_0_0	4N	27	0	SUM-159_NLS_4N_O2_A12_seed	SUM-159_NLS_4N_O2_A12	105	4.68090452261307	0.000679860192828239	-7.29362337971445	85	oxygen-deprived	2.733106302827e-05
20.5_20.5_2_1_0.5_0.3_0.2_0.1_0_0_0_0_0_0	4N	27	0	SUM-159_NLS_4N_O2_A12_seed	SUM-159_NLS_4N_O2_A12	106	4.72110552763819	0.000352577798771097	-7.95023925433027	85	oxygen-deprived	1.41739818601441e-05
20.5_20.5_2_1_0.5_0.3_0.2_0.1_0_0_0_0_0_0	4N	27	0	SUM-159_NLS_4N_O2_A12_seed	SUM-159_NLS_4N_O2_A12	107	4.76130653266332	0.000244874692575545	-8.31476393713458	85	oxygen-deprived	9.84420874675523e-06
20.5_20.5_2_1_0.5_0.3_0.2_0.1_0_0_0_0_0_0	4N	27	0	SUM-159_NLS_4N_O2_A12_seed	SUM-159_NLS_4N_O2_A12	108	4.80150753768844	0.00014571451164142	-8.83386125026214	85	oxygen-deprived	5.85786981473025e-06
20.5_20.5_2_1_0.5_0.3_0.2_0.1_0_0_0_0_0_0	4N	27	0	SUM-159_NLS_4N_O2_A12_seed	SUM-159_NLS_4N_O2_A12	109	4.84170854271357	5.90519241988714e-05	-9.73709342992681	85	oxygen-deprived	2.37394670146208e-06
20.5_20.5_2_1_0.5_0.3_0.2_0.1_0_0_0_0_0_0	4N	27	0	SUM-159_NLS_4N_O2_A12_seed	SUM-159_NLS_4N_O2_A12	110	4.88190954773869	6.16461165074243e-05	-9.69410032291834	85	oxygen-deprived	2.47823583949436e-06
20.5_20.5_2_1_0.5_0.3_0.2_0.1_0_0_0_0_0_0	4N	27	0	SUM-159_NLS_4N_O2_A12_seed	SUM-159_NLS_4N_O2_A12	111	4.92211055276382	5.81773055411769e-05	-9.75201521842796	85	oxygen-deprived	2.33878615240904e-06
20.5_20.5_2_1_0.5_0.3_0.2_0.1_0_0_0_0_0_0	4N	27	0	SUM-159_NLS_4N_O2_A12_seed	SUM-159_NLS_4N_O2_A12	112	4.96231155778894	2.994074579541e-05	-10.4162902696167	85	oxygen-deprived	1.20364807217724e-06
20.5_20.5_2_1_0.5_0.3_0.2_0.1_0_0_0_0_0_0	4N	27	0	SUM-159_NLS_4N_O2_A12_seed	SUM-159_NLS_4N_O2_A12	113	5.00251256281407	3.3866966462348e-05	-10.2930704592925	85	oxygen-deprived	1.36148608893857e-06
20.5_20.5_2_1_0.5_0.3_0.2_0.1_0_0_0_0_0_0	4N	27	0	SUM-159_NLS_4N_O2_A12_seed	SUM-159_NLS_4N_O2_A12	114	5.0427135678392	2.04313496568459e-05	-10.7984400888182	85	oxygen-deprived	8.21360790224932e-07
20.5_20.5_2_1_0.5_0.3_0.2_0.1_0_0_0_0_0_0	4N	27	0	SUM-159_NLS_4N_O2_A12_seed	SUM-159_NLS_4N_O2_A12	115	5.08291457286432	4.32392258343451e-07	-14.6539326552652	85	oxygen-deprived	1.73826033504899e-08
20.5_20.5_2_1_0.5_0.3_0.2_0.1_0_0_0_0_0_0	4N	27	0	SUM-159_NLS_4N_O2_A12_seed	SUM-159_NLS_4N_O2_A12	116	5.12311557788945	4.6555841275851e-10	-21.4877835431773	85	oxygen-deprived	1.87159160907937e-11
20.5_20.5_2_1_0.5_0.3_0.2_0.1_0_0_0_0_0_0	4N	27	0	SUM-159_NLS_4N_O2_A12_seed	SUM-159_NLS_4N_O2_A12	117	5.16331658291457	9.99966350842595e-13	-27.6310547656521	85	oxygen-deprived	4.01996522951783e-14
20.5_20.5_2_1_0.5_0.3_0.2_0.1_0_0_0_0_0_0	4N	27	0	SUM-159_NLS_4N_O2_A12_seed	SUM-159_NLS_4N_O2_A12	118	5.2035175879397	9.99966350842595e-13	-27.6310547656521	85	oxygen-deprived	4.01996522951783e-14
20.5_20.5_2_1_0.5_0.3_0.2_0.1_0_0_0_0_0_0	4N	27	0	SUM-159_NLS_4N_O2_A12_seed	SUM-159_NLS_4N_O2_A12	119	5.24371859296482	9.99966350842595e-13	-27.6310547656521	85	oxygen-deprived	4.01996522951783e-14
20.5_20.5_2_1_0.5_0.3_0.2_0.1_0_0_0_0_0_0	4N	27	0	SUM-159_NLS_4N_O2_A12_seed	SUM-159_NLS_4N_O2_A12	120	5.28391959798995	9.99966350842595e-13	-27.6310547656521	85	oxygen-deprived	4.01996522951783e-14
20.5_20.5_2_1_0.5_0.3_0.2_0.1_0_0_0_0_0_0	4N	27	0	SUM-159_NLS_4N_O2_A12_seed	SUM-159_NLS_4N_O2_A12	121	5.32412060301508	9.99966350842595e-13	-27.6310547656521	85	oxygen-deprived	4.01996522951783e-14
20.5_20.5_2_1_0.5_0.3_0.2_0.1_0_0_0_0_0_0	4N	27	0	SUM-159_NLS_4N_O2_A12_seed	SUM-159_NLS_4N_O2_A12	122	5.3643216080402	9.99966350842595e-13	-27.6310547656521	85	oxygen-deprived	4.01996522951783e-14
20.5_20.5_2_1_0.5_0.3_0.2_0.1_0_0_0_0_0_0	4N	27	0	SUM-159_NLS_4N_O2_A12_seed	SUM-159_NLS_4N_O2_A12	123	5.40452261306533	9.99966350842595e-13	-27.6310547656521	85	oxygen-deprived	4.01996522951783e-14
20.5_20.5_2_1_0.5_0.3_0.2_0.1_0_0_0_0_0_0	4N	27	0	SUM-159_NLS_4N_O2_A12_seed	SUM-159_NLS_4N_O2_A12	124	5.44472361809045	9.99966350842595e-13	-27.6310547656521	85	oxygen-deprived	4.01996522951783e-14
20.5_20.5_2_1_0.5_0.3_0.2_0.1_0_0_0_0_0_0	4N	27	0	SUM-159_NLS_4N_O2_A12_seed	SUM-159_NLS_4N_O2_A12	125	5.48492462311558	9.99966350842595e-13	-27.6310547656521	85	oxygen-deprived	4.01996522951783e-14
20.5_20.5_2_1_0.5_0.3_0.2_0.1_0_0_0_0_0_0	4N	27	0	SUM-159_NLS_4N_O2_A12_seed	SUM-159_NLS_4N_O2_A12	126	5.5251256281407	9.99966350842595e-13	-27.6310547656521	85	oxygen-deprived	4.01996522951783e-14
20.5_20.5_2_1_0.5_0.3_0.2_0.1_0_0_0_0_0_0	4N	27	0	SUM-159_NLS_4N_O2_A12_seed	SUM-159_NLS_4N_O2_A12	127	5.56532663316583	9.99966350842595e-13	-27.6310547656521	85	oxygen-deprived	4.01996522951783e-14
20.5_20.5_2_1_0.5_0.3_0.2_0.1_0_0_0_0_0_0	4N	27	0	SUM-159_NLS_4N_O2_A12_seed	SUM-159_NLS_4N_O2_A12	128	5.60552763819095	9.99966350842595e-13	-27.6310547656521	85	oxygen-deprived	4.01996522951783e-14
20.5_20.5_2_1_0.5_0.3_0.2_0.1_0_0_0_0_0_0	4N	27	0	SUM-159_NLS_4N_O2_A12_seed	SUM-159_NLS_4N_O2_A12	129	5.64572864321608	9.99966350842595e-13	-27.6310547656521	85	oxygen-deprived	4.01996522951783e-14
20.5_20.5_2_1_0.5_0.3_0.2_0.1_0_0_0_0_0_0	4N	27	0	SUM-159_NLS_4N_O2_A12_seed	SUM-159_NLS_4N_O2_A12	130	5.68592964824121	9.99966350842595e-13	-27.6310547656521	85	oxygen-deprived	4.01996522951783e-14
20.5_20.5_2_1_0.5_0.3_0.2_0.1_0_0_0_0_0_0	4N	27	0	SUM-159_NLS_4N_O2_A12_seed	SUM-159_NLS_4N_O2_A12	131	5.72613065326633	9.99966350842595e-13	-27.6310547656521	85	oxygen-deprived	4.01996522951783e-14
20.5_20.5_2_1_0.5_0.3_0.2_0.1_0_0_0_0_0_0	4N	27	0	SUM-159_NLS_4N_O2_A12_seed	SUM-159_NLS_4N_O2_A12	132	5.76633165829146	9.99966350842595e-13	-27.6310547656521	85	oxygen-deprived	4.01996522951783e-14
20.5_20.5_2_1_0.5_0.3_0.2_0.1_0_0_0_0_0_0	4N	27	0	SUM-159_NLS_4N_O2_A12_seed	SUM-159_NLS_4N_O2_A12	133	5.80653266331658	9.99966350842595e-13	-27.6310547656521	85	oxygen-deprived	4.01996522951783e-14
20.5_20.5_2_1_0.5_0.3_0.2_0.1_0_0_0_0_0_0	4N	27	0	SUM-159_NLS_4N_O2_A12_seed	SUM-159_NLS_4N_O2_A12	134	5.84673366834171	9.99966350842595e-13	-27.6310547656521	85	oxygen-deprived	4.01996522951783e-14
20.5_20.5_2_1_0.5_0.3_0.2_0.1_0_0_0_0_0_0	4N	27	0	SUM-159_NLS_4N_O2_A12_seed	SUM-159_NLS_4N_O2_A12	135	5.88693467336683	9.99966350842595e-13	-27.6310547656521	85	oxygen-deprived	4.01996522951783e-14
20.5_20.5_2_1_0.5_0.3_0.2_0.1_0_0_0_0_0_0	4N	27	0	SUM-159_NLS_4N_O2_A12_seed	SUM-159_NLS_4N_O2_A12	136	5.92713567839196	9.99966350842595e-13	-27.6310547656521	85	oxygen-deprived	4.01996522951783e-14
20.5_20.5_2_1_0.5_0.3_0.2_0.1_0_0_0_0_0_0	4N	27	0	SUM-159_NLS_4N_O2_A12_seed	SUM-159_NLS_4N_O2_A12	137	5.96733668341709	9.99966350842595e-13	-27.6310547656521	85	oxygen-deprived	4.01996522951783e-14
20.5_20.5_2_1_0.5_0.3_0.2_0.1_0_0_0_0_0_0	4N	27	0	SUM-159_NLS_4N_O2_A12_seed	SUM-159_NLS_4N_O2_A12	138	6.00753768844221	9.99966350842595e-13	-27.6310547656521	85	oxygen-deprived	4.01996522951783e-14
20.5_20.5_2_1_0.5_0.3_0.2_0.1_0_0_0_0_0_0	4N	27	0	SUM-159_NLS_4N_O2_A12_seed	SUM-159_NLS_4N_O2_A12	139	6.04773869346734	9.99966350842595e-13	-27.6310547656521	85	oxygen-deprived	4.01996522951783e-14
20.5_20.5_2_1_0.5_0.3_0.2_0.1_0_0_0_0_0_0	4N	27	0	SUM-159_NLS_4N_O2_A12_seed	SUM-159_NLS_4N_O2_A12	140	6.08793969849246	9.99966350842595e-13	-27.6310547656521	85	oxygen-deprived	4.01996522951783e-14
20.5_20.5_2_1_0.5_0.3_0.2_0.1_0_0_0_0_0_0	4N	27	0	SUM-159_NLS_4N_O2_A12_seed	SUM-159_NLS_4N_O2_A12	141	6.12814070351759	9.99966350842595e-13	-27.6310547656521	85	oxygen-deprived	4.01996522951783e-14
20.5_20.5_2_1_0.5_0.3_0.2_0.1_0_0_0_0_0_0	4N	27	0	SUM-159_NLS_4N_O2_A12_seed	SUM-159_NLS_4N_O2_A12	142	6.16834170854271	9.99966350842595e-13	-27.6310547656521	85	oxygen-deprived	4.01996522951783e-14
20.5_20.5_2_1_0.5_0.3_0.2_0.1_0_0_0_0_0_0	4N	27	0	SUM-159_NLS_4N_O2_A12_seed	SUM-159_NLS_4N_O2_A12	143	6.20854271356784	9.99966350842595e-13	-27.6310547656521	85	oxygen-deprived	4.01996522951783e-14
20.5_20.5_2_1_0.5_0.3_0.2_0.1_0_0_0_0_0_0	4N	27	0	SUM-159_NLS_4N_O2_A12_seed	SUM-159_NLS_4N_O2_A12	144	6.24874371859296	9.99966350842595e-13	-27.6310547656521	85	oxygen-deprived	4.01996522951783e-14
20.5_20.5_2_1_0.5_0.3_0.2_0.1_0_0_0_0_0_0	4N	27	0	SUM-159_NLS_4N_O2_A12_seed	SUM-159_NLS_4N_O2_A12	145	6.28894472361809	9.99966350842595e-13	-27.6310547656521	85	oxygen-deprived	4.01996522951783e-14
20.5_20.5_2_1_0.5_0.3_0.2_0.1_0_0_0_0_0_0	4N	27	0	SUM-159_NLS_4N_O2_A12_seed	SUM-159_NLS_4N_O2_A12	146	6.32914572864322	9.99966350842595e-13	-27.6310547656521	85	oxygen-deprived	4.01996522951783e-14
20.5_20.5_2_1_0.5_0.3_0.2_0.1_0_0_0_0_0_0	4N	27	0	SUM-159_NLS_4N_O2_A12_seed	SUM-159_NLS_4N_O2_A12	147	6.36934673366834	9.99966350842595e-13	-27.6310547656521	85	oxygen-deprived	4.01996522951783e-14
20.5_20.5_2_1_0.5_0.3_0.2_0.1_0_0_0_0_0_0	4N	27	0	SUM-159_NLS_4N_O2_A12_seed	SUM-159_NLS_4N_O2_A12	148	6.40954773869347	9.99966350842595e-13	-27.6310547656521	85	oxygen-deprived	4.01996522951783e-14
20.5_20.5_2_1_0.5_0.3_0.2_0.1_0_0_0_0_0_0	4N	27	0	SUM-159_NLS_4N_O2_A12_seed	SUM-159_NLS_4N_O2_A12	149	6.44974874371859	9.99966350842595e-13	-27.6310547656521	85	oxygen-deprived	4.01996522951783e-14
20.5_20.5_2_1_0.5_0.3_0.2_0.1_0_0_0_0_0_0	4N	27	0	SUM-159_NLS_4N_O2_A12_seed	SUM-159_NLS_4N_O2_A12	150	6.48994974874372	9.99966350842595e-13	-27.6310547656521	85	oxygen-deprived	4.01996522951783e-14
20.5_20.5_2_1_0.5_0.3_0.2_0.1_0_0_0_0_0_0	4N	27	0	SUM-159_NLS_4N_O2_A12_seed	SUM-159_NLS_4N_O2_A12	151	6.53015075376884	9.99966350842595e-13	-27.6310547656521	85	oxygen-deprived	4.01996522951783e-14
20.5_20.5_2_1_0.5_0.3_0.2_0.1_0_0_0_0_0_0	4N	27	0	SUM-159_NLS_4N_O2_A12_seed	SUM-159_NLS_4N_O2_A12	152	6.57035175879397	9.99966350842595e-13	-27.6310547656521	85	oxygen-deprived	4.01996522951783e-14
20.5_20.5_2_1_0.5_0.3_0.2_0.1_0_0_0_0_0_0	4N	27	0	SUM-159_NLS_4N_O2_A12_seed	SUM-159_NLS_4N_O2_A12	153	6.6105527638191	9.99966350842595e-13	-27.6310547656521	85	oxygen-deprived	4.01996522951783e-14
20.5_20.5_2_1_0.5_0.3_0.2_0.1_0_0_0_0_0_0	4N	27	0	SUM-159_NLS_4N_O2_A12_seed	SUM-159_NLS_4N_O2_A12	154	6.65075376884422	9.99966350842595e-13	-27.6310547656521	85	oxygen-deprived	4.01996522951783e-14
20.5_20.5_2_1_0.5_0.3_0.2_0.1_0_0_0_0_0_0	4N	27	0	SUM-159_NLS_4N_O2_A12_seed	SUM-159_NLS_4N_O2_A12	155	6.69095477386935	9.99966350842595e-13	-27.6310547656521	85	oxygen-deprived	4.01996522951783e-14
20.5_20.5_2_1_0.5_0.3_0.2_0.1_0_0_0_0_0_0	4N	27	0	SUM-159_NLS_4N_O2_A12_seed	SUM-159_NLS_4N_O2_A12	156	6.73115577889447	9.99966350842595e-13	-27.6310547656521	85	oxygen-deprived	4.01996522951783e-14
20.5_20.5_2_1_0.5_0.3_0.2_0.1_0_0_0_0_0_0	4N	27	0	SUM-159_NLS_4N_O2_A12_seed	SUM-159_NLS_4N_O2_A12	157	6.7713567839196	9.99966350842595e-13	-27.6310547656521	85	oxygen-deprived	4.01996522951783e-14
20.5_20.5_2_1_0.5_0.3_0.2_0.1_0_0_0_0_0_0	4N	27	0	SUM-159_NLS_4N_O2_A12_seed	SUM-159_NLS_4N_O2_A12	158	6.81155778894472	9.99966350842595e-13	-27.6310547656521	85	oxygen-deprived	4.01996522951783e-14
20.5_20.5_2_1_0.5_0.3_0.2_0.1_0_0_0_0_0_0	4N	27	0	SUM-159_NLS_4N_O2_A12_seed	SUM-159_NLS_4N_O2_A12	159	6.85175879396985	9.99966350842595e-13	-27.6310547656521	85	oxygen-deprived	4.01996522951783e-14
20.5_20.5_2_1_0.5_0.3_0.2_0.1_0_0_0_0_0_0	4N	27	0	SUM-159_NLS_4N_O2_A12_seed	SUM-159_NLS_4N_O2_A12	160	6.89195979899498	9.99966350842595e-13	-27.6310547656521	85	oxygen-deprived	4.01996522951783e-14
20.5_20.5_2_1_0.5_0.3_0.2_0.1_0_0_0_0_0_0	4N	27	0	SUM-159_NLS_4N_O2_A12_seed	SUM-159_NLS_4N_O2_A12	161	6.9321608040201	9.99966350842595e-13	-27.6310547656521	85	oxygen-deprived	4.01996522951783e-14
20.5_20.5_2_1_0.5_0.3_0.2_0.1_0_0_0_0_0_0	4N	27	0	SUM-159_NLS_4N_O2_A12_seed	SUM-159_NLS_4N_O2_A12	162	6.97236180904523	9.99966350842595e-13	-27.6310547656521	85	oxygen-deprived	4.01996522951783e-14
20.5_20.5_2_1_0.5_0.3_0.2_0.1_0_0_0_0_0_0	4N	27	0	SUM-159_NLS_4N_O2_A12_seed	SUM-159_NLS_4N_O2_A12	163	7.01256281407035	9.99966350842595e-13	-27.6310547656521	85	oxygen-deprived	4.01996522951783e-14
20.5_20.5_2_1_0.5_0.3_0.2_0.1_0_0_0_0_0_0	4N	27	0	SUM-159_NLS_4N_O2_A12_seed	SUM-159_NLS_4N_O2_A12	164	7.05276381909548	9.99966350842595e-13	-27.6310547656521	85	oxygen-deprived	4.01996522951783e-14
20.5_20.5_2_1_0.5_0.3_0.2_0.1_0_0_0_0_0_0	4N	27	0	SUM-159_NLS_4N_O2_A12_seed	SUM-159_NLS_4N_O2_A12	165	7.0929648241206	9.99966350842595e-13	-27.6310547656521	85	oxygen-deprived	4.01996522951783e-14
20.5_20.5_2_1_0.5_0.3_0.2_0.1_0_0_0_0_0_0	4N	27	0	SUM-159_NLS_4N_O2_A12_seed	SUM-159_NLS_4N_O2_A12	166	7.13316582914573	9.99966350842595e-13	-27.6310547656521	85	oxygen-deprived	4.01996522951783e-14
20.5_20.5_2_1_0.5_0.3_0.2_0.1_0_0_0_0_0_0	4N	27	0	SUM-159_NLS_4N_O2_A12_seed	SUM-159_NLS_4N_O2_A12	167	7.17336683417085	9.99966350842595e-13	-27.6310547656521	85	oxygen-deprived	4.01996522951783e-14
20.5_20.5_2_1_0.5_0.3_0.2_0.1_0_0_0_0_0_0	4N	27	0	SUM-159_NLS_4N_O2_A12_seed	SUM-159_NLS_4N_O2_A12	168	7.21356783919598	9.99966350842595e-13	-27.6310547656521	85	oxygen-deprived	4.01996522951783e-14
20.5_20.5_2_1_0.5_0.3_0.2_0.1_0_0_0_0_0_0	4N	27	0	SUM-159_NLS_4N_O2_A12_seed	SUM-159_NLS_4N_O2_A12	169	7.25376884422111	9.99966350842595e-13	-27.6310547656521	85	oxygen-deprived	4.01996522951783e-14
20.5_20.5_2_1_0.5_0.3_0.2_0.1_0_0_0_0_0_0	4N	27	0	SUM-159_NLS_4N_O2_A12_seed	SUM-159_NLS_4N_O2_A12	170	7.29396984924623	9.99966350842595e-13	-27.6310547656521	85	oxygen-deprived	4.01996522951783e-14
20.5_20.5_2_1_0.5_0.3_0.2_0.1_0_0_0_0_0_0	4N	27	0	SUM-159_NLS_4N_O2_A12_seed	SUM-159_NLS_4N_O2_A12	171	7.33417085427136	9.99966350842595e-13	-27.6310547656521	85	oxygen-deprived	4.01996522951783e-14
20.5_20.5_2_1_0.5_0.3_0.2_0.1_0_0_0_0_0_0	4N	27	0	SUM-159_NLS_4N_O2_A12_seed	SUM-159_NLS_4N_O2_A12	172	7.37437185929648	9.99966350842595e-13	-27.6310547656521	85	oxygen-deprived	4.01996522951783e-14
20.5_20.5_2_1_0.5_0.3_0.2_0.1_0_0_0_0_0_0	4N	27	0	SUM-159_NLS_4N_O2_A12_seed	SUM-159_NLS_4N_O2_A12	173	7.41457286432161	9.99966350842595e-13	-27.6310547656521	85	oxygen-deprived	4.01996522951783e-14
20.5_20.5_2_1_0.5_0.3_0.2_0.1_0_0_0_0_0_0	4N	27	0	SUM-159_NLS_4N_O2_A12_seed	SUM-159_NLS_4N_O2_A12	174	7.45477386934673	9.99966350842595e-13	-27.6310547656521	85	oxygen-deprived	4.01996522951783e-14
20.5_20.5_2_1_0.5_0.3_0.2_0.1_0_0_0_0_0_0	4N	27	0	SUM-159_NLS_4N_O2_A12_seed	SUM-159_NLS_4N_O2_A12	175	7.49497487437186	9.99966350842595e-13	-27.6310547656521	85	oxygen-deprived	4.01996522951783e-14
20.5_20.5_2_1_0.5_0.3_0.2_0.1_0_0_0_0_0_0	4N	27	0	SUM-159_NLS_4N_O2_A12_seed	SUM-159_NLS_4N_O2_A12	176	7.53517587939699	9.99966350842595e-13	-27.6310547656521	85	oxygen-deprived	4.01996522951783e-14
20.5_20.5_2_1_0.5_0.3_0.2_0.1_0_0_0_0_0_0	4N	27	0	SUM-159_NLS_4N_O2_A12_seed	SUM-159_NLS_4N_O2_A12	177	7.57537688442211	9.99966350842595e-13	-27.6310547656521	85	oxygen-deprived	4.01996522951783e-14
20.5_20.5_2_1_0.5_0.3_0.2_0.1_0_0_0_0_0_0	4N	27	0	SUM-159_NLS_4N_O2_A12_seed	SUM-159_NLS_4N_O2_A12	178	7.61557788944724	9.99966350842595e-13	-27.6310547656521	85	oxygen-deprived	4.01996522951783e-14
20.5_20.5_2_1_0.5_0.3_0.2_0.1_0_0_0_0_0_0	4N	27	0	SUM-159_NLS_4N_O2_A12_seed	SUM-159_NLS_4N_O2_A12	179	7.65577889447236	9.99966350842595e-13	-27.6310547656521	85	oxygen-deprived	4.01996522951783e-14
20.5_20.5_2_1_0.5_0.3_0.2_0.1_0_0_0_0_0_0	4N	27	0	SUM-159_NLS_4N_O2_A12_seed	SUM-159_NLS_4N_O2_A12	180	7.69597989949749	9.99966350842595e-13	-27.6310547656521	85	oxygen-deprived	4.01996522951783e-14
20.5_20.5_2_1_0.5_0.3_0.2_0.1_0_0_0_0_0_0	4N	27	0	SUM-159_NLS_4N_O2_A12_seed	SUM-159_NLS_4N_O2_A12	181	7.73618090452261	9.99966350842595e-13	-27.6310547656521	85	oxygen-deprived	4.01996522951783e-14
20.5_20.5_2_1_0.5_0.3_0.2_0.1_0_0_0_0_0_0	4N	27	0	SUM-159_NLS_4N_O2_A12_seed	SUM-159_NLS_4N_O2_A12	182	7.77638190954774	9.99966350842595e-13	-27.6310547656521	85	oxygen-deprived	4.01996522951783e-14
20.5_20.5_2_1_0.5_0.3_0.2_0.1_0_0_0_0_0_0	4N	27	0	SUM-159_NLS_4N_O2_A12_seed	SUM-159_NLS_4N_O2_A12	183	7.81658291457286	9.99966350842595e-13	-27.6310547656521	85	oxygen-deprived	4.01996522951783e-14
20.5_20.5_2_1_0.5_0.3_0.2_0.1_0_0_0_0_0_0	4N	27	0	SUM-159_NLS_4N_O2_A12_seed	SUM-159_NLS_4N_O2_A12	184	7.85678391959799	9.99966350842595e-13	-27.6310547656521	85	oxygen-deprived	4.01996522951783e-14
20.5_20.5_2_1_0.5_0.3_0.2_0.1_0_0_0_0_0_0	4N	27	0	SUM-159_NLS_4N_O2_A12_seed	SUM-159_NLS_4N_O2_A12	185	7.89698492462312	9.99966350842595e-13	-27.6310547656521	85	oxygen-deprived	4.01996522951783e-14
20.5_20.5_2_1_0.5_0.3_0.2_0.1_0_0_0_0_0_0	4N	27	0	SUM-159_NLS_4N_O2_A12_seed	SUM-159_NLS_4N_O2_A12	186	7.93718592964824	9.99966350842595e-13	-27.6310547656521	85	oxygen-deprived	4.01996522951783e-14
20.5_20.5_2_1_0.5_0.3_0.2_0.1_0_0_0_0_0_0	4N	27	0	SUM-159_NLS_4N_O2_A12_seed	SUM-159_NLS_4N_O2_A12	187	7.97738693467337	9.99966350842595e-13	-27.6310547656521	85	oxygen-deprived	4.01996522951783e-14
20.5_20.5_2_1_0.5_0.3_0.2_0.1_0_0_0_0_0_0	4N	27	0	SUM-159_NLS_4N_O2_A12_seed	SUM-159_NLS_4N_O2_A12	188	8.01758793969849	9.99966350842595e-13	-27.6310547656521	85	oxygen-deprived	4.01996522951783e-14
20.5_20.5_2_1_0.5_0.3_0.2_0.1_0_0_0_0_0_0	4N	27	0	SUM-159_NLS_4N_O2_A12_seed	SUM-159_NLS_4N_O2_A12	189	8.05778894472362	9.99966350842595e-13	-27.6310547656521	85	oxygen-deprived	4.01996522951783e-14
20.5_20.5_2_1_0.5_0.3_0.2_0.1_0_0_0_0_0_0	4N	27	0	SUM-159_NLS_4N_O2_A12_seed	SUM-159_NLS_4N_O2_A12	190	8.09798994974874	9.99966350842595e-13	-27.6310547656521	85	oxygen-deprived	4.01996522951783e-14
20.5_20.5_2_1_0.5_0.3_0.2_0.1_0_0_0_0_0_0	4N	27	0	SUM-159_NLS_4N_O2_A12_seed	SUM-159_NLS_4N_O2_A12	191	8.13819095477387	9.99966350842595e-13	-27.6310547656521	85	oxygen-deprived	4.01996522951783e-14
20.5_20.5_2_1_0.5_0.3_0.2_0.1_0_0_0_0_0_0	4N	27	0	SUM-159_NLS_4N_O2_A12_seed	SUM-159_NLS_4N_O2_A12	192	8.178391959799	9.99966350842595e-13	-27.6310547656521	85	oxygen-deprived	4.01996522951783e-14
20.5_20.5_2_1_0.5_0.3_0.2_0.1_0_0_0_0_0_0	4N	27	0	SUM-159_NLS_4N_O2_A12_seed	SUM-159_NLS_4N_O2_A12	193	8.21859296482412	9.99966350842595e-13	-27.6310547656521	85	oxygen-deprived	4.01996522951783e-14
20.5_20.5_2_1_0.5_0.3_0.2_0.1_0_0_0_0_0_0	4N	27	0	SUM-159_NLS_4N_O2_A12_seed	SUM-159_NLS_4N_O2_A12	194	8.25879396984925	9.99966350842595e-13	-27.6310547656521	85	oxygen-deprived	4.01996522951783e-14
20.5_20.5_2_1_0.5_0.3_0.2_0.1_0_0_0_0_0_0	4N	27	0	SUM-159_NLS_4N_O2_A12_seed	SUM-159_NLS_4N_O2_A12	195	8.29899497487437	9.99966350842595e-13	-27.6310547656521	85	oxygen-deprived	4.01996522951783e-14
20.5_20.5_2_1_0.5_0.3_0.2_0.1_0_0_0_0_0_0	4N	27	0	SUM-159_NLS_4N_O2_A12_seed	SUM-159_NLS_4N_O2_A12	196	8.3391959798995	9.99966350842595e-13	-27.6310547656521	85	oxygen-deprived	4.01996522951783e-14
20.5_20.5_2_1_0.5_0.3_0.2_0.1_0_0_0_0_0_0	4N	27	0	SUM-159_NLS_4N_O2_A12_seed	SUM-159_NLS_4N_O2_A12	197	8.37939698492462	9.99966350842595e-13	-27.6310547656521	85	oxygen-deprived	4.01996522951783e-14
20.5_20.5_2_1_0.5_0.3_0.2_0.1_0_0_0_0_0_0	4N	27	0	SUM-159_NLS_4N_O2_A12_seed	SUM-159_NLS_4N_O2_A12	198	8.41959798994975	9.99966350842595e-13	-27.6310547656521	85	oxygen-deprived	4.01996522951783e-14
20.5_20.5_2_1_0.5_0.3_0.2_0.1_0_0_0_0_0_0	4N	27	0	SUM-159_NLS_4N_O2_A12_seed	SUM-159_NLS_4N_O2_A12	199	8.45979899497488	9.99966350842595e-13	-27.6310547656521	85	oxygen-deprived	4.01996522951783e-14
20.5_20.5_2_1_0.5_0.3_0.2_0.1_0_0_0_0_0_0	4N	27	0	SUM-159_NLS_4N_O2_A12_seed	SUM-159_NLS_4N_O2_A12	200	8.5	9.99966350842595e-13	-27.6310547656521	85	oxygen-deprived	4.01996522951783e-14
20.5_20.5_2_1_0.5_0.3_0.2_0.1_0_0_0_0_0_0_0_0_0_0_0_0_0	4N	34	0	SUM-159_NLS_4N_O1_A19_seed	SUM-159_NLS_4N_O1_A19	1	0.5	9.99998941878107e-13	-27.631022174051	138	oxygen-deprived	4.02009624875606e-14
20.5_20.5_2_1_0.5_0.3_0.2_0.1_0_0_0_0_0_0_0_0_0_0_0_0_0	4N	34	0	SUM-159_NLS_4N_O1_A19_seed	SUM-159_NLS_4N_O1_A19	2	0.540201005025126	9.99998941878107e-13	-27.631022174051	138	oxygen-deprived	4.02009624875606e-14
20.5_20.5_2_1_0.5_0.3_0.2_0.1_0_0_0_0_0_0_0_0_0_0_0_0_0	4N	34	0	SUM-159_NLS_4N_O1_A19_seed	SUM-159_NLS_4N_O1_A19	3	0.580402010050251	9.99998941878107e-13	-27.631022174051	138	oxygen-deprived	4.02009624875606e-14
20.5_20.5_2_1_0.5_0.3_0.2_0.1_0_0_0_0_0_0_0_0_0_0_0_0_0	4N	34	0	SUM-159_NLS_4N_O1_A19_seed	SUM-159_NLS_4N_O1_A19	4	0.620603015075377	9.99998941878107e-13	-27.631022174051	138	oxygen-deprived	4.02009624875606e-14
20.5_20.5_2_1_0.5_0.3_0.2_0.1_0_0_0_0_0_0_0_0_0_0_0_0_0	4N	34	0	SUM-159_NLS_4N_O1_A19_seed	SUM-159_NLS_4N_O1_A19	5	0.660804020100503	9.99998941878107e-13	-27.631022174051	138	oxygen-deprived	4.02009624875606e-14
20.5_20.5_2_1_0.5_0.3_0.2_0.1_0_0_0_0_0_0_0_0_0_0_0_0_0	4N	34	0	SUM-159_NLS_4N_O1_A19_seed	SUM-159_NLS_4N_O1_A19	6	0.701005025125628	9.99998941878107e-13	-27.631022174051	138	oxygen-deprived	4.02009624875606e-14
20.5_20.5_2_1_0.5_0.3_0.2_0.1_0_0_0_0_0_0_0_0_0_0_0_0_0	4N	34	0	SUM-159_NLS_4N_O1_A19_seed	SUM-159_NLS_4N_O1_A19	7	0.741206030150754	9.99998941878107e-13	-27.631022174051	138	oxygen-deprived	4.02009624875606e-14
20.5_20.5_2_1_0.5_0.3_0.2_0.1_0_0_0_0_0_0_0_0_0_0_0_0_0	4N	34	0	SUM-159_NLS_4N_O1_A19_seed	SUM-159_NLS_4N_O1_A19	8	0.781407035175879	9.99998941878107e-13	-27.631022174051	138	oxygen-deprived	4.02009624875606e-14
20.5_20.5_2_1_0.5_0.3_0.2_0.1_0_0_0_0_0_0_0_0_0_0_0_0_0	4N	34	0	SUM-159_NLS_4N_O1_A19_seed	SUM-159_NLS_4N_O1_A19	9	0.821608040201005	9.99998941878107e-13	-27.631022174051	138	oxygen-deprived	4.02009624875606e-14
20.5_20.5_2_1_0.5_0.3_0.2_0.1_0_0_0_0_0_0_0_0_0_0_0_0_0	4N	34	0	SUM-159_NLS_4N_O1_A19_seed	SUM-159_NLS_4N_O1_A19	10	0.861809045226131	9.99998941878107e-13	-27.631022174051	138	oxygen-deprived	4.02009624875606e-14
20.5_20.5_2_1_0.5_0.3_0.2_0.1_0_0_0_0_0_0_0_0_0_0_0_0_0	4N	34	0	SUM-159_NLS_4N_O1_A19_seed	SUM-159_NLS_4N_O1_A19	11	0.902010050251256	9.99998941878107e-13	-27.631022174051	138	oxygen-deprived	4.02009624875606e-14
20.5_20.5_2_1_0.5_0.3_0.2_0.1_0_0_0_0_0_0_0_0_0_0_0_0_0	4N	34	0	SUM-159_NLS_4N_O1_A19_seed	SUM-159_NLS_4N_O1_A19	12	0.942211055276382	9.99998941878107e-13	-27.631022174051	138	oxygen-deprived	4.02009624875606e-14
20.5_20.5_2_1_0.5_0.3_0.2_0.1_0_0_0_0_0_0_0_0_0_0_0_0_0	4N	34	0	SUM-159_NLS_4N_O1_A19_seed	SUM-159_NLS_4N_O1_A19	13	0.982412060301508	9.99998941878107e-13	-27.631022174051	138	oxygen-deprived	4.02009624875606e-14
20.5_20.5_2_1_0.5_0.3_0.2_0.1_0_0_0_0_0_0_0_0_0_0_0_0_0	4N	34	0	SUM-159_NLS_4N_O1_A19_seed	SUM-159_NLS_4N_O1_A19	14	1.02261306532663	9.99998941878107e-13	-27.631022174051	138	oxygen-deprived	4.02009624875606e-14
20.5_20.5_2_1_0.5_0.3_0.2_0.1_0_0_0_0_0_0_0_0_0_0_0_0_0	4N	34	0	SUM-159_NLS_4N_O1_A19_seed	SUM-159_NLS_4N_O1_A19	15	1.06281407035176	9.99998941878107e-13	-27.631022174051	138	oxygen-deprived	4.02009624875606e-14
20.5_20.5_2_1_0.5_0.3_0.2_0.1_0_0_0_0_0_0_0_0_0_0_0_0_0	4N	34	0	SUM-159_NLS_4N_O1_A19_seed	SUM-159_NLS_4N_O1_A19	16	1.10301507537688	9.99998941878107e-13	-27.631022174051	138	oxygen-deprived	4.02009624875606e-14
20.5_20.5_2_1_0.5_0.3_0.2_0.1_0_0_0_0_0_0_0_0_0_0_0_0_0	4N	34	0	SUM-159_NLS_4N_O1_A19_seed	SUM-159_NLS_4N_O1_A19	17	1.14321608040201	9.99998941878107e-13	-27.631022174051	138	oxygen-deprived	4.02009624875606e-14
20.5_20.5_2_1_0.5_0.3_0.2_0.1_0_0_0_0_0_0_0_0_0_0_0_0_0	4N	34	0	SUM-159_NLS_4N_O1_A19_seed	SUM-159_NLS_4N_O1_A19	18	1.18341708542714	9.99998941878107e-13	-27.631022174051	138	oxygen-deprived	4.02009624875606e-14
20.5_20.5_2_1_0.5_0.3_0.2_0.1_0_0_0_0_0_0_0_0_0_0_0_0_0	4N	34	0	SUM-159_NLS_4N_O1_A19_seed	SUM-159_NLS_4N_O1_A19	19	1.22361809045226	9.99998941878107e-13	-27.631022174051	138	oxygen-deprived	4.02009624875606e-14
20.5_20.5_2_1_0.5_0.3_0.2_0.1_0_0_0_0_0_0_0_0_0_0_0_0_0	4N	34	0	SUM-159_NLS_4N_O1_A19_seed	SUM-159_NLS_4N_O1_A19	20	1.26381909547739	9.99998941878107e-13	-27.631022174051	138	oxygen-deprived	4.02009624875606e-14
20.5_20.5_2_1_0.5_0.3_0.2_0.1_0_0_0_0_0_0_0_0_0_0_0_0_0	4N	34	0	SUM-159_NLS_4N_O1_A19_seed	SUM-159_NLS_4N_O1_A19	21	1.30402010050251	9.99998941878107e-13	-27.631022174051	138	oxygen-deprived	4.02009624875606e-14
20.5_20.5_2_1_0.5_0.3_0.2_0.1_0_0_0_0_0_0_0_0_0_0_0_0_0	4N	34	0	SUM-159_NLS_4N_O1_A19_seed	SUM-159_NLS_4N_O1_A19	22	1.34422110552764	9.99998941878107e-13	-27.631022174051	138	oxygen-deprived	4.02009624875606e-14
20.5_20.5_2_1_0.5_0.3_0.2_0.1_0_0_0_0_0_0_0_0_0_0_0_0_0	4N	34	0	SUM-159_NLS_4N_O1_A19_seed	SUM-159_NLS_4N_O1_A19	23	1.38442211055276	9.99998941878107e-13	-27.631022174051	138	oxygen-deprived	4.02009624875606e-14
20.5_20.5_2_1_0.5_0.3_0.2_0.1_0_0_0_0_0_0_0_0_0_0_0_0_0	4N	34	0	SUM-159_NLS_4N_O1_A19_seed	SUM-159_NLS_4N_O1_A19	24	1.42462311557789	9.99998941878107e-13	-27.631022174051	138	oxygen-deprived	4.02009624875606e-14
20.5_20.5_2_1_0.5_0.3_0.2_0.1_0_0_0_0_0_0_0_0_0_0_0_0_0	4N	34	0	SUM-159_NLS_4N_O1_A19_seed	SUM-159_NLS_4N_O1_A19	25	1.46482412060302	9.99998941878107e-13	-27.631022174051	138	oxygen-deprived	4.02009624875606e-14
20.5_20.5_2_1_0.5_0.3_0.2_0.1_0_0_0_0_0_0_0_0_0_0_0_0_0	4N	34	0	SUM-159_NLS_4N_O1_A19_seed	SUM-159_NLS_4N_O1_A19	26	1.50502512562814	9.99998941878107e-13	-27.631022174051	138	oxygen-deprived	4.02009624875606e-14
20.5_20.5_2_1_0.5_0.3_0.2_0.1_0_0_0_0_0_0_0_0_0_0_0_0_0	4N	34	0	SUM-159_NLS_4N_O1_A19_seed	SUM-159_NLS_4N_O1_A19	27	1.54522613065327	9.99998941878107e-13	-27.631022174051	138	oxygen-deprived	4.02009624875606e-14
20.5_20.5_2_1_0.5_0.3_0.2_0.1_0_0_0_0_0_0_0_0_0_0_0_0_0	4N	34	0	SUM-159_NLS_4N_O1_A19_seed	SUM-159_NLS_4N_O1_A19	28	1.58542713567839	9.99998941878107e-13	-27.631022174051	138	oxygen-deprived	4.02009624875606e-14
20.5_20.5_2_1_0.5_0.3_0.2_0.1_0_0_0_0_0_0_0_0_0_0_0_0_0	4N	34	0	SUM-159_NLS_4N_O1_A19_seed	SUM-159_NLS_4N_O1_A19	29	1.62562814070352	9.99998941878107e-13	-27.631022174051	138	oxygen-deprived	4.02009624875606e-14
20.5_20.5_2_1_0.5_0.3_0.2_0.1_0_0_0_0_0_0_0_0_0_0_0_0_0	4N	34	0	SUM-159_NLS_4N_O1_A19_seed	SUM-159_NLS_4N_O1_A19	30	1.66582914572864	9.99998941878107e-13	-27.631022174051	138	oxygen-deprived	4.02009624875606e-14
20.5_20.5_2_1_0.5_0.3_0.2_0.1_0_0_0_0_0_0_0_0_0_0_0_0_0	4N	34	0	SUM-159_NLS_4N_O1_A19_seed	SUM-159_NLS_4N_O1_A19	31	1.70603015075377	9.99998941878107e-13	-27.631022174051	138	oxygen-deprived	4.02009624875606e-14
20.5_20.5_2_1_0.5_0.3_0.2_0.1_0_0_0_0_0_0_0_0_0_0_0_0_0	4N	34	0	SUM-159_NLS_4N_O1_A19_seed	SUM-159_NLS_4N_O1_A19	32	1.74623115577889	9.99998941878107e-13	-27.631022174051	138	oxygen-deprived	4.02009624875606e-14
20.5_20.5_2_1_0.5_0.3_0.2_0.1_0_0_0_0_0_0_0_0_0_0_0_0_0	4N	34	0	SUM-159_NLS_4N_O1_A19_seed	SUM-159_NLS_4N_O1_A19	33	1.78643216080402	9.99998941878107e-13	-27.631022174051	138	oxygen-deprived	4.02009624875606e-14
20.5_20.5_2_1_0.5_0.3_0.2_0.1_0_0_0_0_0_0_0_0_0_0_0_0_0	4N	34	0	SUM-159_NLS_4N_O1_A19_seed	SUM-159_NLS_4N_O1_A19	34	1.82663316582915	9.99998941878107e-13	-27.631022174051	138	oxygen-deprived	4.02009624875606e-14
20.5_20.5_2_1_0.5_0.3_0.2_0.1_0_0_0_0_0_0_0_0_0_0_0_0_0	4N	34	0	SUM-159_NLS_4N_O1_A19_seed	SUM-159_NLS_4N_O1_A19	35	1.86683417085427	9.99998941878107e-13	-27.631022174051	138	oxygen-deprived	4.02009624875606e-14
20.5_20.5_2_1_0.5_0.3_0.2_0.1_0_0_0_0_0_0_0_0_0_0_0_0_0	4N	34	0	SUM-159_NLS_4N_O1_A19_seed	SUM-159_NLS_4N_O1_A19	36	1.9070351758794	9.99998941878107e-13	-27.631022174051	138	oxygen-deprived	4.02009624875606e-14
20.5_20.5_2_1_0.5_0.3_0.2_0.1_0_0_0_0_0_0_0_0_0_0_0_0_0	4N	34	0	SUM-159_NLS_4N_O1_A19_seed	SUM-159_NLS_4N_O1_A19	37	1.94723618090452	9.99998941878107e-13	-27.631022174051	138	oxygen-deprived	4.02009624875606e-14
20.5_20.5_2_1_0.5_0.3_0.2_0.1_0_0_0_0_0_0_0_0_0_0_0_0_0	4N	34	0	SUM-159_NLS_4N_O1_A19_seed	SUM-159_NLS_4N_O1_A19	38	1.98743718592965	9.99998941878107e-13	-27.631022174051	138	oxygen-deprived	4.02009624875606e-14
20.5_20.5_2_1_0.5_0.3_0.2_0.1_0_0_0_0_0_0_0_0_0_0_0_0_0	4N	34	0	SUM-159_NLS_4N_O1_A19_seed	SUM-159_NLS_4N_O1_A19	39	2.02763819095477	9.99998941878107e-13	-27.631022174051	138	oxygen-deprived	4.02009624875606e-14
20.5_20.5_2_1_0.5_0.3_0.2_0.1_0_0_0_0_0_0_0_0_0_0_0_0_0	4N	34	0	SUM-159_NLS_4N_O1_A19_seed	SUM-159_NLS_4N_O1_A19	40	2.0678391959799	9.99998941878107e-13	-27.631022174051	138	oxygen-deprived	4.02009624875606e-14
20.5_20.5_2_1_0.5_0.3_0.2_0.1_0_0_0_0_0_0_0_0_0_0_0_0_0	4N	34	0	SUM-159_NLS_4N_O1_A19_seed	SUM-159_NLS_4N_O1_A19	41	2.10804020100502	9.99998941878107e-13	-27.631022174051	138	oxygen-deprived	4.02009624875606e-14
20.5_20.5_2_1_0.5_0.3_0.2_0.1_0_0_0_0_0_0_0_0_0_0_0_0_0	4N	34	0	SUM-159_NLS_4N_O1_A19_seed	SUM-159_NLS_4N_O1_A19	42	2.14824120603015	9.99998941878107e-13	-27.631022174051	138	oxygen-deprived	4.02009624875606e-14
20.5_20.5_2_1_0.5_0.3_0.2_0.1_0_0_0_0_0_0_0_0_0_0_0_0_0	4N	34	0	SUM-159_NLS_4N_O1_A19_seed	SUM-159_NLS_4N_O1_A19	43	2.18844221105528	9.99998941878107e-13	-27.631022174051	138	oxygen-deprived	4.02009624875606e-14
20.5_20.5_2_1_0.5_0.3_0.2_0.1_0_0_0_0_0_0_0_0_0_0_0_0_0	4N	34	0	SUM-159_NLS_4N_O1_A19_seed	SUM-159_NLS_4N_O1_A19	44	2.2286432160804	9.99998941878107e-13	-27.631022174051	138	oxygen-deprived	4.02009624875606e-14
20.5_20.5_2_1_0.5_0.3_0.2_0.1_0_0_0_0_0_0_0_0_0_0_0_0_0	4N	34	0	SUM-159_NLS_4N_O1_A19_seed	SUM-159_NLS_4N_O1_A19	45	2.26884422110553	9.99998941878107e-13	-27.631022174051	138	oxygen-deprived	4.02009624875606e-14
20.5_20.5_2_1_0.5_0.3_0.2_0.1_0_0_0_0_0_0_0_0_0_0_0_0_0	4N	34	0	SUM-159_NLS_4N_O1_A19_seed	SUM-159_NLS_4N_O1_A19	46	2.30904522613065	9.99998941878107e-13	-27.631022174051	138	oxygen-deprived	4.02009624875606e-14
20.5_20.5_2_1_0.5_0.3_0.2_0.1_0_0_0_0_0_0_0_0_0_0_0_0_0	4N	34	0	SUM-159_NLS_4N_O1_A19_seed	SUM-159_NLS_4N_O1_A19	47	2.34924623115578	4.5125595713398e-11	-23.8215714979577	138	oxygen-deprived	1.81409430003603e-12
20.5_20.5_2_1_0.5_0.3_0.2_0.1_0_0_0_0_0_0_0_0_0_0_0_0_0	4N	34	0	SUM-159_NLS_4N_O1_A19_seed	SUM-159_NLS_4N_O1_A19	48	2.3894472361809	3.32503504816699e-08	-17.219200529098	138	oxygen-deprived	1.33669750680075e-09
20.5_20.5_2_1_0.5_0.3_0.2_0.1_0_0_0_0_0_0_0_0_0_0_0_0_0	4N	34	0	SUM-159_NLS_4N_O1_A19_seed	SUM-159_NLS_4N_O1_A19	49	2.42964824120603	1.60865895237137e-06	-13.3401096749002	138	oxygen-deprived	6.46697066279923e-08
20.5_20.5_2_1_0.5_0.3_0.2_0.1_0_0_0_0_0_0_0_0_0_0_0_0_0	4N	34	0	SUM-159_NLS_4N_O1_A19_seed	SUM-159_NLS_4N_O1_A19	50	2.46984924623116	1.51510556456522e-05	-11.0974403488554	138	oxygen-deprived	6.09087664146799e-07
20.5_20.5_2_1_0.5_0.3_0.2_0.1_0_0_0_0_0_0_0_0_0_0_0_0_0	4N	34	0	SUM-159_NLS_4N_O1_A19_seed	SUM-159_NLS_4N_O1_A19	51	2.51005025125628	2.21170121118097e-05	-10.7191634667534	138	oxygen-deprived	8.89126115047592e-07
20.5_20.5_2_1_0.5_0.3_0.2_0.1_0_0_0_0_0_0_0_0_0_0_0_0_0	4N	34	0	SUM-159_NLS_4N_O1_A19_seed	SUM-159_NLS_4N_O1_A19	52	2.55025125628141	2.95444159859026e-05	-10.4296158002971	138	oxygen-deprived	1.18771521551363e-06
20.5_20.5_2_1_0.5_0.3_0.2_0.1_0_0_0_0_0_0_0_0_0_0_0_0_0	4N	34	0	SUM-159_NLS_4N_O1_A19_seed	SUM-159_NLS_4N_O1_A19	53	2.59045226130653	8.86969133639392e-05	-9.33028546785694	138	oxygen-deprived	3.56570505985672e-06
20.5_20.5_2_1_0.5_0.3_0.2_0.1_0_0_0_0_0_0_0_0_0_0_0_0_0	4N	34	0	SUM-159_NLS_4N_O1_A19_seed	SUM-159_NLS_4N_O1_A19	54	2.63065326633166	0.000149065395799815	-8.81112545032103	138	oxygen-deprived	5.99257872562048e-06
20.5_20.5_2_1_0.5_0.3_0.2_0.1_0_0_0_0_0_0_0_0_0_0_0_0_0	4N	34	0	SUM-159_NLS_4N_O1_A19_seed	SUM-159_NLS_4N_O1_A19	55	2.67085427135678	0.000171427059948075	-8.67135268825193	138	oxygen-deprived	6.89154009841481e-06
20.5_20.5_2_1_0.5_0.3_0.2_0.1_0_0_0_0_0_0_0_0_0_0_0_0_0	4N	34	0	SUM-159_NLS_4N_O1_A19_seed	SUM-159_NLS_4N_O1_A19	56	2.71105527638191	0.000240886000702406	-8.33118676251687	138	oxygen-deprived	9.68385932471947e-06
20.5_20.5_2_1_0.5_0.3_0.2_0.1_0_0_0_0_0_0_0_0_0_0_0_0_0	4N	34	0	SUM-159_NLS_4N_O1_A19_seed	SUM-159_NLS_4N_O1_A19	57	2.75125628140704	0.000277590795793134	-8.1893624862461	138	oxygen-deprived	1.1159428976608e-05
20.5_20.5_2_1_0.5_0.3_0.2_0.1_0_0_0_0_0_0_0_0_0_0_0_0_0	4N	34	0	SUM-159_NLS_4N_O1_A19_seed	SUM-159_NLS_4N_O1_A19	58	2.79145728643216	0.000397984141072519	-7.82909840002519	138	oxygen-deprived	1.5999362455176e-05
20.5_20.5_2_1_0.5_0.3_0.2_0.1_0_0_0_0_0_0_0_0_0_0_0_0_0	4N	34	0	SUM-159_NLS_4N_O1_A19_seed	SUM-159_NLS_4N_O1_A19	59	2.83165829145729	0.000656430960043844	-7.32869303343187	138	oxygen-deprived	2.63891843233696e-05
20.5_20.5_2_1_0.5_0.3_0.2_0.1_0_0_0_0_0_0_0_0_0_0_0_0_0	4N	34	0	SUM-159_NLS_4N_O1_A19_seed	SUM-159_NLS_4N_O1_A19	60	2.87185929648241	0.000860078876212174	-7.05848645639664	138	oxygen-deprived	3.45760352246087e-05
20.5_20.5_2_1_0.5_0.3_0.2_0.1_0_0_0_0_0_0_0_0_0_0_0_0_0	4N	34	0	SUM-159_NLS_4N_O1_A19_seed	SUM-159_NLS_4N_O1_A19	61	2.91206030150754	0.00104134028618184	-6.86724665882393	138	oxygen-deprived	4.18629260776603e-05
20.5_20.5_2_1_0.5_0.3_0.2_0.1_0_0_0_0_0_0_0_0_0_0_0_0_0	4N	34	0	SUM-159_NLS_4N_O1_A19_seed	SUM-159_NLS_4N_O1_A19	62	2.95226130653266	0.0013748731670452	-6.58939379426712	138	oxygen-deprived	5.52712830972924e-05
20.5_20.5_2_1_0.5_0.3_0.2_0.1_0_0_0_0_0_0_0_0_0_0_0_0_0	4N	34	0	SUM-159_NLS_4N_O1_A19_seed	SUM-159_NLS_4N_O1_A19	63	2.99246231155779	0.00181451407718762	-6.31193757317777	138	oxygen-deprived	7.29452895351779e-05
20.5_20.5_2_1_0.5_0.3_0.2_0.1_0_0_0_0_0_0_0_0_0_0_0_0_0	4N	34	0	SUM-159_NLS_4N_O1_A19_seed	SUM-159_NLS_4N_O1_A19	64	3.03266331658291	0.00244090064108984	-6.01538819258253	138	oxygen-deprived	9.81266589382813e-05
20.5_20.5_2_1_0.5_0.3_0.2_0.1_0_0_0_0_0_0_0_0_0_0_0_0_0	4N	34	0	SUM-159_NLS_4N_O1_A19_seed	SUM-159_NLS_4N_O1_A19	65	3.07286432160804	0.00339594718900264	-5.68517256159546	138	oxygen-deprived	0.000136520490010151
20.5_20.5_2_1_0.5_0.3_0.2_0.1_0_0_0_0_0_0_0_0_0_0_0_0_0	4N	34	0	SUM-159_NLS_4N_O1_A19_seed	SUM-159_NLS_4N_O1_A19	66	3.11306532663317	0.00443325668376038	-5.41862082194936	138	oxygen-deprived	0.000178221374221516
20.5_20.5_2_1_0.5_0.3_0.2_0.1_0_0_0_0_0_0_0_0_0_0_0_0_0	4N	34	0	SUM-159_NLS_4N_O1_A19_seed	SUM-159_NLS_4N_O1_A19	67	3.15326633165829	0.00582184991894938	-5.14613721225456	138	oxygen-deprived	0.000234044217847202
20.5_20.5_2_1_0.5_0.3_0.2_0.1_0_0_0_0_0_0_0_0_0_0_0_0_0	4N	34	0	SUM-159_NLS_4N_O1_A19_seed	SUM-159_NLS_4N_O1_A19	68	3.19346733668342	0.0073973044952697	-4.90663960252584	138	oxygen-deprived	0.00029737907518671
20.5_20.5_2_1_0.5_0.3_0.2_0.1_0_0_0_0_0_0_0_0_0_0_0_0_0	4N	34	0	SUM-159_NLS_4N_O1_A19_seed	SUM-159_NLS_4N_O1_A19	69	3.23366834170854	0.00907533848436998	-4.70219460097363	138	oxygen-deprived	0.00036483772801486
20.5_20.5_2_1_0.5_0.3_0.2_0.1_0_0_0_0_0_0_0_0_0_0_0_0_0	4N	34	0	SUM-159_NLS_4N_O1_A19_seed	SUM-159_NLS_4N_O1_A19	70	3.27386934673367	0.0120321399066349	-4.42017388396369	138	oxygen-deprived	0.000483704116849626
20.5_20.5_2_1_0.5_0.3_0.2_0.1_0_0_0_0_0_0_0_0_0_0_0_0_0	4N	34	0	SUM-159_NLS_4N_O1_A19_seed	SUM-159_NLS_4N_O1_A19	71	3.31407035175879	0.0164674891412377	-4.10636719685528	138	oxygen-deprived	0.000662009613718073
20.5_20.5_2_1_0.5_0.3_0.2_0.1_0_0_0_0_0_0_0_0_0_0_0_0_0	4N	34	0	SUM-159_NLS_4N_O1_A19_seed	SUM-159_NLS_4N_O1_A19	72	3.35427135678392	0.0219363732411703	-3.81960914130099	138	oxygen-deprived	0.000881864250901285
20.5_20.5_2_1_0.5_0.3_0.2_0.1_0_0_0_0_0_0_0_0_0_0_0_0_0	4N	34	0	SUM-159_NLS_4N_O1_A19_seed	SUM-159_NLS_4N_O1_A19	73	3.39447236180905	0.0283853681368067	-3.56188147302989	138	oxygen-deprived	0.00114112032710776
20.5_20.5_2_1_0.5_0.3_0.2_0.1_0_0_0_0_0_0_0_0_0_0_0_0_0	4N	34	0	SUM-159_NLS_4N_O1_A19_seed	SUM-159_NLS_4N_O1_A19	74	3.43467336683417	0.036854977415063	-3.30076459714631	138	oxygen-deprived	0.00148160713226378
20.5_20.5_2_1_0.5_0.3_0.2_0.1_0_0_0_0_0_0_0_0_0_0_0_0_0	4N	34	0	SUM-159_NLS_4N_O1_A19_seed	SUM-159_NLS_4N_O1_A19	75	3.4748743718593	0.0475847581136696	-3.04524277671821	138	oxygen-deprived	0.00191295510004695
20.5_20.5_2_1_0.5_0.3_0.2_0.1_0_0_0_0_0_0_0_0_0_0_0_0_0	4N	34	0	SUM-159_NLS_4N_O1_A19_seed	SUM-159_NLS_4N_O1_A19	76	3.51507537688442	0.0610848184383984	-2.79549191440853	138	oxygen-deprived	0.00245567109300085
20.5_20.5_2_1_0.5_0.3_0.2_0.1_0_0_0_0_0_0_0_0_0_0_0_0_0	4N	34	0	SUM-159_NLS_4N_O1_A19_seed	SUM-159_NLS_4N_O1_A19	77	3.55527638190955	0.0784069409284175	-2.5458428232943	138	oxygen-deprived	0.00315203782626792
20.5_20.5_2_1_0.5_0.3_0.2_0.1_0_0_0_0_0_0_0_0_0_0_0_0_0	4N	34	0	SUM-159_NLS_4N_O1_A19_seed	SUM-159_NLS_4N_O1_A19	78	3.59547738693467	0.101341691398165	-2.28925738874244	138	oxygen-deprived	0.00407403784515221
20.5_20.5_2_1_0.5_0.3_0.2_0.1_0_0_0_0_0_0_0_0_0_0_0_0_0	4N	34	0	SUM-159_NLS_4N_O1_A19_seed	SUM-159_NLS_4N_O1_A19	79	3.6356783919598	0.127436960690864	-2.06013346260648	138	oxygen-deprived	0.00512309389711997
20.5_20.5_2_1_0.5_0.3_0.2_0.1_0_0_0_0_0_0_0_0_0_0_0_0_0	4N	34	0	SUM-159_NLS_4N_O1_A19_seed	SUM-159_NLS_4N_O1_A19	80	3.67587939698492	0.155416229493709	-1.86164840960529	138	oxygen-deprived	0.00624788862286244
20.5_20.5_2_1_0.5_0.3_0.2_0.1_0_0_0_0_0_0_0_0_0_0_0_0_0	4N	34	0	SUM-159_NLS_4N_O1_A19_seed	SUM-159_NLS_4N_O1_A19	81	3.71608040201005	0.186183843687414	-1.68102068649984	138	oxygen-deprived	0.00748477763567465
20.5_20.5_2_1_0.5_0.3_0.2_0.1_0_0_0_0_0_0_0_0_0_0_0_0_0	4N	34	0	SUM-159_NLS_4N_O1_A19_seed	SUM-159_NLS_4N_O1_A19	82	3.75628140703518	0.222477845498209	-1.50292775312791	138	oxygen-deprived	0.00894383298485228
20.5_20.5_2_1_0.5_0.3_0.2_0.1_0_0_0_0_0_0_0_0_0_0_0_0_0	4N	34	0	SUM-159_NLS_4N_O1_A19_seed	SUM-159_NLS_4N_O1_A19	83	3.7964824120603	0.266555580294965	-1.32217250066721	138	oxygen-deprived	0.0107158022229128
20.5_20.5_2_1_0.5_0.3_0.2_0.1_0_0_0_0_0_0_0_0_0_0_0_0_0	4N	34	0	SUM-159_NLS_4N_O1_A19_seed	SUM-159_NLS_4N_O1_A19	84	3.83668341708543	0.316656594285678	-1.14993739108044	138	oxygen-deprived	0.0127299133381172
20.5_20.5_2_1_0.5_0.3_0.2_0.1_0_0_0_0_0_0_0_0_0_0_0_0_0	4N	34	0	SUM-159_NLS_4N_O1_A19_seed	SUM-159_NLS_4N_O1_A19	85	3.87688442211055	0.37080220562438	-0.992086497022313	138	oxygen-deprived	0.0149066213316328
20.5_20.5_2_1_0.5_0.3_0.2_0.1_0_0_0_0_0_0_0_0_0_0_0_0_0	4N	34	0	SUM-159_NLS_4N_O1_A19_seed	SUM-159_NLS_4N_O1_A19	86	3.91708542713568	0.429296855978673	-0.845606627378083	138	oxygen-deprived	0.0172581650644686
20.5_20.5_2_1_0.5_0.3_0.2_0.1_0_0_0_0_0_0_0_0_0_0_0_0_0	4N	34	0	SUM-159_NLS_4N_O1_A19_seed	SUM-159_NLS_4N_O1_A19	87	3.9572864321608	0.486415106917317	-0.720692890183137	138	oxygen-deprived	0.0195543761574793
20.5_20.5_2_1_0.5_0.3_0.2_0.1_0_0_0_0_0_0_0_0_0_0_0_0_0	4N	34	0	SUM-159_NLS_4N_O1_A19_seed	SUM-159_NLS_4N_O1_A19	88	3.99748743718593	0.51650921862611	-0.66066214232207	138	oxygen-deprived	0.0207641896935112
20.5_20.5_2_1_0.5_0.3_0.2_0.1_0_0_0_0_0_0_0_0_0_0_0_0_0	4N	34	0	SUM-159_NLS_4N_O1_A19_seed	SUM-159_NLS_4N_O1_A19	89	4.03768844221106	0.533290648778285	-0.628688696165945	138	oxygen-deprived	0.0214388200513875
20.5_20.5_2_1_0.5_0.3_0.2_0.1_0_0_0_0_0_0_0_0_0_0_0_0_0	4N	34	0	SUM-159_NLS_4N_O1_A19_seed	SUM-159_NLS_4N_O1_A19	90	4.07788944723618	0.576390141260649	-0.550970518992203	138	oxygen-deprived	0.0231714629652513
20.5_20.5_2_1_0.5_0.3_0.2_0.1_0_0_0_0_0_0_0_0_0_0_0_0_0	4N	34	0	SUM-159_NLS_4N_O1_A19_seed	SUM-159_NLS_4N_O1_A19	91	4.11809045226131	0.62300892335354	-0.473194437097357	138	oxygen-deprived	0.0250455848584328
20.5_20.5_2_1_0.5_0.3_0.2_0.1_0_0_0_0_0_0_0_0_0_0_0_0_0	4N	34	0	SUM-159_NLS_4N_O1_A19_seed	SUM-159_NLS_4N_O1_A19	92	4.15829145728643	0.666555382103402	-0.405632048886897	138	oxygen-deprived	0.0267961962654624
20.5_20.5_2_1_0.5_0.3_0.2_0.1_0_0_0_0_0_0_0_0_0_0_0_0_0	4N	34	0	SUM-159_NLS_4N_O1_A19_seed	SUM-159_NLS_4N_O1_A19	93	4.19849246231156	0.712591346411047	-0.338847169567764	138	oxygen-deprived	0.0286468882979304
20.5_20.5_2_1_0.5_0.3_0.2_0.1_0_0_0_0_0_0_0_0_0_0_0_0_0	4N	34	0	SUM-159_NLS_4N_O1_A19_seed	SUM-159_NLS_4N_O1_A19	94	4.23869346733668	0.756382110534991	-0.279208593277373	138	oxygen-deprived	0.0304073210265311
20.5_20.5_2_1_0.5_0.3_0.2_0.1_0_0_0_0_0_0_0_0_0_0_0_0_0	4N	34	0	SUM-159_NLS_4N_O1_A19_seed	SUM-159_NLS_4N_O1_A19	95	4.27889447236181	0.787195193166526	-0.239279039504446	138	oxygen-deprived	0.031646037916241
20.5_20.5_2_1_0.5_0.3_0.2_0.1_0_0_0_0_0_0_0_0_0_0_0_0_0	4N	34	0	SUM-159_NLS_4N_O1_A19_seed	SUM-159_NLS_4N_O1_A19	96	4.31909547738693	0.813865202039495	-0.205960526152781	138	oxygen-deprived	0.0327181990769634
20.5_20.5_2_1_0.5_0.3_0.2_0.1_0_0_0_0_0_0_0_0_0_0_0_0_0	4N	34	0	SUM-159_NLS_4N_O1_A19_seed	SUM-159_NLS_4N_O1_A19	97	4.35929648241206	0.843953856186879	-0.169657458645151	138	oxygen-deprived	0.0339277932135416
20.5_20.5_2_1_0.5_0.3_0.2_0.1_0_0_0_0_0_0_0_0_0_0_0_0_0	4N	34	0	SUM-159_NLS_4N_O1_A19_seed	SUM-159_NLS_4N_O1_A19	98	4.39949748743719	0.871456446958176	-0.137589390075002	138	oxygen-deprived	0.0350334250033424
20.5_20.5_2_1_0.5_0.3_0.2_0.1_0_0_0_0_0_0_0_0_0_0_0_0_0	4N	34	0	SUM-159_NLS_4N_O1_A19_seed	SUM-159_NLS_4N_O1_A19	99	4.43969849246231	0.885898450706831	-0.121152950400953	138	oxygen-deprived	0.035614008068615
20.5_20.5_2_1_0.5_0.3_0.2_0.1_0_0_0_0_0_0_0_0_0_0_0_0_0	4N	34	0	SUM-159_NLS_4N_O1_A19_seed	SUM-159_NLS_4N_O1_A19	100	4.47989949748744	0.889020724813203	-0.117634731239174	138	oxygen-deprived	0.035739526625655
20.5_20.5_2_1_0.5_0.3_0.2_0.1_0_0_0_0_0_0_0_0_0_0_0_0_0	4N	34	0	SUM-159_NLS_4N_O1_A19_seed	SUM-159_NLS_4N_O1_A19	101	4.52010050251256	0.888244298274469	-0.118508463156521	138	oxygen-deprived	0.0357083134984698
20.5_20.5_2_1_0.5_0.3_0.2_0.1_0_0_0_0_0_0_0_0_0_0_0_0_0	4N	34	0	SUM-159_NLS_4N_O1_A19_seed	SUM-159_NLS_4N_O1_A19	102	4.56030150753769	0.878101957752054	-0.129992567086667	138	oxygen-deprived	0.0353005812161616
20.5_20.5_2_1_0.5_0.3_0.2_0.1_0_0_0_0_0_0_0_0_0_0_0_0_0	4N	34	0	SUM-159_NLS_4N_O1_A19_seed	SUM-159_NLS_4N_O1_A19	103	4.60050251256281	0.85977018321141	-0.15109015427051	138	oxygen-deprived	0.0345636254557338
20.5_20.5_2_1_0.5_0.3_0.2_0.1_0_0_0_0_0_0_0_0_0_0_0_0_0	4N	34	0	SUM-159_NLS_4N_O1_A19_seed	SUM-159_NLS_4N_O1_A19	104	4.64070351758794	0.834084416429479	-0.181420663005279	138	oxygen-deprived	0.0335310318162592
20.5_20.5_2_1_0.5_0.3_0.2_0.1_0_0_0_0_0_0_0_0_0_0_0_0_0	4N	34	0	SUM-159_NLS_4N_O1_A19_seed	SUM-159_NLS_4N_O1_A19	105	4.68090452261307	0.804755272918272	-0.217217056580794	138	oxygen-deprived	0.0323519707705826
20.5_20.5_2_1_0.5_0.3_0.2_0.1_0_0_0_0_0_0_0_0_0_0_0_0_0	4N	34	0	SUM-159_NLS_4N_O1_A19_seed	SUM-159_NLS_4N_O1_A19	106	4.72110552763819	0.769978845630457	-0.261392237719002	138	oxygen-deprived	0.0309539234424293
20.5_20.5_2_1_0.5_0.3_0.2_0.1_0_0_0_0_0_0_0_0_0_0_0_0_0	4N	34	0	SUM-159_NLS_4N_O1_A19_seed	SUM-159_NLS_4N_O1_A19	107	4.76130653266332	0.730053166770947	-0.314637916298685	138	oxygen-deprived	0.0293488710259666
20.5_20.5_2_1_0.5_0.3_0.2_0.1_0_0_0_0_0_0_0_0_0_0_0_0_0	4N	34	0	SUM-159_NLS_4N_O1_A19_seed	SUM-159_NLS_4N_O1_A19	108	4.80150753768844	0.691370131360452	-0.369079952658531	138	oxygen-deprived	0.0277937741250422
20.5_20.5_2_1_0.5_0.3_0.2_0.1_0_0_0_0_0_0_0_0_0_0_0_0_0	4N	34	0	SUM-159_NLS_4N_O1_A19_seed	SUM-159_NLS_4N_O1_A19	109	4.84170854271357	0.648936740560721	-0.43242003920023	138	oxygen-deprived	0.0260879091682692
20.5_20.5_2_1_0.5_0.3_0.2_0.1_0_0_0_0_0_0_0_0_0_0_0_0_0	4N	34	0	SUM-159_NLS_4N_O1_A19_seed	SUM-159_NLS_4N_O1_A19	110	4.88190954773869	0.604282089622336	-0.503714154276026	138	oxygen-deprived	0.0242927473215
20.5_20.5_2_1_0.5_0.3_0.2_0.1_0_0_0_0_0_0_0_0_0_0_0_0_0	4N	34	0	SUM-159_NLS_4N_O1_A19_seed	SUM-159_NLS_4N_O1_A19	111	4.92211055276382	0.556677212651894	-0.585769717535257	138	oxygen-deprived	0.0223789834231909
20.5_20.5_2_1_0.5_0.3_0.2_0.1_0_0_0_0_0_0_0_0_0_0_0_0_0	4N	34	0	SUM-159_NLS_4N_O1_A19_seed	SUM-159_NLS_4N_O1_A19	112	4.96231155778894	0.502585802382798	-0.687988902614657	138	oxygen-deprived	0.0202044543671469
20.5_20.5_2_1_0.5_0.3_0.2_0.1_0_0_0_0_0_0_0_0_0_0_0_0_0	4N	34	0	SUM-159_NLS_4N_O1_A19_seed	SUM-159_NLS_4N_O1_A19	113	5.00251256281407	0.451133048591763	-0.795992975021754	138	oxygen-deprived	0.018136001953437
20.5_20.5_2_1_0.5_0.3_0.2_0.1_0_0_0_0_0_0_0_0_0_0_0_0_0	4N	34	0	SUM-159_NLS_4N_O1_A19_seed	SUM-159_NLS_4N_O1_A19	114	5.0427135678392	0.411615832948594	-0.887664808928753	138	oxygen-deprived	0.0165473701687871
20.5_20.5_2_1_0.5_0.3_0.2_0.1_0_0_0_0_0_0_0_0_0_0_0_0_0	4N	34	0	SUM-159_NLS_4N_O1_A19_seed	SUM-159_NLS_4N_O1_A19	115	5.08291457286432	0.374991857889997	-0.980850965540783	138	oxygen-deprived	0.0150750495634164
20.5_20.5_2_1_0.5_0.3_0.2_0.1_0_0_0_0_0_0_0_0_0_0_0_0_0	4N	34	0	SUM-159_NLS_4N_O1_A19_seed	SUM-159_NLS_4N_O1_A19	116	5.12311557788945	0.334079924075911	-1.09637502099114	138	oxygen-deprived	0.0134303487065688
20.5_20.5_2_1_0.5_0.3_0.2_0.1_0_0_0_0_0_0_0_0_0_0_0_0_0	4N	34	0	SUM-159_NLS_4N_O1_A19_seed	SUM-159_NLS_4N_O1_A19	117	5.16331658291457	0.294341842884998	-1.22301345619015	138	oxygen-deprived	0.0118328379049241
20.5_20.5_2_1_0.5_0.3_0.2_0.1_0_0_0_0_0_0_0_0_0_0_0_0_0	4N	34	0	SUM-159_NLS_4N_O1_A19_seed	SUM-159_NLS_4N_O1_A19	118	5.2035175879397	0.258770990763303	-1.35181181397	138	oxygen-deprived	0.0104028539000319
20.5_20.5_2_1_0.5_0.3_0.2_0.1_0_0_0_0_0_0_0_0_0_0_0_0_0	4N	34	0	SUM-159_NLS_4N_O1_A19_seed	SUM-159_NLS_4N_O1_A19	119	5.24371859296482	0.225913877571452	-1.48760142502919	138	oxygen-deprived	0.00908196492749521
20.5_20.5_2_1_0.5_0.3_0.2_0.1_0_0_0_0_0_0_0_0_0_0_0_0_0	4N	34	0	SUM-159_NLS_4N_O1_A19_seed	SUM-159_NLS_4N_O1_A19	120	5.28391959798995	0.195944870882007	-1.6299219303259	138	oxygen-deprived	0.00787718073897485
20.5_20.5_2_1_0.5_0.3_0.2_0.1_0_0_0_0_0_0_0_0_0_0_0_0_0	4N	34	0	SUM-159_NLS_4N_O1_A19_seed	SUM-159_NLS_4N_O1_A19	121	5.32412060301508	0.170700526728084	-1.76784456349181	138	oxygen-deprived	0.00686233273278703
20.5_20.5_2_1_0.5_0.3_0.2_0.1_0_0_0_0_0_0_0_0_0_0_0_0_0	4N	34	0	SUM-159_NLS_4N_O1_A19_seed	SUM-159_NLS_4N_O1_A19	122	5.3643216080402	0.147251877445028	-1.9156107064806	138	oxygen-deprived	0.00591967346512653
20.5_20.5_2_1_0.5_0.3_0.2_0.1_0_0_0_0_0_0_0_0_0_0_0_0_0	4N	34	0	SUM-159_NLS_4N_O1_A19_seed	SUM-159_NLS_4N_O1_A19	123	5.40452261306533	0.123847888988331	-2.08870116809853	138	oxygen-deprived	0.00497880960757091
20.5_20.5_2_1_0.5_0.3_0.2_0.1_0_0_0_0_0_0_0_0_0_0_0_0_0	4N	34	0	SUM-159_NLS_4N_O1_A19_seed	SUM-159_NLS_4N_O1_A19	124	5.44472361809045	0.106401201800807	-2.24053840701802	138	oxygen-deprived	0.00427743524827349
20.5_20.5_2_1_0.5_0.3_0.2_0.1_0_0_0_0_0_0_0_0_0_0_0_0_0	4N	34	0	SUM-159_NLS_4N_O1_A19_seed	SUM-159_NLS_4N_O1_A19	125	5.48492462311558	0.0907892627853833	-2.39921425162942	138	oxygen-deprived	0.00364981960946251
20.5_20.5_2_1_0.5_0.3_0.2_0.1_0_0_0_0_0_0_0_0_0_0_0_0_0	4N	34	0	SUM-159_NLS_4N_O1_A19_seed	SUM-159_NLS_4N_O1_A19	126	5.5251256281407	0.0764096179083775	-2.57164670187989	138	oxygen-deprived	0.0030717434335025
20.5_20.5_2_1_0.5_0.3_0.2_0.1_0_0_0_0_0_0_0_0_0_0_0_0_0	4N	34	0	SUM-159_NLS_4N_O1_A19_seed	SUM-159_NLS_4N_O1_A19	127	5.56532663316583	0.0642433226734499	-2.7450774878691	138	oxygen-deprived	0.00258264613762603
20.5_20.5_2_1_0.5_0.3_0.2_0.1_0_0_0_0_0_0_0_0_0_0_0_0_0	4N	34	0	SUM-159_NLS_4N_O1_A19_seed	SUM-159_NLS_4N_O1_A19	128	5.60552763819095	0.0537668365217538	-2.923098423409	138	oxygen-deprived	0.00216148086519605
20.5_20.5_2_1_0.5_0.3_0.2_0.1_0_0_0_0_0_0_0_0_0_0_0_0_0	4N	34	0	SUM-159_NLS_4N_O1_A19_seed	SUM-159_NLS_4N_O1_A19	129	5.64572864321608	0.0447860129015881	-3.10585940032764	138	oxygen-deprived	0.00180044272971202
20.5_20.5_2_1_0.5_0.3_0.2_0.1_0_0_0_0_0_0_0_0_0_0_0_0_0	4N	34	0	SUM-159_NLS_4N_O1_A19_seed	SUM-159_NLS_4N_O1_A19	130	5.68592964824121	0.0368248273183992	-3.30158300589361	138	oxygen-deprived	0.00148039506807629
20.5_20.5_2_1_0.5_0.3_0.2_0.1_0_0_0_0_0_0_0_0_0_0_0_0_0	4N	34	0	SUM-159_NLS_4N_O1_A19_seed	SUM-159_NLS_4N_O1_A19	131	5.72613065326633	0.0299178727573046	-3.50929922608709	138	oxygen-deprived	0.00120272855305743
20.5_20.5_2_1_0.5_0.3_0.2_0.1_0_0_0_0_0_0_0_0_0_0_0_0_0	4N	34	0	SUM-159_NLS_4N_O1_A19_seed	SUM-159_NLS_4N_O1_A19	132	5.76633165829146	0.0245634788089437	-3.70649454041865	138	oxygen-deprived	0.000987476535032875
20.5_20.5_2_1_0.5_0.3_0.2_0.1_0_0_0_0_0_0_0_0_0_0_0_0_0	4N	34	0	SUM-159_NLS_4N_O1_A19_seed	SUM-159_NLS_4N_O1_A19	133	5.80653266331658	0.0207620572398105	-3.87462812926418	138	oxygen-deprived	0.000834655567429536
20.5_20.5_2_1_0.5_0.3_0.2_0.1_0_0_0_0_0_0_0_0_0_0_0_0_0	4N	34	0	SUM-159_NLS_4N_O1_A19_seed	SUM-159_NLS_4N_O1_A19	134	5.84673366834171	0.0174162824082544	-4.05034973973267	138	oxygen-deprived	0.000700152056613216
20.5_20.5_2_1_0.5_0.3_0.2_0.1_0_0_0_0_0_0_0_0_0_0_0_0_0	4N	34	0	SUM-159_NLS_4N_O1_A19_seed	SUM-159_NLS_4N_O1_A19	135	5.88693467336683	0.0142311813973397	-4.25231984872847	138	oxygen-deprived	0.000572107794867906
20.5_20.5_2_1_0.5_0.3_0.2_0.1_0_0_0_0_0_0_0_0_0_0_0_0_0	4N	34	0	SUM-159_NLS_4N_O1_A19_seed	SUM-159_NLS_4N_O1_A19	136	5.92713567839196	0.0114183642105121	-4.47253232402341	138	oxygen-deprived	0.000459029717005494
20.5_20.5_2_1_0.5_0.3_0.2_0.1_0_0_0_0_0_0_0_0_0_0_0_0_0	4N	34	0	SUM-159_NLS_4N_O1_A19_seed	SUM-159_NLS_4N_O1_A19	137	5.96733668341709	0.00895930602749021	-4.71506250728392	138	oxygen-deprived	0.000360173106632759
20.5_20.5_2_1_0.5_0.3_0.2_0.1_0_0_0_0_0_0_0_0_0_0_0_0_0	4N	34	0	SUM-159_NLS_4N_O1_A19_seed	SUM-159_NLS_4N_O1_A19	138	6.00753768844221	0.00713151823977627	-4.94323113036875	138	oxygen-deprived	0.00028669420059401
20.5_20.5_2_1_0.5_0.3_0.2_0.1_0_0_0_0_0_0_0_0_0_0_0_0_0	4N	34	0	SUM-159_NLS_4N_O1_A19_seed	SUM-159_NLS_4N_O1_A19	139	6.04773869346734	0.00542886579198862	-5.21602504494117	138	oxygen-deprived	0.000218245860984459
20.5_20.5_2_1_0.5_0.3_0.2_0.1_0_0_0_0_0_0_0_0_0_0_0_0_0	4N	34	0	SUM-159_NLS_4N_O1_A19_seed	SUM-159_NLS_4N_O1_A19	140	6.08793969849246	0.00459343668566783	-5.38312680180963	138	oxygen-deprived	0.000184660771283122
20.5_20.5_2_1_0.5_0.3_0.2_0.1_0_0_0_0_0_0_0_0_0_0_0_0_0	4N	34	0	SUM-159_NLS_4N_O1_A19_seed	SUM-159_NLS_4N_O1_A19	141	6.12814070351759	0.0039609465028858	-5.53127226639524	138	oxygen-deprived	0.00015923403026676
20.5_20.5_2_1_0.5_0.3_0.2_0.1_0_0_0_0_0_0_0_0_0_0_0_0_0	4N	34	0	SUM-159_NLS_4N_O1_A19_seed	SUM-159_NLS_4N_O1_A19	142	6.16834170854271	0.00295743156728995	-5.82343410108106	138	oxygen-deprived	0.000118891721298084
20.5_20.5_2_1_0.5_0.3_0.2_0.1_0_0_0_0_0_0_0_0_0_0_0_0_0	4N	34	0	SUM-159_NLS_4N_O1_A19_seed	SUM-159_NLS_4N_O1_A19	143	6.20854271356784	0.00216576677249962	-6.13498081279385	138	oxygen-deprived	8.7066000904504e-05
20.5_20.5_2_1_0.5_0.3_0.2_0.1_0_0_0_0_0_0_0_0_0_0_0_0_0	4N	34	0	SUM-159_NLS_4N_O1_A19_seed	SUM-159_NLS_4N_O1_A19	144	6.24874371859296	0.00196015117625576	-6.2347336779714	138	oxygen-deprived	7.88000472866607e-05
20.5_20.5_2_1_0.5_0.3_0.2_0.1_0_0_0_0_0_0_0_0_0_0_0_0_0	4N	34	0	SUM-159_NLS_4N_O1_A19_seed	SUM-159_NLS_4N_O1_A19	145	6.28894472361809	0.00178400851362417	-6.32889247262485	138	oxygen-deprived	7.17189352210694e-05
20.5_20.5_2_1_0.5_0.3_0.2_0.1_0_0_0_0_0_0_0_0_0_0_0_0_0	4N	34	0	SUM-159_NLS_4N_O1_A19_seed	SUM-159_NLS_4N_O1_A19	146	6.32914572864322	0.00149038293409543	-6.50872218929571	138	oxygen-deprived	5.99148918229296e-05
20.5_20.5_2_1_0.5_0.3_0.2_0.1_0_0_0_0_0_0_0_0_0_0_0_0_0	4N	34	0	SUM-159_NLS_4N_O1_A19_seed	SUM-159_NLS_4N_O1_A19	147	6.36934673366834	0.0010646004165019	-6.84515574599716	138	oxygen-deprived	4.27980066935421e-05
20.5_20.5_2_1_0.5_0.3_0.2_0.1_0_0_0_0_0_0_0_0_0_0_0_0_0	4N	34	0	SUM-159_NLS_4N_O1_A19_seed	SUM-159_NLS_4N_O1_A19	148	6.40954773869347	0.000774152085473315	-7.16374221081716	138	oxygen-deprived	3.1121691878323e-05
20.5_20.5_2_1_0.5_0.3_0.2_0.1_0_0_0_0_0_0_0_0_0_0_0_0_0	4N	34	0	SUM-159_NLS_4N_O1_A19_seed	SUM-159_NLS_4N_O1_A19	149	6.44974874371859	0.000611923295207229	-7.3989036179357	138	oxygen-deprived	2.45999314656163e-05
20.5_20.5_2_1_0.5_0.3_0.2_0.1_0_0_0_0_0_0_0_0_0_0_0_0_0	4N	34	0	SUM-159_NLS_4N_O1_A19_seed	SUM-159_NLS_4N_O1_A19	150	6.48994974874372	0.00050109710225129	-7.59871065879063	138	oxygen-deprived	2.01446071256792e-05
20.5_20.5_2_1_0.5_0.3_0.2_0.1_0_0_0_0_0_0_0_0_0_0_0_0_0	4N	34	0	SUM-159_NLS_4N_O1_A19_seed	SUM-159_NLS_4N_O1_A19	151	6.53015075376884	0.00031920374695493	-8.04968095387691	138	oxygen-deprived	1.28323114353736e-05
20.5_20.5_2_1_0.5_0.3_0.2_0.1_0_0_0_0_0_0_0_0_0_0_0_0_0	4N	34	0	SUM-159_NLS_4N_O1_A19_seed	SUM-159_NLS_4N_O1_A19	152	6.57035175879397	0.000233335293757721	-8.36303410980547	138	oxygen-deprived	9.38031331689295e-06
20.5_20.5_2_1_0.5_0.3_0.2_0.1_0_0_0_0_0_0_0_0_0_0_0_0_0	4N	34	0	SUM-159_NLS_4N_O1_A19_seed	SUM-159_NLS_4N_O1_A19	153	6.6105527638191	0.000169443789121743	-8.6829893137447	138	oxygen-deprived	6.81181061795926e-06
20.5_20.5_2_1_0.5_0.3_0.2_0.1_0_0_0_0_0_0_0_0_0_0_0_0_0	4N	34	0	SUM-159_NLS_4N_O1_A19_seed	SUM-159_NLS_4N_O1_A19	154	6.65075376884422	0.000153920452030394	-8.77907463426329	138	oxygen-deprived	6.18775686554324e-06
20.5_20.5_2_1_0.5_0.3_0.2_0.1_0_0_0_0_0_0_0_0_0_0_0_0_0	4N	34	0	SUM-159_NLS_4N_O1_A19_seed	SUM-159_NLS_4N_O1_A19	155	6.69095477386935	0.00013951578618604	-8.87733280048132	138	oxygen-deprived	5.60867482154913e-06
20.5_20.5_2_1_0.5_0.3_0.2_0.1_0_0_0_0_0_0_0_0_0_0_0_0_0	4N	34	0	SUM-159_NLS_4N_O1_A19_seed	SUM-159_NLS_4N_O1_A19	156	6.73115577889447	7.8088431567338e-05	-9.45766863542752	138	oxygen-deprived	3.13923342984261e-06
20.5_20.5_2_1_0.5_0.3_0.2_0.1_0_0_0_0_0_0_0_0_0_0_0_0_0	4N	34	0	SUM-159_NLS_4N_O1_A19_seed	SUM-159_NLS_4N_O1_A19	157	6.7713567839196	3.81181224734498e-05	-10.1748207334487	138	oxygen-deprived	1.53238683310345e-06
20.5_20.5_2_1_0.5_0.3_0.2_0.1_0_0_0_0_0_0_0_0_0_0_0_0_0	4N	34	0	SUM-159_NLS_4N_O1_A19_seed	SUM-159_NLS_4N_O1_A19	158	6.81155778894472	3.83685468711304e-05	-10.1682725259073	138	oxygen-deprived	1.54245414557302e-06
20.5_20.5_2_1_0.5_0.3_0.2_0.1_0_0_0_0_0_0_0_0_0_0_0_0_0	4N	34	0	SUM-159_NLS_4N_O1_A19_seed	SUM-159_NLS_4N_O1_A19	159	6.85175879396985	6.11551691086901e-05	-9.70209616778161	138	oxygen-deprived	2.45849926065076e-06
20.5_20.5_2_1_0.5_0.3_0.2_0.1_0_0_0_0_0_0_0_0_0_0_0_0_0	4N	34	0	SUM-159_NLS_4N_O1_A19_seed	SUM-159_NLS_4N_O1_A19	160	6.89195979899498	5.90968006360918e-05	-9.73633376977066	138	oxygen-deprived	2.37575077934028e-06
20.5_20.5_2_1_0.5_0.3_0.2_0.1_0_0_0_0_0_0_0_0_0_0_0_0_0	4N	34	0	SUM-159_NLS_4N_O1_A19_seed	SUM-159_NLS_4N_O1_A19	161	6.9321608040201	3.2265331979199e-05	-10.3415172174864	138	oxygen-deprived	1.29709877303308e-06
20.5_20.5_2_1_0.5_0.3_0.2_0.1_0_0_0_0_0_0_0_0_0_0_0_0_0	4N	34	0	SUM-159_NLS_4N_O1_A19_seed	SUM-159_NLS_4N_O1_A19	162	6.97236180904523	1.13059196575134e-05	-11.3901841059178	138	oxygen-deprived	4.54509332965345e-07
20.5_20.5_2_1_0.5_0.3_0.2_0.1_0_0_0_0_0_0_0_0_0_0_0_0_0	4N	34	0	SUM-159_NLS_4N_O1_A19_seed	SUM-159_NLS_4N_O1_A19	163	7.01256281407035	2.16386092055741e-05	-10.7410313756644	138	oxygen-deprived	8.69893837409981e-07
20.5_20.5_2_1_0.5_0.3_0.2_0.1_0_0_0_0_0_0_0_0_0_0_0_0_0	4N	34	0	SUM-159_NLS_4N_O1_A19_seed	SUM-159_NLS_4N_O1_A19	164	7.05276381909548	2.45747361277018e-05	-10.6137916294169	138	oxygen-deprived	9.87929090560839e-07
20.5_20.5_2_1_0.5_0.3_0.2_0.1_0_0_0_0_0_0_0_0_0_0_0_0_0	4N	34	0	SUM-159_NLS_4N_O1_A19_seed	SUM-159_NLS_4N_O1_A19	165	7.0929648241206	3.51524500264485e-05	-10.255816240104	138	oxygen-deprived	1.41316382015868e-06
20.5_20.5_2_1_0.5_0.3_0.2_0.1_0_0_0_0_0_0_0_0_0_0_0_0_0	4N	34	0	SUM-159_NLS_4N_O1_A19_seed	SUM-159_NLS_4N_O1_A19	166	7.13316582914573	3.02737623651394e-05	-10.4052291491249	138	oxygen-deprived	1.21703567297038e-06
20.5_20.5_2_1_0.5_0.3_0.2_0.1_0_0_0_0_0_0_0_0_0_0_0_0_0	4N	34	0	SUM-159_NLS_4N_O1_A19_seed	SUM-159_NLS_4N_O1_A19	167	7.17336683417085	8.5188472493909e-06	-11.6732295256441	138	oxygen-deprived	3.42466221081028e-07
20.5_20.5_2_1_0.5_0.3_0.2_0.1_0_0_0_0_0_0_0_0_0_0_0_0_0	4N	34	0	SUM-159_NLS_4N_O1_A19_seed	SUM-159_NLS_4N_O1_A19	168	7.21356783919598	1.28297663081179e-05	-11.2637425939907	138	oxygen-deprived	5.15769499823815e-07
20.5_20.5_2_1_0.5_0.3_0.2_0.1_0_0_0_0_0_0_0_0_0_0_0_0_0	4N	34	0	SUM-159_NLS_4N_O1_A19_seed	SUM-159_NLS_4N_O1_A19	169	7.25376884422111	2.15470046170179e-05	-10.7452737479656	138	oxygen-deprived	8.66211240885109e-07
20.5_20.5_2_1_0.5_0.3_0.2_0.1_0_0_0_0_0_0_0_0_0_0_0_0_0	4N	34	0	SUM-159_NLS_4N_O1_A19_seed	SUM-159_NLS_4N_O1_A19	170	7.29396984924623	5.47373880164349e-06	-12.1155486646619	138	oxygen-deprived	2.20049801071087e-07
20.5_20.5_2_1_0.5_0.3_0.2_0.1_0_0_0_0_0_0_0_0_0_0_0_0_0	4N	34	0	SUM-159_NLS_4N_O1_A19_seed	SUM-159_NLS_4N_O1_A19	171	7.33417085427136	2.46888872610753e-07	-15.2143275100161	138	oxygen-deprived	9.9251808084721e-09
20.5_20.5_2_1_0.5_0.3_0.2_0.1_0_0_0_0_0_0_0_0_0_0_0_0_0	4N	34	0	SUM-159_NLS_4N_O1_A19_seed	SUM-159_NLS_4N_O1_A19	172	7.37437185929648	9.00926993393121e-10	-20.8275968900237	138	oxygen-deprived	3.62181705886668e-11
20.5_20.5_2_1_0.5_0.3_0.2_0.1_0_0_0_0_0_0_0_0_0_0_0_0_0	4N	34	0	SUM-159_NLS_4N_O1_A19_seed	SUM-159_NLS_4N_O1_A19	173	7.41457286432161	1.59647293074508e-12	-27.1632243382738	138	oxygen-deprived	6.41798163113575e-14
20.5_20.5_2_1_0.5_0.3_0.2_0.1_0_0_0_0_0_0_0_0_0_0_0_0_0	4N	34	0	SUM-159_NLS_4N_O1_A19_seed	SUM-159_NLS_4N_O1_A19	174	7.45477386934673	9.99998941878107e-13	-27.631022174051	138	oxygen-deprived	4.02009624875606e-14
20.5_20.5_2_1_0.5_0.3_0.2_0.1_0_0_0_0_0_0_0_0_0_0_0_0_0	4N	34	0	SUM-159_NLS_4N_O1_A19_seed	SUM-159_NLS_4N_O1_A19	175	7.49497487437186	9.99998941878107e-13	-27.631022174051	138	oxygen-deprived	4.02009624875606e-14
20.5_20.5_2_1_0.5_0.3_0.2_0.1_0_0_0_0_0_0_0_0_0_0_0_0_0	4N	34	0	SUM-159_NLS_4N_O1_A19_seed	SUM-159_NLS_4N_O1_A19	176	7.53517587939699	9.99998941878107e-13	-27.631022174051	138	oxygen-deprived	4.02009624875606e-14
20.5_20.5_2_1_0.5_0.3_0.2_0.1_0_0_0_0_0_0_0_0_0_0_0_0_0	4N	34	0	SUM-159_NLS_4N_O1_A19_seed	SUM-159_NLS_4N_O1_A19	177	7.57537688442211	9.99998941878107e-13	-27.631022174051	138	oxygen-deprived	4.02009624875606e-14
20.5_20.5_2_1_0.5_0.3_0.2_0.1_0_0_0_0_0_0_0_0_0_0_0_0_0	4N	34	0	SUM-159_NLS_4N_O1_A19_seed	SUM-159_NLS_4N_O1_A19	178	7.61557788944724	9.99998941878107e-13	-27.631022174051	138	oxygen-deprived	4.02009624875606e-14
20.5_20.5_2_1_0.5_0.3_0.2_0.1_0_0_0_0_0_0_0_0_0_0_0_0_0	4N	34	0	SUM-159_NLS_4N_O1_A19_seed	SUM-159_NLS_4N_O1_A19	179	7.65577889447236	9.99998941878107e-13	-27.631022174051	138	oxygen-deprived	4.02009624875606e-14
20.5_20.5_2_1_0.5_0.3_0.2_0.1_0_0_0_0_0_0_0_0_0_0_0_0_0	4N	34	0	SUM-159_NLS_4N_O1_A19_seed	SUM-159_NLS_4N_O1_A19	180	7.69597989949749	9.99998941878107e-13	-27.631022174051	138	oxygen-deprived	4.02009624875606e-14
20.5_20.5_2_1_0.5_0.3_0.2_0.1_0_0_0_0_0_0_0_0_0_0_0_0_0	4N	34	0	SUM-159_NLS_4N_O1_A19_seed	SUM-159_NLS_4N_O1_A19	181	7.73618090452261	9.99998941878107e-13	-27.631022174051	138	oxygen-deprived	4.02009624875606e-14
20.5_20.5_2_1_0.5_0.3_0.2_0.1_0_0_0_0_0_0_0_0_0_0_0_0_0	4N	34	0	SUM-159_NLS_4N_O1_A19_seed	SUM-159_NLS_4N_O1_A19	182	7.77638190954774	9.99998941878107e-13	-27.631022174051	138	oxygen-deprived	4.02009624875606e-14
20.5_20.5_2_1_0.5_0.3_0.2_0.1_0_0_0_0_0_0_0_0_0_0_0_0_0	4N	34	0	SUM-159_NLS_4N_O1_A19_seed	SUM-159_NLS_4N_O1_A19	183	7.81658291457286	9.99998941878107e-13	-27.631022174051	138	oxygen-deprived	4.02009624875606e-14
20.5_20.5_2_1_0.5_0.3_0.2_0.1_0_0_0_0_0_0_0_0_0_0_0_0_0	4N	34	0	SUM-159_NLS_4N_O1_A19_seed	SUM-159_NLS_4N_O1_A19	184	7.85678391959799	9.99998941878107e-13	-27.631022174051	138	oxygen-deprived	4.02009624875606e-14
20.5_20.5_2_1_0.5_0.3_0.2_0.1_0_0_0_0_0_0_0_0_0_0_0_0_0	4N	34	0	SUM-159_NLS_4N_O1_A19_seed	SUM-159_NLS_4N_O1_A19	185	7.89698492462312	9.99998941878107e-13	-27.631022174051	138	oxygen-deprived	4.02009624875606e-14
20.5_20.5_2_1_0.5_0.3_0.2_0.1_0_0_0_0_0_0_0_0_0_0_0_0_0	4N	34	0	SUM-159_NLS_4N_O1_A19_seed	SUM-159_NLS_4N_O1_A19	186	7.93718592964824	9.99998941878107e-13	-27.631022174051	138	oxygen-deprived	4.02009624875606e-14
20.5_20.5_2_1_0.5_0.3_0.2_0.1_0_0_0_0_0_0_0_0_0_0_0_0_0	4N	34	0	SUM-159_NLS_4N_O1_A19_seed	SUM-159_NLS_4N_O1_A19	187	7.97738693467337	9.99998941878107e-13	-27.631022174051	138	oxygen-deprived	4.02009624875606e-14
20.5_20.5_2_1_0.5_0.3_0.2_0.1_0_0_0_0_0_0_0_0_0_0_0_0_0	4N	34	0	SUM-159_NLS_4N_O1_A19_seed	SUM-159_NLS_4N_O1_A19	188	8.01758793969849	9.99998941878107e-13	-27.631022174051	138	oxygen-deprived	4.02009624875606e-14
20.5_20.5_2_1_0.5_0.3_0.2_0.1_0_0_0_0_0_0_0_0_0_0_0_0_0	4N	34	0	SUM-159_NLS_4N_O1_A19_seed	SUM-159_NLS_4N_O1_A19	189	8.05778894472362	9.99998941878107e-13	-27.631022174051	138	oxygen-deprived	4.02009624875606e-14
20.5_20.5_2_1_0.5_0.3_0.2_0.1_0_0_0_0_0_0_0_0_0_0_0_0_0	4N	34	0	SUM-159_NLS_4N_O1_A19_seed	SUM-159_NLS_4N_O1_A19	190	8.09798994974874	9.99998941878107e-13	-27.631022174051	138	oxygen-deprived	4.02009624875606e-14
20.5_20.5_2_1_0.5_0.3_0.2_0.1_0_0_0_0_0_0_0_0_0_0_0_0_0	4N	34	0	SUM-159_NLS_4N_O1_A19_seed	SUM-159_NLS_4N_O1_A19	191	8.13819095477387	9.99998941878107e-13	-27.631022174051	138	oxygen-deprived	4.02009624875606e-14
20.5_20.5_2_1_0.5_0.3_0.2_0.1_0_0_0_0_0_0_0_0_0_0_0_0_0	4N	34	0	SUM-159_NLS_4N_O1_A19_seed	SUM-159_NLS_4N_O1_A19	192	8.178391959799	9.99998941878107e-13	-27.631022174051	138	oxygen-deprived	4.02009624875606e-14
20.5_20.5_2_1_0.5_0.3_0.2_0.1_0_0_0_0_0_0_0_0_0_0_0_0_0	4N	34	0	SUM-159_NLS_4N_O1_A19_seed	SUM-159_NLS_4N_O1_A19	193	8.21859296482412	9.99998941878107e-13	-27.631022174051	138	oxygen-deprived	4.02009624875606e-14
20.5_20.5_2_1_0.5_0.3_0.2_0.1_0_0_0_0_0_0_0_0_0_0_0_0_0	4N	34	0	SUM-159_NLS_4N_O1_A19_seed	SUM-159_NLS_4N_O1_A19	194	8.25879396984925	9.99998941878107e-13	-27.631022174051	138	oxygen-deprived	4.02009624875606e-14
20.5_20.5_2_1_0.5_0.3_0.2_0.1_0_0_0_0_0_0_0_0_0_0_0_0_0	4N	34	0	SUM-159_NLS_4N_O1_A19_seed	SUM-159_NLS_4N_O1_A19	195	8.29899497487437	9.99998941878107e-13	-27.631022174051	138	oxygen-deprived	4.02009624875606e-14
20.5_20.5_2_1_0.5_0.3_0.2_0.1_0_0_0_0_0_0_0_0_0_0_0_0_0	4N	34	0	SUM-159_NLS_4N_O1_A19_seed	SUM-159_NLS_4N_O1_A19	196	8.3391959798995	9.99998941878107e-13	-27.631022174051	138	oxygen-deprived	4.02009624875606e-14
20.5_20.5_2_1_0.5_0.3_0.2_0.1_0_0_0_0_0_0_0_0_0_0_0_0_0	4N	34	0	SUM-159_NLS_4N_O1_A19_seed	SUM-159_NLS_4N_O1_A19	197	8.37939698492462	9.99998941878107e-13	-27.631022174051	138	oxygen-deprived	4.02009624875606e-14
20.5_20.5_2_1_0.5_0.3_0.2_0.1_0_0_0_0_0_0_0_0_0_0_0_0_0	4N	34	0	SUM-159_NLS_4N_O1_A19_seed	SUM-159_NLS_4N_O1_A19	198	8.41959798994975	9.99998941878107e-13	-27.631022174051	138	oxygen-deprived	4.02009624875606e-14
20.5_20.5_2_1_0.5_0.3_0.2_0.1_0_0_0_0_0_0_0_0_0_0_0_0_0	4N	34	0	SUM-159_NLS_4N_O1_A19_seed	SUM-159_NLS_4N_O1_A19	199	8.45979899497488	9.99998941878107e-13	-27.631022174051	138	oxygen-deprived	4.02009624875606e-14
20.5_20.5_2_1_0.5_0.3_0.2_0.1_0_0_0_0_0_0_0_0_0_0_0_0_0	4N	34	0	SUM-159_NLS_4N_O1_A19_seed	SUM-159_NLS_4N_O1_A19	200	8.5	9.99998941878107e-13	-27.631022174051	138	oxygen-deprived	4.02009624875606e-14
20.5_20.5_2_1_0.5_0.3_0.2_0.1_0_0_0_0_0_0_0_0_0_0_0_0_0	4N	34	0	SUM-159_NLS_4N_O2_A19_seed	SUM-159_NLS_4N_O2_A19	1	0.5	9.99995972321359e-13	-27.6310251436153	138	oxygen-deprived	4.02008431083948e-14
20.5_20.5_2_1_0.5_0.3_0.2_0.1_0_0_0_0_0_0_0_0_0_0_0_0_0	4N	34	0	SUM-159_NLS_4N_O2_A19_seed	SUM-159_NLS_4N_O2_A19	2	0.540201005025126	9.99995972321359e-13	-27.6310251436153	138	oxygen-deprived	4.02008431083948e-14
20.5_20.5_2_1_0.5_0.3_0.2_0.1_0_0_0_0_0_0_0_0_0_0_0_0_0	4N	34	0	SUM-159_NLS_4N_O2_A19_seed	SUM-159_NLS_4N_O2_A19	3	0.580402010050251	9.99995972321359e-13	-27.6310251436153	138	oxygen-deprived	4.02008431083948e-14
20.5_20.5_2_1_0.5_0.3_0.2_0.1_0_0_0_0_0_0_0_0_0_0_0_0_0	4N	34	0	SUM-159_NLS_4N_O2_A19_seed	SUM-159_NLS_4N_O2_A19	4	0.620603015075377	9.99995972321359e-13	-27.6310251436153	138	oxygen-deprived	4.02008431083948e-14
20.5_20.5_2_1_0.5_0.3_0.2_0.1_0_0_0_0_0_0_0_0_0_0_0_0_0	4N	34	0	SUM-159_NLS_4N_O2_A19_seed	SUM-159_NLS_4N_O2_A19	5	0.660804020100503	9.99995972321359e-13	-27.6310251436153	138	oxygen-deprived	4.02008431083948e-14
20.5_20.5_2_1_0.5_0.3_0.2_0.1_0_0_0_0_0_0_0_0_0_0_0_0_0	4N	34	0	SUM-159_NLS_4N_O2_A19_seed	SUM-159_NLS_4N_O2_A19	6	0.701005025125628	9.99995972321359e-13	-27.6310251436153	138	oxygen-deprived	4.02008431083948e-14
20.5_20.5_2_1_0.5_0.3_0.2_0.1_0_0_0_0_0_0_0_0_0_0_0_0_0	4N	34	0	SUM-159_NLS_4N_O2_A19_seed	SUM-159_NLS_4N_O2_A19	7	0.741206030150754	9.99995972321359e-13	-27.6310251436153	138	oxygen-deprived	4.02008431083948e-14
20.5_20.5_2_1_0.5_0.3_0.2_0.1_0_0_0_0_0_0_0_0_0_0_0_0_0	4N	34	0	SUM-159_NLS_4N_O2_A19_seed	SUM-159_NLS_4N_O2_A19	8	0.781407035175879	9.99995972321359e-13	-27.6310251436153	138	oxygen-deprived	4.02008431083948e-14
20.5_20.5_2_1_0.5_0.3_0.2_0.1_0_0_0_0_0_0_0_0_0_0_0_0_0	4N	34	0	SUM-159_NLS_4N_O2_A19_seed	SUM-159_NLS_4N_O2_A19	9	0.821608040201005	9.99995972321359e-13	-27.6310251436153	138	oxygen-deprived	4.02008431083948e-14
20.5_20.5_2_1_0.5_0.3_0.2_0.1_0_0_0_0_0_0_0_0_0_0_0_0_0	4N	34	0	SUM-159_NLS_4N_O2_A19_seed	SUM-159_NLS_4N_O2_A19	10	0.861809045226131	9.99995972321359e-13	-27.6310251436153	138	oxygen-deprived	4.02008431083948e-14
20.5_20.5_2_1_0.5_0.3_0.2_0.1_0_0_0_0_0_0_0_0_0_0_0_0_0	4N	34	0	SUM-159_NLS_4N_O2_A19_seed	SUM-159_NLS_4N_O2_A19	11	0.902010050251256	9.99995972321359e-13	-27.6310251436153	138	oxygen-deprived	4.02008431083948e-14
20.5_20.5_2_1_0.5_0.3_0.2_0.1_0_0_0_0_0_0_0_0_0_0_0_0_0	4N	34	0	SUM-159_NLS_4N_O2_A19_seed	SUM-159_NLS_4N_O2_A19	12	0.942211055276382	9.99995972321359e-13	-27.6310251436153	138	oxygen-deprived	4.02008431083948e-14
20.5_20.5_2_1_0.5_0.3_0.2_0.1_0_0_0_0_0_0_0_0_0_0_0_0_0	4N	34	0	SUM-159_NLS_4N_O2_A19_seed	SUM-159_NLS_4N_O2_A19	13	0.982412060301508	9.99995972321359e-13	-27.6310251436153	138	oxygen-deprived	4.02008431083948e-14
20.5_20.5_2_1_0.5_0.3_0.2_0.1_0_0_0_0_0_0_0_0_0_0_0_0_0	4N	34	0	SUM-159_NLS_4N_O2_A19_seed	SUM-159_NLS_4N_O2_A19	14	1.02261306532663	9.99995972321359e-13	-27.6310251436153	138	oxygen-deprived	4.02008431083948e-14
20.5_20.5_2_1_0.5_0.3_0.2_0.1_0_0_0_0_0_0_0_0_0_0_0_0_0	4N	34	0	SUM-159_NLS_4N_O2_A19_seed	SUM-159_NLS_4N_O2_A19	15	1.06281407035176	9.99995972321359e-13	-27.6310251436153	138	oxygen-deprived	4.02008431083948e-14
20.5_20.5_2_1_0.5_0.3_0.2_0.1_0_0_0_0_0_0_0_0_0_0_0_0_0	4N	34	0	SUM-159_NLS_4N_O2_A19_seed	SUM-159_NLS_4N_O2_A19	16	1.10301507537688	9.99995972321359e-13	-27.6310251436153	138	oxygen-deprived	4.02008431083948e-14
20.5_20.5_2_1_0.5_0.3_0.2_0.1_0_0_0_0_0_0_0_0_0_0_0_0_0	4N	34	0	SUM-159_NLS_4N_O2_A19_seed	SUM-159_NLS_4N_O2_A19	17	1.14321608040201	9.99995972321359e-13	-27.6310251436153	138	oxygen-deprived	4.02008431083948e-14
20.5_20.5_2_1_0.5_0.3_0.2_0.1_0_0_0_0_0_0_0_0_0_0_0_0_0	4N	34	0	SUM-159_NLS_4N_O2_A19_seed	SUM-159_NLS_4N_O2_A19	18	1.18341708542714	9.99995972321359e-13	-27.6310251436153	138	oxygen-deprived	4.02008431083948e-14
20.5_20.5_2_1_0.5_0.3_0.2_0.1_0_0_0_0_0_0_0_0_0_0_0_0_0	4N	34	0	SUM-159_NLS_4N_O2_A19_seed	SUM-159_NLS_4N_O2_A19	19	1.22361809045226	9.99995972321359e-13	-27.6310251436153	138	oxygen-deprived	4.02008431083948e-14
20.5_20.5_2_1_0.5_0.3_0.2_0.1_0_0_0_0_0_0_0_0_0_0_0_0_0	4N	34	0	SUM-159_NLS_4N_O2_A19_seed	SUM-159_NLS_4N_O2_A19	20	1.26381909547739	9.99995972321359e-13	-27.6310251436153	138	oxygen-deprived	4.02008431083948e-14
20.5_20.5_2_1_0.5_0.3_0.2_0.1_0_0_0_0_0_0_0_0_0_0_0_0_0	4N	34	0	SUM-159_NLS_4N_O2_A19_seed	SUM-159_NLS_4N_O2_A19	21	1.30402010050251	9.99995972321359e-13	-27.6310251436153	138	oxygen-deprived	4.02008431083948e-14
20.5_20.5_2_1_0.5_0.3_0.2_0.1_0_0_0_0_0_0_0_0_0_0_0_0_0	4N	34	0	SUM-159_NLS_4N_O2_A19_seed	SUM-159_NLS_4N_O2_A19	22	1.34422110552764	9.99995972321359e-13	-27.6310251436153	138	oxygen-deprived	4.02008431083948e-14
20.5_20.5_2_1_0.5_0.3_0.2_0.1_0_0_0_0_0_0_0_0_0_0_0_0_0	4N	34	0	SUM-159_NLS_4N_O2_A19_seed	SUM-159_NLS_4N_O2_A19	23	1.38442211055276	9.99995972321359e-13	-27.6310251436153	138	oxygen-deprived	4.02008431083948e-14
20.5_20.5_2_1_0.5_0.3_0.2_0.1_0_0_0_0_0_0_0_0_0_0_0_0_0	4N	34	0	SUM-159_NLS_4N_O2_A19_seed	SUM-159_NLS_4N_O2_A19	24	1.42462311557789	9.99995972321359e-13	-27.6310251436153	138	oxygen-deprived	4.02008431083948e-14
20.5_20.5_2_1_0.5_0.3_0.2_0.1_0_0_0_0_0_0_0_0_0_0_0_0_0	4N	34	0	SUM-159_NLS_4N_O2_A19_seed	SUM-159_NLS_4N_O2_A19	25	1.46482412060302	9.99995972321359e-13	-27.6310251436153	138	oxygen-deprived	4.02008431083948e-14
20.5_20.5_2_1_0.5_0.3_0.2_0.1_0_0_0_0_0_0_0_0_0_0_0_0_0	4N	34	0	SUM-159_NLS_4N_O2_A19_seed	SUM-159_NLS_4N_O2_A19	26	1.50502512562814	9.99995972321359e-13	-27.6310251436153	138	oxygen-deprived	4.02008431083948e-14
20.5_20.5_2_1_0.5_0.3_0.2_0.1_0_0_0_0_0_0_0_0_0_0_0_0_0	4N	34	0	SUM-159_NLS_4N_O2_A19_seed	SUM-159_NLS_4N_O2_A19	27	1.54522613065327	9.99995972321359e-13	-27.6310251436153	138	oxygen-deprived	4.02008431083948e-14
20.5_20.5_2_1_0.5_0.3_0.2_0.1_0_0_0_0_0_0_0_0_0_0_0_0_0	4N	34	0	SUM-159_NLS_4N_O2_A19_seed	SUM-159_NLS_4N_O2_A19	28	1.58542713567839	9.99995972321359e-13	-27.6310251436153	138	oxygen-deprived	4.02008431083948e-14
20.5_20.5_2_1_0.5_0.3_0.2_0.1_0_0_0_0_0_0_0_0_0_0_0_0_0	4N	34	0	SUM-159_NLS_4N_O2_A19_seed	SUM-159_NLS_4N_O2_A19	29	1.62562814070352	9.99995972321359e-13	-27.6310251436153	138	oxygen-deprived	4.02008431083948e-14
20.5_20.5_2_1_0.5_0.3_0.2_0.1_0_0_0_0_0_0_0_0_0_0_0_0_0	4N	34	0	SUM-159_NLS_4N_O2_A19_seed	SUM-159_NLS_4N_O2_A19	30	1.66582914572864	9.99995972321359e-13	-27.6310251436153	138	oxygen-deprived	4.02008431083948e-14
20.5_20.5_2_1_0.5_0.3_0.2_0.1_0_0_0_0_0_0_0_0_0_0_0_0_0	4N	34	0	SUM-159_NLS_4N_O2_A19_seed	SUM-159_NLS_4N_O2_A19	31	1.70603015075377	9.99995972321359e-13	-27.6310251436153	138	oxygen-deprived	4.02008431083948e-14
20.5_20.5_2_1_0.5_0.3_0.2_0.1_0_0_0_0_0_0_0_0_0_0_0_0_0	4N	34	0	SUM-159_NLS_4N_O2_A19_seed	SUM-159_NLS_4N_O2_A19	32	1.74623115577889	9.99995972321359e-13	-27.6310251436153	138	oxygen-deprived	4.02008431083948e-14
20.5_20.5_2_1_0.5_0.3_0.2_0.1_0_0_0_0_0_0_0_0_0_0_0_0_0	4N	34	0	SUM-159_NLS_4N_O2_A19_seed	SUM-159_NLS_4N_O2_A19	33	1.78643216080402	9.99995972321359e-13	-27.6310251436153	138	oxygen-deprived	4.02008431083948e-14
20.5_20.5_2_1_0.5_0.3_0.2_0.1_0_0_0_0_0_0_0_0_0_0_0_0_0	4N	34	0	SUM-159_NLS_4N_O2_A19_seed	SUM-159_NLS_4N_O2_A19	34	1.82663316582915	9.99995972321359e-13	-27.6310251436153	138	oxygen-deprived	4.02008431083948e-14
20.5_20.5_2_1_0.5_0.3_0.2_0.1_0_0_0_0_0_0_0_0_0_0_0_0_0	4N	34	0	SUM-159_NLS_4N_O2_A19_seed	SUM-159_NLS_4N_O2_A19	35	1.86683417085427	9.99995972321359e-13	-27.6310251436153	138	oxygen-deprived	4.02008431083948e-14
20.5_20.5_2_1_0.5_0.3_0.2_0.1_0_0_0_0_0_0_0_0_0_0_0_0_0	4N	34	0	SUM-159_NLS_4N_O2_A19_seed	SUM-159_NLS_4N_O2_A19	36	1.9070351758794	9.99995972321359e-13	-27.6310251436153	138	oxygen-deprived	4.02008431083948e-14
20.5_20.5_2_1_0.5_0.3_0.2_0.1_0_0_0_0_0_0_0_0_0_0_0_0_0	4N	34	0	SUM-159_NLS_4N_O2_A19_seed	SUM-159_NLS_4N_O2_A19	37	1.94723618090452	9.99995972321359e-13	-27.6310251436153	138	oxygen-deprived	4.02008431083948e-14
20.5_20.5_2_1_0.5_0.3_0.2_0.1_0_0_0_0_0_0_0_0_0_0_0_0_0	4N	34	0	SUM-159_NLS_4N_O2_A19_seed	SUM-159_NLS_4N_O2_A19	38	1.98743718592965	9.99995972321359e-13	-27.6310251436153	138	oxygen-deprived	4.02008431083948e-14
20.5_20.5_2_1_0.5_0.3_0.2_0.1_0_0_0_0_0_0_0_0_0_0_0_0_0	4N	34	0	SUM-159_NLS_4N_O2_A19_seed	SUM-159_NLS_4N_O2_A19	39	2.02763819095477	9.99995972321359e-13	-27.6310251436153	138	oxygen-deprived	4.02008431083948e-14
20.5_20.5_2_1_0.5_0.3_0.2_0.1_0_0_0_0_0_0_0_0_0_0_0_0_0	4N	34	0	SUM-159_NLS_4N_O2_A19_seed	SUM-159_NLS_4N_O2_A19	40	2.0678391959799	9.99995972321359e-13	-27.6310251436153	138	oxygen-deprived	4.02008431083948e-14
20.5_20.5_2_1_0.5_0.3_0.2_0.1_0_0_0_0_0_0_0_0_0_0_0_0_0	4N	34	0	SUM-159_NLS_4N_O2_A19_seed	SUM-159_NLS_4N_O2_A19	41	2.10804020100502	9.99995972321359e-13	-27.6310251436153	138	oxygen-deprived	4.02008431083948e-14
20.5_20.5_2_1_0.5_0.3_0.2_0.1_0_0_0_0_0_0_0_0_0_0_0_0_0	4N	34	0	SUM-159_NLS_4N_O2_A19_seed	SUM-159_NLS_4N_O2_A19	42	2.14824120603015	9.99995972321359e-13	-27.6310251436153	138	oxygen-deprived	4.02008431083948e-14
20.5_20.5_2_1_0.5_0.3_0.2_0.1_0_0_0_0_0_0_0_0_0_0_0_0_0	4N	34	0	SUM-159_NLS_4N_O2_A19_seed	SUM-159_NLS_4N_O2_A19	43	2.18844221105528	9.99995972321359e-13	-27.6310251436153	138	oxygen-deprived	4.02008431083948e-14
20.5_20.5_2_1_0.5_0.3_0.2_0.1_0_0_0_0_0_0_0_0_0_0_0_0_0	4N	34	0	SUM-159_NLS_4N_O2_A19_seed	SUM-159_NLS_4N_O2_A19	44	2.2286432160804	9.99995972321359e-13	-27.6310251436153	138	oxygen-deprived	4.02008431083948e-14
20.5_20.5_2_1_0.5_0.3_0.2_0.1_0_0_0_0_0_0_0_0_0_0_0_0_0	4N	34	0	SUM-159_NLS_4N_O2_A19_seed	SUM-159_NLS_4N_O2_A19	45	2.26884422110553	9.99995972321359e-13	-27.6310251436153	138	oxygen-deprived	4.02008431083948e-14
20.5_20.5_2_1_0.5_0.3_0.2_0.1_0_0_0_0_0_0_0_0_0_0_0_0_0	4N	34	0	SUM-159_NLS_4N_O2_A19_seed	SUM-159_NLS_4N_O2_A19	46	2.30904522613065	9.99995972321359e-13	-27.6310251436153	138	oxygen-deprived	4.02008431083948e-14
20.5_20.5_2_1_0.5_0.3_0.2_0.1_0_0_0_0_0_0_0_0_0_0_0_0_0	4N	34	0	SUM-159_NLS_4N_O2_A19_seed	SUM-159_NLS_4N_O2_A19	47	2.34924623115578	9.99995972321359e-13	-27.6310251436153	138	oxygen-deprived	4.02008431083948e-14
20.5_20.5_2_1_0.5_0.3_0.2_0.1_0_0_0_0_0_0_0_0_0_0_0_0_0	4N	34	0	SUM-159_NLS_4N_O2_A19_seed	SUM-159_NLS_4N_O2_A19	48	2.3894472361809	9.99995972321359e-13	-27.6310251436153	138	oxygen-deprived	4.02008431083948e-14
20.5_20.5_2_1_0.5_0.3_0.2_0.1_0_0_0_0_0_0_0_0_0_0_0_0_0	4N	34	0	SUM-159_NLS_4N_O2_A19_seed	SUM-159_NLS_4N_O2_A19	49	2.42964824120603	9.99995972321359e-13	-27.6310251436153	138	oxygen-deprived	4.02008431083948e-14
20.5_20.5_2_1_0.5_0.3_0.2_0.1_0_0_0_0_0_0_0_0_0_0_0_0_0	4N	34	0	SUM-159_NLS_4N_O2_A19_seed	SUM-159_NLS_4N_O2_A19	50	2.46984924623116	2.72700758055228e-11	-24.3252311392611	138	oxygen-deprived	1.09628445449334e-12
20.5_20.5_2_1_0.5_0.3_0.2_0.1_0_0_0_0_0_0_0_0_0_0_0_0_0	4N	34	0	SUM-159_NLS_4N_O2_A19_seed	SUM-159_NLS_4N_O2_A19	51	2.51005025125628	2.01092994067021e-08	-17.7220834718243	138	oxygen-deprived	8.08414046500556e-10
20.5_20.5_2_1_0.5_0.3_0.2_0.1_0_0_0_0_0_0_0_0_0_0_0_0_0	4N	34	0	SUM-159_NLS_4N_O2_A19_seed	SUM-159_NLS_4N_O2_A19	52	2.55025125628141	2.25299888234345e-06	-13.0032483925891	138	oxygen-deprived	9.0572819390688e-08
20.5_20.5_2_1_0.5_0.3_0.2_0.1_0_0_0_0_0_0_0_0_0_0_0_0_0	4N	34	0	SUM-159_NLS_4N_O2_A19_seed	SUM-159_NLS_4N_O2_A19	53	2.59045226130653	3.43655329480272e-05	-10.2784564450568	138	oxygen-deprived	1.38152896273471e-06
20.5_20.5_2_1_0.5_0.3_0.2_0.1_0_0_0_0_0_0_0_0_0_0_0_0_0	4N	34	0	SUM-159_NLS_4N_O2_A19_seed	SUM-159_NLS_4N_O2_A19	54	2.63065326633166	7.5009557141938e-05	-9.49789502398712	138	oxygen-deprived	3.01545958359538e-06
20.5_20.5_2_1_0.5_0.3_0.2_0.1_0_0_0_0_0_0_0_0_0_0_0_0_0	4N	34	0	SUM-159_NLS_4N_O2_A19_seed	SUM-159_NLS_4N_O2_A19	55	2.67085427135678	7.86700866551096e-05	-9.4502475681224	138	oxygen-deprived	3.16261654894901e-06
20.5_20.5_2_1_0.5_0.3_0.2_0.1_0_0_0_0_0_0_0_0_0_0_0_0_0	4N	34	0	SUM-159_NLS_4N_O2_A19_seed	SUM-159_NLS_4N_O2_A19	56	2.71105527638191	0.00015769105064679	-8.75487281483329	138	oxygen-deprived	6.3393387194687e-06
20.5_20.5_2_1_0.5_0.3_0.2_0.1_0_0_0_0_0_0_0_0_0_0_0_0_0	4N	34	0	SUM-159_NLS_4N_O2_A19_seed	SUM-159_NLS_4N_O2_A19	57	2.75125628140704	0.000192164996680568	-8.55715619726163	138	oxygen-deprived	7.72522599720847e-06
20.5_20.5_2_1_0.5_0.3_0.2_0.1_0_0_0_0_0_0_0_0_0_0_0_0_0	4N	34	0	SUM-159_NLS_4N_O2_A19_seed	SUM-159_NLS_4N_O2_A19	58	2.79145728643216	0.000342879733055556	-7.97813080477537	138	oxygen-deprived	1.37841098715796e-05
20.5_20.5_2_1_0.5_0.3_0.2_0.1_0_0_0_0_0_0_0_0_0_0_0_0_0	4N	34	0	SUM-159_NLS_4N_O2_A19_seed	SUM-159_NLS_4N_O2_A19	59	2.83165829145729	0.00070634733878347	-7.25540346017444	138	oxygen-deprived	2.83958729159173e-05
20.5_20.5_2_1_0.5_0.3_0.2_0.1_0_0_0_0_0_0_0_0_0_0_0_0_0	4N	34	0	SUM-159_NLS_4N_O2_A19_seed	SUM-159_NLS_4N_O2_A19	60	2.87185929648241	0.00085838284222739	-7.06046035493307	138	oxygen-deprived	3.45078529538636e-05
20.5_20.5_2_1_0.5_0.3_0.2_0.1_0_0_0_0_0_0_0_0_0_0_0_0_0	4N	34	0	SUM-159_NLS_4N_O2_A19_seed	SUM-159_NLS_4N_O2_A19	61	2.91206030150754	0.00110141580363094	-6.81115883256357	138	oxygen-deprived	4.42780222565185e-05
20.5_20.5_2_1_0.5_0.3_0.2_0.1_0_0_0_0_0_0_0_0_0_0_0_0_0	4N	34	0	SUM-159_NLS_4N_O2_A19_seed	SUM-159_NLS_4N_O2_A19	62	2.95226130653266	0.00153087730516199	-6.48191430584328	138	oxygen-deprived	6.15428062376656e-05
20.5_20.5_2_1_0.5_0.3_0.2_0.1_0_0_0_0_0_0_0_0_0_0_0_0_0	4N	34	0	SUM-159_NLS_4N_O2_A19_seed	SUM-159_NLS_4N_O2_A19	63	2.99246231155779	0.00188796110010048	-6.27225781523143	138	oxygen-deprived	7.58979336723782e-05
20.5_20.5_2_1_0.5_0.3_0.2_0.1_0_0_0_0_0_0_0_0_0_0_0_0_0	4N	34	0	SUM-159_NLS_4N_O2_A19_seed	SUM-159_NLS_4N_O2_A19	64	3.03266331658291	0.00237389312473228	-6.04322400287617	138	oxygen-deprived	9.54328894364699e-05
20.5_20.5_2_1_0.5_0.3_0.2_0.1_0_0_0_0_0_0_0_0_0_0_0_0_0	4N	34	0	SUM-159_NLS_4N_O2_A19_seed	SUM-159_NLS_4N_O2_A19	65	3.07286432160804	0.00329884657708052	-5.7141823937036	138	oxygen-deprived	0.000132616947822327
20.5_20.5_2_1_0.5_0.3_0.2_0.1_0_0_0_0_0_0_0_0_0_0_0_0_0	4N	34	0	SUM-159_NLS_4N_O2_A19_seed	SUM-159_NLS_4N_O2_A19	66	3.11306532663317	0.00429541908764979	-5.45020615260186	138	oxygen-deprived	0.000172680164327623
20.5_20.5_2_1_0.5_0.3_0.2_0.1_0_0_0_0_0_0_0_0_0_0_0_0_0	4N	34	0	SUM-159_NLS_4N_O2_A19_seed	SUM-159_NLS_4N_O2_A19	67	3.15326633165829	0.00597946433821761	-5.11942429058062	138	oxygen-deprived	0.000240380475908236
20.5_20.5_2_1_0.5_0.3_0.2_0.1_0_0_0_0_0_0_0_0_0_0_0_0_0	4N	34	0	SUM-159_NLS_4N_O2_A19_seed	SUM-159_NLS_4N_O2_A19	68	3.19346733668342	0.0075491603420203	-4.88631893488327	138	oxygen-deprived	0.000303483832845026
20.5_20.5_2_1_0.5_0.3_0.2_0.1_0_0_0_0_0_0_0_0_0_0_0_0_0	4N	34	0	SUM-159_NLS_4N_O2_A19_seed	SUM-159_NLS_4N_O2_A19	69	3.23366834170854	0.00978944079309015	-4.62645094428665	138	oxygen-deprived	0.000393545358516172
20.5_20.5_2_1_0.5_0.3_0.2_0.1_0_0_0_0_0_0_0_0_0_0_0_0_0	4N	34	0	SUM-159_NLS_4N_O2_A19_seed	SUM-159_NLS_4N_O2_A19	70	3.27386934673367	0.0128489527167063	-4.35449297160769	138	oxygen-deprived	0.000516540812731892
20.5_20.5_2_1_0.5_0.3_0.2_0.1_0_0_0_0_0_0_0_0_0_0_0_0_0	4N	34	0	SUM-159_NLS_4N_O2_A19_seed	SUM-159_NLS_4N_O2_A19	71	3.31407035175879	0.0170335945481394	-4.07256773505097	138	oxygen-deprived	0.000684767620025679
20.5_20.5_2_1_0.5_0.3_0.2_0.1_0_0_0_0_0_0_0_0_0_0_0_0_0	4N	34	0	SUM-159_NLS_4N_O2_A19_seed	SUM-159_NLS_4N_O2_A19	72	3.35427135678392	0.022530539253317	-3.79288358992353	138	oxygen-deprived	0.000905750321741353
20.5_20.5_2_1_0.5_0.3_0.2_0.1_0_0_0_0_0_0_0_0_0_0_0_0_0	4N	34	0	SUM-159_NLS_4N_O2_A19_seed	SUM-159_NLS_4N_O2_A19	73	3.39447236180905	0.0297871035884647	-3.51367974462855	138	oxygen-deprived	0.00119747150104376
20.5_20.5_2_1_0.5_0.3_0.2_0.1_0_0_0_0_0_0_0_0_0_0_0_0_0	4N	34	0	SUM-159_NLS_4N_O2_A19_seed	SUM-159_NLS_4N_O2_A19	74	3.43467336683417	0.0399386267633721	-3.22041133407499	138	oxygen-deprived	0.00160557293521088
20.5_20.5_2_1_0.5_0.3_0.2_0.1_0_0_0_0_0_0_0_0_0_0_0_0_0	4N	34	0	SUM-159_NLS_4N_O2_A19_seed	SUM-159_NLS_4N_O2_A19	75	3.4748743718593	0.0522580787181486	-2.95156078347385	138	oxygen-deprived	0.00210082728515162
20.5_20.5_2_1_0.5_0.3_0.2_0.1_0_0_0_0_0_0_0_0_0_0_0_0_0	4N	34	0	SUM-159_NLS_4N_O2_A19_seed	SUM-159_NLS_4N_O2_A19	76	3.51507537688442	0.0666353282263949	-2.70852038822693	138	oxygen-deprived	0.0026788071648801
20.5_20.5_2_1_0.5_0.3_0.2_0.1_0_0_0_0_0_0_0_0_0_0_0_0_0	4N	34	0	SUM-159_NLS_4N_O2_A19_seed	SUM-159_NLS_4N_O2_A19	77	3.55527638190955	0.0856558498333995	-2.45741775726351	138	oxygen-deprived	0.00344345124958377
20.5_20.5_2_1_0.5_0.3_0.2_0.1_0_0_0_0_0_0_0_0_0_0_0_0_0	4N	34	0	SUM-159_NLS_4N_O2_A19_seed	SUM-159_NLS_4N_O2_A19	78	3.59547738693467	0.111717988359762	-2.19177754415605	138	oxygen-deprived	0.00449117541144755
20.5_20.5_2_1_0.5_0.3_0.2_0.1_0_0_0_0_0_0_0_0_0_0_0_0_0	4N	34	0	SUM-159_NLS_4N_O2_A19_seed	SUM-159_NLS_4N_O2_A19	79	3.6356783919598	0.141398945877577	-1.95616998044436	138	oxygen-deprived	0.00568437973377172
20.5_20.5_2_1_0.5_0.3_0.2_0.1_0_0_0_0_0_0_0_0_0_0_0_0_0	4N	34	0	SUM-159_NLS_4N_O2_A19_seed	SUM-159_NLS_4N_O2_A19	80	3.67587939698492	0.174684547949916	-1.74477351480998	138	oxygen-deprived	0.0070224943899461
20.5_20.5_2_1_0.5_0.3_0.2_0.1_0_0_0_0_0_0_0_0_0_0_0_0_0	4N	34	0	SUM-159_NLS_4N_O2_A19_seed	SUM-159_NLS_4N_O2_A19	81	3.71608040201005	0.216229387191827	-1.53141545705748	138	oxygen-deprived	0.00869263868107814
20.5_20.5_2_1_0.5_0.3_0.2_0.1_0_0_0_0_0_0_0_0_0_0_0_0_0	4N	34	0	SUM-159_NLS_4N_O2_A19_seed	SUM-159_NLS_4N_O2_A19	82	3.75628140703518	0.267806239311163	-1.3174915475978	138	oxygen-deprived	0.0107660799723077
20.5_20.5_2_1_0.5_0.3_0.2_0.1_0_0_0_0_0_0_0_0_0_0_0_0_0	4N	34	0	SUM-159_NLS_4N_O2_A19_seed	SUM-159_NLS_4N_O2_A19	83	3.7964824120603	0.324939346925971	-1.12411673891215	138	oxygen-deprived	0.0130628883186315
20.5_20.5_2_1_0.5_0.3_0.2_0.1_0_0_0_0_0_0_0_0_0_0_0_0_0	4N	34	0	SUM-159_NLS_4N_O2_A19_seed	SUM-159_NLS_4N_O2_A19	84	3.83668341708543	0.388817196067869	-0.944645978804285	138	oxygen-deprived	0.0156308420529791
20.5_20.5_2_1_0.5_0.3_0.2_0.1_0_0_0_0_0_0_0_0_0_0_0_0_0	4N	34	0	SUM-159_NLS_4N_O2_A19_seed	SUM-159_NLS_4N_O2_A19	85	3.87688442211055	0.457343378211065	-0.782320795587258	138	oxygen-deprived	0.0183856634456703
20.5_20.5_2_1_0.5_0.3_0.2_0.1_0_0_0_0_0_0_0_0_0_0_0_0_0	4N	34	0	SUM-159_NLS_4N_O2_A19_seed	SUM-159_NLS_4N_O2_A19	86	3.91708542713568	0.529109051246564	-0.636560722345259	138	oxygen-deprived	0.0212707156280018
20.5_20.5_2_1_0.5_0.3_0.2_0.1_0_0_0_0_0_0_0_0_0_0_0_0_0	4N	34	0	SUM-159_NLS_4N_O2_A19_seed	SUM-159_NLS_4N_O2_A19	87	3.9572864321608	0.593997512456107	-0.520880147412592	138	oxygen-deprived	0.0238792969831592
20.5_20.5_2_1_0.5_0.3_0.2_0.1_0_0_0_0_0_0_0_0_0_0_0_0_0	4N	34	0	SUM-159_NLS_4N_O2_A19_seed	SUM-159_NLS_4N_O2_A19	88	3.99748743718593	0.62759422597583	-0.465861458331563	138	oxygen-deprived	0.0252299186321932
20.5_20.5_2_1_0.5_0.3_0.2_0.1_0_0_0_0_0_0_0_0_0_0_0_0_0	4N	34	0	SUM-159_NLS_4N_O2_A19_seed	SUM-159_NLS_4N_O2_A19	89	4.03768844221106	0.645602066312092	-0.43757196142419	138	oxygen-deprived	0.0259538519120429
20.5_20.5_2_1_0.5_0.3_0.2_0.1_0_0_0_0_0_0_0_0_0_0_0_0_0	4N	34	0	SUM-159_NLS_4N_O2_A19_seed	SUM-159_NLS_4N_O2_A19	90	4.07788944723618	0.697107488366721	-0.360815664377461	138	oxygen-deprived	0.0280244216428822
20.5_20.5_2_1_0.5_0.3_0.2_0.1_0_0_0_0_0_0_0_0_0_0_0_0_0	4N	34	0	SUM-159_NLS_4N_O2_A19_seed	SUM-159_NLS_4N_O2_A19	91	4.11809045226131	0.74978883908812	-0.287963659976334	138	oxygen-deprived	0.0301422648879635
20.5_20.5_2_1_0.5_0.3_0.2_0.1_0_0_0_0_0_0_0_0_0_0_0_0_0	4N	34	0	SUM-159_NLS_4N_O2_A19_seed	SUM-159_NLS_4N_O2_A19	92	4.15829145728643	0.799602062598706	-0.223641096821068	138	oxygen-deprived	0.0321448065366302
20.5_20.5_2_1_0.5_0.3_0.2_0.1_0_0_0_0_0_0_0_0_0_0_0_0_0	4N	34	0	SUM-159_NLS_4N_O2_A19_seed	SUM-159_NLS_4N_O2_A19	93	4.19849246231156	0.839101367743978	-0.175423760094359	138	oxygen-deprived	0.0337327183012642
20.5_20.5_2_1_0.5_0.3_0.2_0.1_0_0_0_0_0_0_0_0_0_0_0_0_0	4N	34	0	SUM-159_NLS_4N_O2_A19_seed	SUM-159_NLS_4N_O2_A19	94	4.23869346733668	0.87128825148265	-0.137782413730387	138	oxygen-deprived	0.0350266633761856
20.5_20.5_2_1_0.5_0.3_0.2_0.1_0_0_0_0_0_0_0_0_0_0_0_0_0	4N	34	0	SUM-159_NLS_4N_O2_A19_seed	SUM-159_NLS_4N_O2_A19	95	4.27889447236181	0.901808052246193	-0.103353583952967	138	oxygen-deprived	0.0362535900400466
20.5_20.5_2_1_0.5_0.3_0.2_0.1_0_0_0_0_0_0_0_0_0_0_0_0_0	4N	34	0	SUM-159_NLS_4N_O2_A19_seed	SUM-159_NLS_4N_O2_A19	96	4.31909547738693	0.925135091154467	-0.0778155076418552	138	oxygen-deprived	0.0371913604484194
20.5_20.5_2_1_0.5_0.3_0.2_0.1_0_0_0_0_0_0_0_0_0_0_0_0_0	4N	34	0	SUM-159_NLS_4N_O2_A19_seed	SUM-159_NLS_4N_O2_A19	97	4.35929648241206	0.937726421806653	-0.0642970337042452	138	oxygen-deprived	0.0376975445952409
20.5_20.5_2_1_0.5_0.3_0.2_0.1_0_0_0_0_0_0_0_0_0_0_0_0_0	4N	34	0	SUM-159_NLS_4N_O2_A19_seed	SUM-159_NLS_4N_O2_A19	98	4.39949748743719	0.945175300523032	-0.0563848654930097	138	oxygen-deprived	0.0379969970059496
20.5_20.5_2_1_0.5_0.3_0.2_0.1_0_0_0_0_0_0_0_0_0_0_0_0_0	4N	34	0	SUM-159_NLS_4N_O2_A19_seed	SUM-159_NLS_4N_O2_A19	99	4.43969849246231	0.945637923150239	-0.0558955282801674	138	oxygen-deprived	0.0380155949005107
20.5_20.5_2_1_0.5_0.3_0.2_0.1_0_0_0_0_0_0_0_0_0_0_0_0_0	4N	34	0	SUM-159_NLS_4N_O2_A19_seed	SUM-159_NLS_4N_O2_A19	100	4.47989949748744	0.932206600573969	-0.0702008144271039	138	oxygen-deprived	0.037475642234128
20.5_20.5_2_1_0.5_0.3_0.2_0.1_0_0_0_0_0_0_0_0_0_0_0_0_0	4N	34	0	SUM-159_NLS_4N_O2_A19_seed	SUM-159_NLS_4N_O2_A19	101	4.52010050251256	0.914870081572029	-0.0889732111407481	138	oxygen-deprived	0.0367786967466128
20.5_20.5_2_1_0.5_0.3_0.2_0.1_0_0_0_0_0_0_0_0_0_0_0_0_0	4N	34	0	SUM-159_NLS_4N_O2_A19_seed	SUM-159_NLS_4N_O2_A19	102	4.56030150753769	0.886444976425509	-0.120536223724132	138	oxygen-deprived	0.0356359789517779
20.5_20.5_2_1_0.5_0.3_0.2_0.1_0_0_0_0_0_0_0_0_0_0_0_0_0	4N	34	0	SUM-159_NLS_4N_O2_A19_seed	SUM-159_NLS_4N_O2_A19	103	4.60050251256281	0.85286823519123	-0.159150215648512	138	oxygen-deprived	0.0342861602086914
20.5_20.5_2_1_0.5_0.3_0.2_0.1_0_0_0_0_0_0_0_0_0_0_0_0_0	4N	34	0	SUM-159_NLS_4N_O2_A19_seed	SUM-159_NLS_4N_O2_A19	104	4.64070351758794	0.813679619362301	-0.206188578462687	138	oxygen-deprived	0.0327107384668249
20.5_20.5_2_1_0.5_0.3_0.2_0.1_0_0_0_0_0_0_0_0_0_0_0_0_0	4N	34	0	SUM-159_NLS_4N_O2_A19_seed	SUM-159_NLS_4N_O2_A19	105	4.68090452261307	0.767752220298638	-0.264288227710144	138	oxygen-deprived	0.0308644108662757
20.5_20.5_2_1_0.5_0.3_0.2_0.1_0_0_0_0_0_0_0_0_0_0_0_0_0	4N	34	0	SUM-159_NLS_4N_O2_A19_seed	SUM-159_NLS_4N_O2_A19	106	4.72110552763819	0.715231441107651	-0.335149094808829	138	oxygen-deprived	0.0287530227580954
20.5_20.5_2_1_0.5_0.3_0.2_0.1_0_0_0_0_0_0_0_0_0_0_0_0_0	4N	34	0	SUM-159_NLS_4N_O2_A19_seed	SUM-159_NLS_4N_O2_A19	107	4.76130653266332	0.660982478293754	-0.414027947358109	138	oxygen-deprived	0.0265721599314062
20.5_20.5_2_1_0.5_0.3_0.2_0.1_0_0_0_0_0_0_0_0_0_0_0_0_0	4N	34	0	SUM-159_NLS_4N_O2_A19_seed	SUM-159_NLS_4N_O2_A19	108	4.80150753768844	0.607243871209716	-0.498824803847838	138	oxygen-deprived	0.0244118139179776
20.5_20.5_2_1_0.5_0.3_0.2_0.1_0_0_0_0_0_0_0_0_0_0_0_0_0	4N	34	0	SUM-159_NLS_4N_O2_A19_seed	SUM-159_NLS_4N_O2_A19	109	4.84170854271357	0.552177188993237	-0.593886289659805	138	oxygen-deprived	0.022198077949476
20.5_20.5_2_1_0.5_0.3_0.2_0.1_0_0_0_0_0_0_0_0_0_0_0_0_0	4N	34	0	SUM-159_NLS_4N_O2_A19_seed	SUM-159_NLS_4N_O2_A19	110	4.88190954773869	0.502977380766093	-0.687210078549396	138	oxygen-deprived	0.0202201962117015
20.5_20.5_2_1_0.5_0.3_0.2_0.1_0_0_0_0_0_0_0_0_0_0_0_0_0	4N	34	0	SUM-159_NLS_4N_O2_A19_seed	SUM-159_NLS_4N_O2_A19	111	4.92211055276382	0.452347286786773	-0.793305060568005	138	oxygen-deprived	0.0181848155492163
20.5_20.5_2_1_0.5_0.3_0.2_0.1_0_0_0_0_0_0_0_0_0_0_0_0_0	4N	34	0	SUM-159_NLS_4N_O2_A19_seed	SUM-159_NLS_4N_O2_A19	112	4.96231155778894	0.401634770314034	-0.912212134885186	138	oxygen-deprived	0.016146121419659
20.5_20.5_2_1_0.5_0.3_0.2_0.1_0_0_0_0_0_0_0_0_0_0_0_0_0	4N	34	0	SUM-159_NLS_4N_O2_A19_seed	SUM-159_NLS_4N_O2_A19	113	5.00251256281407	0.354268999049017	-1.03769877009502	138	oxygen-deprived	0.0142419698110152
20.5_20.5_2_1_0.5_0.3_0.2_0.1_0_0_0_0_0_0_0_0_0_0_0_0_0	4N	34	0	SUM-159_NLS_4N_O2_A19_seed	SUM-159_NLS_4N_O2_A19	114	5.0427135678392	0.307641787510381	-1.17881920041366	138	oxygen-deprived	0.012367509045643
20.5_20.5_2_1_0.5_0.3_0.2_0.1_0_0_0_0_0_0_0_0_0_0_0_0_0	4N	34	0	SUM-159_NLS_4N_O2_A19_seed	SUM-159_NLS_4N_O2_A19	115	5.08291457286432	0.266174350757998	-1.32360373093914	138	oxygen-deprived	0.0107004764123814
20.5_20.5_2_1_0.5_0.3_0.2_0.1_0_0_0_0_0_0_0_0_0_0_0_0_0	4N	34	0	SUM-159_NLS_4N_O2_A19_seed	SUM-159_NLS_4N_O2_A19	116	5.12311557788945	0.228171329370404	-1.4776584876138	138	oxygen-deprived	0.00917271675860886
20.5_20.5_2_1_0.5_0.3_0.2_0.1_0_0_0_0_0_0_0_0_0_0_0_0_0	4N	34	0	SUM-159_NLS_4N_O2_A19_seed	SUM-159_NLS_4N_O2_A19	117	5.16331658291457	0.19483310821379	-1.63561194218555	138	oxygen-deprived	0.00783248676236312
20.5_20.5_2_1_0.5_0.3_0.2_0.1_0_0_0_0_0_0_0_0_0_0_0_0_0	4N	34	0	SUM-159_NLS_4N_O2_A19_seed	SUM-159_NLS_4N_O2_A19	118	5.2035175879397	0.165172148009406	-1.8007670276938	138	oxygen-deprived	0.00664008635213667
20.5_20.5_2_1_0.5_0.3_0.2_0.1_0_0_0_0_0_0_0_0_0_0_0_0_0	4N	34	0	SUM-159_NLS_4N_O2_A19_seed	SUM-159_NLS_4N_O2_A19	119	5.24371859296482	0.142245891389099	-1.950198089422	138	oxygen-deprived	0.00571842779453643
20.5_20.5_2_1_0.5_0.3_0.2_0.1_0_0_0_0_0_0_0_0_0_0_0_0_0	4N	34	0	SUM-159_NLS_4N_O2_A19_seed	SUM-159_NLS_4N_O2_A19	120	5.28391959798995	0.122889221116663	-2.09647197075875	138	oxygen-deprived	0.00494027019564456
20.5_20.5_2_1_0.5_0.3_0.2_0.1_0_0_0_0_0_0_0_0_0_0_0_0_0	4N	34	0	SUM-159_NLS_4N_O2_A19_seed	SUM-159_NLS_4N_O2_A19	121	5.32412060301508	0.103404064539659	-2.2691110087862	138	oxygen-deprived	0.00415694731817709
20.5_20.5_2_1_0.5_0.3_0.2_0.1_0_0_0_0_0_0_0_0_0_0_0_0_0	4N	34	0	SUM-159_NLS_4N_O2_A19_seed	SUM-159_NLS_4N_O2_A19	122	5.3643216080402	0.0862645227624157	-2.45033685739087	138	oxygen-deprived	0.00346792051306181
20.5_20.5_2_1_0.5_0.3_0.2_0.1_0_0_0_0_0_0_0_0_0_0_0_0_0	4N	34	0	SUM-159_NLS_4N_O2_A19_seed	SUM-159_NLS_4N_O2_A19	123	5.40452261306533	0.0708859878242859	-2.6466824979198	138	oxygen-deprived	0.002849687952735
20.5_20.5_2_1_0.5_0.3_0.2_0.1_0_0_0_0_0_0_0_0_0_0_0_0_0	4N	34	0	SUM-159_NLS_4N_O2_A19_seed	SUM-159_NLS_4N_O2_A19	124	5.44472361809045	0.0579839947005353	-2.84758825995692	138	oxygen-deprived	0.00233101486233299
20.5_20.5_2_1_0.5_0.3_0.2_0.1_0_0_0_0_0_0_0_0_0_0_0_0_0	4N	34	0	SUM-159_NLS_4N_O2_A19_seed	SUM-159_NLS_4N_O2_A19	125	5.48492462311558	0.0489176478278009	-3.01761705133466	138	oxygen-deprived	0.00196653860614267
20.5_20.5_2_1_0.5_0.3_0.2_0.1_0_0_0_0_0_0_0_0_0_0_0_0_0	4N	34	0	SUM-159_NLS_4N_O2_A19_seed	SUM-159_NLS_4N_O2_A19	126	5.5251256281407	0.039953384783603	-3.22004188486191	138	oxygen-deprived	0.00160616622245634
20.5_20.5_2_1_0.5_0.3_0.2_0.1_0_0_0_0_0_0_0_0_0_0_0_0_0	4N	34	0	SUM-159_NLS_4N_O2_A19_seed	SUM-159_NLS_4N_O2_A19	127	5.56532663316583	0.0325935451789264	-3.42364101086062	138	oxygen-deprived	0.00131029327352463
20.5_20.5_2_1_0.5_0.3_0.2_0.1_0_0_0_0_0_0_0_0_0_0_0_0_0	4N	34	0	SUM-159_NLS_4N_O2_A19_seed	SUM-159_NLS_4N_O2_A19	128	5.60552763819095	0.0269739668034426	-3.61288307057546	138	oxygen-deprived	0.00108438057501273
20.5_20.5_2_1_0.5_0.3_0.2_0.1_0_0_0_0_0_0_0_0_0_0_0_0_0	4N	34	0	SUM-159_NLS_4N_O2_A19_seed	SUM-159_NLS_4N_O2_A19	129	5.64572864321608	0.022028888972143	-3.81540055193429	138	oxygen-deprived	0.000885583476267022
20.5_20.5_2_1_0.5_0.3_0.2_0.1_0_0_0_0_0_0_0_0_0_0_0_0_0	4N	34	0	SUM-159_NLS_4N_O2_A19_seed	SUM-159_NLS_4N_O2_A19	130	5.68592964824121	0.0172479476687352	-4.06006211830844	138	oxygen-deprived	0.000693384830903901
20.5_20.5_2_1_0.5_0.3_0.2_0.1_0_0_0_0_0_0_0_0_0_0_0_0_0	4N	34	0	SUM-159_NLS_4N_O2_A19_seed	SUM-159_NLS_4N_O2_A19	131	5.72613065326633	0.0133312383322546	-4.31764525096265	138	oxygen-deprived	0.000535929179186094
20.5_20.5_2_1_0.5_0.3_0.2_0.1_0_0_0_0_0_0_0_0_0_0_0_0_0	4N	34	0	SUM-159_NLS_4N_O2_A19_seed	SUM-159_NLS_4N_O2_A19	132	5.76633165829146	0.0104776507867946	-4.5585107867826	138	oxygen-deprived	0.000421212091931425
20.5_20.5_2_1_0.5_0.3_0.2_0.1_0_0_0_0_0_0_0_0_0_0_0_0_0	4N	34	0	SUM-159_NLS_4N_O2_A19_seed	SUM-159_NLS_4N_O2_A19	133	5.80653266331658	0.00817047409883636	-4.80722834256052	138	oxygen-deprived	0.000328461270304967
20.5_20.5_2_1_0.5_0.3_0.2_0.1_0_0_0_0_0_0_0_0_0_0_0_0_0	4N	34	0	SUM-159_NLS_4N_O2_A19_seed	SUM-159_NLS_4N_O2_A19	134	5.84673366834171	0.00696342860298611	-4.96708331055936	138	oxygen-deprived	0.000279936828260737
20.5_20.5_2_1_0.5_0.3_0.2_0.1_0_0_0_0_0_0_0_0_0_0_0_0_0	4N	34	0	SUM-159_NLS_4N_O2_A19_seed	SUM-159_NLS_4N_O2_A19	135	5.88693467336683	0.00576763166632286	-5.15549373916561	138	oxygen-deprived	0.00023186458960091
20.5_20.5_2_1_0.5_0.3_0.2_0.1_0_0_0_0_0_0_0_0_0_0_0_0_0	4N	34	0	SUM-159_NLS_4N_O2_A19_seed	SUM-159_NLS_4N_O2_A19	136	5.92713567839196	0.00438898746178131	-5.42865672501712	138	oxygen-deprived	0.000176441707006277
20.5_20.5_2_1_0.5_0.3_0.2_0.1_0_0_0_0_0_0_0_0_0_0_0_0_0	4N	34	0	SUM-159_NLS_4N_O2_A19_seed	SUM-159_NLS_4N_O2_A19	137	5.96733668341709	0.00362567328450717	-5.61971527426471	138	oxygen-deprived	0.000145755709929931
20.5_20.5_2_1_0.5_0.3_0.2_0.1_0_0_0_0_0_0_0_0_0_0_0_0_0	4N	34	0	SUM-159_NLS_4N_O2_A19_seed	SUM-159_NLS_4N_O2_A19	138	6.00753768844221	0.00316914280812973	-5.75429413518971	138	oxygen-deprived	0.000127402725954959
20.5_20.5_2_1_0.5_0.3_0.2_0.1_0_0_0_0_0_0_0_0_0_0_0_0_0	4N	34	0	SUM-159_NLS_4N_O2_A19_seed	SUM-159_NLS_4N_O2_A19	139	6.04773869346734	0.00247928496084712	-5.99978508261716	138	oxygen-deprived	9.96697471697297e-05
20.5_20.5_2_1_0.5_0.3_0.2_0.1_0_0_0_0_0_0_0_0_0_0_0_0_0	4N	34	0	SUM-159_NLS_4N_O2_A19_seed	SUM-159_NLS_4N_O2_A19	140	6.08793969849246	0.00207255162331223	-6.17897476254985	138	oxygen-deprived	8.33186582236041e-05
20.5_20.5_2_1_0.5_0.3_0.2_0.1_0_0_0_0_0_0_0_0_0_0_0_0_0	4N	34	0	SUM-159_NLS_4N_O2_A19_seed	SUM-159_NLS_4N_O2_A19	141	6.12814070351759	0.00151116987212722	-6.49487117836585	138	oxygen-deprived	6.07505476232025e-05
20.5_20.5_2_1_0.5_0.3_0.2_0.1_0_0_0_0_0_0_0_0_0_0_0_0_0	4N	34	0	SUM-159_NLS_4N_O2_A19_seed	SUM-159_NLS_4N_O2_A19	142	6.16834170854271	0.00115993667274368	-6.75938986781643	138	oxygen-deprived	4.66306200097944e-05
20.5_20.5_2_1_0.5_0.3_0.2_0.1_0_0_0_0_0_0_0_0_0_0_0_0_0	4N	34	0	SUM-159_NLS_4N_O2_A19_seed	SUM-159_NLS_4N_O2_A19	143	6.20854271356784	0.00105045195102006	-6.85853477787801	138	oxygen-deprived	4.22292241616088e-05
20.5_20.5_2_1_0.5_0.3_0.2_0.1_0_0_0_0_0_0_0_0_0_0_0_0_0	4N	34	0	SUM-159_NLS_4N_O2_A19_seed	SUM-159_NLS_4N_O2_A19	144	6.24874371859296	0.000825855663025818	-7.09909054181197	138	oxygen-deprived	3.32002276593281e-05
20.5_20.5_2_1_0.5_0.3_0.2_0.1_0_0_0_0_0_0_0_0_0_0_0_0_0	4N	34	0	SUM-159_NLS_4N_O2_A19_seed	SUM-159_NLS_4N_O2_A19	145	6.28894472361809	0.000582023841912234	-7.44899914558696	138	oxygen-deprived	2.33979433934558e-05
20.5_20.5_2_1_0.5_0.3_0.2_0.1_0_0_0_0_0_0_0_0_0_0_0_0_0	4N	34	0	SUM-159_NLS_4N_O2_A19_seed	SUM-159_NLS_4N_O2_A19	146	6.32914572864322	0.000337673223747773	-7.99343192377331	138	oxygen-deprived	1.35748029647341e-05
20.5_20.5_2_1_0.5_0.3_0.2_0.1_0_0_0_0_0_0_0_0_0_0_0_0_0	4N	34	0	SUM-159_NLS_4N_O2_A19_seed	SUM-159_NLS_4N_O2_A19	147	6.36934673366834	0.000420753413793348	-7.77346361133543	138	oxygen-deprived	1.69147101022445e-05
20.5_20.5_2_1_0.5_0.3_0.2_0.1_0_0_0_0_0_0_0_0_0_0_0_0_0	4N	34	0	SUM-159_NLS_4N_O2_A19_seed	SUM-159_NLS_4N_O2_A19	148	6.40954773869347	0.000499890670473794	-7.60112114250387	138	oxygen-deprived	2.00961073557296e-05
20.5_20.5_2_1_0.5_0.3_0.2_0.1_0_0_0_0_0_0_0_0_0_0_0_0_0	4N	34	0	SUM-159_NLS_4N_O2_A19_seed	SUM-159_NLS_4N_O2_A19	149	6.44974874371859	0.000456626152152557	-7.69164554965999	138	oxygen-deprived	1.8356830237288e-05
20.5_20.5_2_1_0.5_0.3_0.2_0.1_0_0_0_0_0_0_0_0_0_0_0_0_0	4N	34	0	SUM-159_NLS_4N_O2_A19_seed	SUM-159_NLS_4N_O2_A19	150	6.48994974874372	0.000284760687875231	-8.1638614221	138	oxygen-deprived	1.144766584423e-05
20.5_20.5_2_1_0.5_0.3_0.2_0.1_0_0_0_0_0_0_0_0_0_0_0_0_0	4N	34	0	SUM-159_NLS_4N_O2_A19_seed	SUM-159_NLS_4N_O2_A19	151	6.53015075376884	0.000100755131125997	-9.20281742914404	138	oxygen-deprived	4.05045753270324e-06
20.5_20.5_2_1_0.5_0.3_0.2_0.1_0_0_0_0_0_0_0_0_0_0_0_0_0	4N	34	0	SUM-159_NLS_4N_O2_A19_seed	SUM-159_NLS_4N_O2_A19	152	6.57035175879397	8.5245115288425e-05	-9.36997974211178	138	oxygen-deprived	3.42693930807726e-06
20.5_20.5_2_1_0.5_0.3_0.2_0.1_0_0_0_0_0_0_0_0_0_0_0_0_0	4N	34	0	SUM-159_NLS_4N_O2_A19_seed	SUM-159_NLS_4N_O2_A19	153	6.6105527638191	0.000150305655641637	-8.80283963289376	138	oxygen-deprived	6.04243841775402e-06
20.5_20.5_2_1_0.5_0.3_0.2_0.1_0_0_0_0_0_0_0_0_0_0_0_0_0	4N	34	0	SUM-159_NLS_4N_O2_A19_seed	SUM-159_NLS_4N_O2_A19	154	6.65075376884422	0.000138322452537395	-8.88592298585144	138	oxygen-deprived	5.56070160954331e-06
20.5_20.5_2_1_0.5_0.3_0.2_0.1_0_0_0_0_0_0_0_0_0_0_0_0_0	4N	34	0	SUM-159_NLS_4N_O2_A19_seed	SUM-159_NLS_4N_O2_A19	155	6.69095477386935	8.1843866360105e-05	-9.41069719452253	138	oxygen-deprived	3.29020568281817e-06
20.5_20.5_2_1_0.5_0.3_0.2_0.1_0_0_0_0_0_0_0_0_0_0_0_0_0	4N	34	0	SUM-159_NLS_4N_O2_A19_seed	SUM-159_NLS_4N_O2_A19	156	6.73115577889447	6.51809680818433e-05	-9.63834303222816	138	oxygen-deprived	2.62034042540064e-06
20.5_20.5_2_1_0.5_0.3_0.2_0.1_0_0_0_0_0_0_0_0_0_0_0_0_0	4N	34	0	SUM-159_NLS_4N_O2_A19_seed	SUM-159_NLS_4N_O2_A19	157	6.7713567839196	5.04032364443773e-05	-9.89545516978244	138	oxygen-deprived	2.02626076158293e-06
20.5_20.5_2_1_0.5_0.3_0.2_0.1_0_0_0_0_0_0_0_0_0_0_0_0_0	4N	34	0	SUM-159_NLS_4N_O2_A19_seed	SUM-159_NLS_4N_O2_A19	158	6.81155778894472	1.50824753204092e-05	-11.1019770629392	138	oxygen-deprived	6.0633066614708e-07
20.5_20.5_2_1_0.5_0.3_0.2_0.1_0_0_0_0_0_0_0_0_0_0_0_0_0	4N	34	0	SUM-159_NLS_4N_O2_A19_seed	SUM-159_NLS_4N_O2_A19	159	6.85175879396985	3.27600758908361e-05	-10.326299982412	138	oxygen-deprived	1.31698797551095e-06
20.5_20.5_2_1_0.5_0.3_0.2_0.1_0_0_0_0_0_0_0_0_0_0_0_0_0	4N	34	0	SUM-159_NLS_4N_O2_A19_seed	SUM-159_NLS_4N_O2_A19	160	6.89195979899498	3.55366604050426e-05	-10.2449457068718	138	oxygen-deprived	1.42860946351925e-06
20.5_20.5_2_1_0.5_0.3_0.2_0.1_0_0_0_0_0_0_0_0_0_0_0_0_0	4N	34	0	SUM-159_NLS_4N_O2_A19_seed	SUM-159_NLS_4N_O2_A19	161	6.9321608040201	1.48673727300847e-05	-11.1163414956791	138	oxygen-deprived	5.97683325832528e-07
20.5_20.5_2_1_0.5_0.3_0.2_0.1_0_0_0_0_0_0_0_0_0_0_0_0_0	4N	34	0	SUM-159_NLS_4N_O2_A19_seed	SUM-159_NLS_4N_O2_A19	162	6.97236180904523	2.3251020932707e-05	-10.6691615158108	138	oxygen-deprived	9.3471440935502e-07
20.5_20.5_2_1_0.5_0.3_0.2_0.1_0_0_0_0_0_0_0_0_0_0_0_0_0	4N	34	0	SUM-159_NLS_4N_O2_A19_seed	SUM-159_NLS_4N_O2_A19	163	7.01256281407035	1.0626735307325e-05	-11.4521375334472	138	oxygen-deprived	4.27205439490436e-07
20.5_20.5_2_1_0.5_0.3_0.2_0.1_0_0_0_0_0_0_0_0_0_0_0_0_0	4N	34	0	SUM-159_NLS_4N_O2_A19_seed	SUM-159_NLS_4N_O2_A19	164	7.05276381909548	6.51114900477968e-07	-14.2445797118818	138	oxygen-deprived	2.6175473386048e-08
20.5_20.5_2_1_0.5_0.3_0.2_0.1_0_0_0_0_0_0_0_0_0_0_0_0_0	4N	34	0	SUM-159_NLS_4N_O2_A19_seed	SUM-159_NLS_4N_O2_A19	165	7.0929648241206	4.44629809877261e-09	-19.2311939748953	138	oxygen-deprived	1.78745652211957e-10
20.5_20.5_2_1_0.5_0.3_0.2_0.1_0_0_0_0_0_0_0_0_0_0_0_0_0	4N	34	0	SUM-159_NLS_4N_O2_A19_seed	SUM-159_NLS_4N_O2_A19	166	7.13316582914573	3.13775915938654e-12	-26.4875122142806	138	oxygen-deprived	1.26141071734127e-13
20.5_20.5_2_1_0.5_0.3_0.2_0.1_0_0_0_0_0_0_0_0_0_0_0_0_0	4N	34	0	SUM-159_NLS_4N_O2_A19_seed	SUM-159_NLS_4N_O2_A19	167	7.17336683417085	9.99995972321359e-13	-27.6310251436153	138	oxygen-deprived	4.02008431083948e-14
20.5_20.5_2_1_0.5_0.3_0.2_0.1_0_0_0_0_0_0_0_0_0_0_0_0_0	4N	34	0	SUM-159_NLS_4N_O2_A19_seed	SUM-159_NLS_4N_O2_A19	168	7.21356783919598	9.99995972321359e-13	-27.6310251436153	138	oxygen-deprived	4.02008431083948e-14
20.5_20.5_2_1_0.5_0.3_0.2_0.1_0_0_0_0_0_0_0_0_0_0_0_0_0	4N	34	0	SUM-159_NLS_4N_O2_A19_seed	SUM-159_NLS_4N_O2_A19	169	7.25376884422111	9.99995972321359e-13	-27.6310251436153	138	oxygen-deprived	4.02008431083948e-14
20.5_20.5_2_1_0.5_0.3_0.2_0.1_0_0_0_0_0_0_0_0_0_0_0_0_0	4N	34	0	SUM-159_NLS_4N_O2_A19_seed	SUM-159_NLS_4N_O2_A19	170	7.29396984924623	9.99995972321359e-13	-27.6310251436153	138	oxygen-deprived	4.02008431083948e-14
20.5_20.5_2_1_0.5_0.3_0.2_0.1_0_0_0_0_0_0_0_0_0_0_0_0_0	4N	34	0	SUM-159_NLS_4N_O2_A19_seed	SUM-159_NLS_4N_O2_A19	171	7.33417085427136	9.99995972321359e-13	-27.6310251436153	138	oxygen-deprived	4.02008431083948e-14
20.5_20.5_2_1_0.5_0.3_0.2_0.1_0_0_0_0_0_0_0_0_0_0_0_0_0	4N	34	0	SUM-159_NLS_4N_O2_A19_seed	SUM-159_NLS_4N_O2_A19	172	7.37437185929648	9.99995972321359e-13	-27.6310251436153	138	oxygen-deprived	4.02008431083948e-14
20.5_20.5_2_1_0.5_0.3_0.2_0.1_0_0_0_0_0_0_0_0_0_0_0_0_0	4N	34	0	SUM-159_NLS_4N_O2_A19_seed	SUM-159_NLS_4N_O2_A19	173	7.41457286432161	9.99995972321359e-13	-27.6310251436153	138	oxygen-deprived	4.02008431083948e-14
20.5_20.5_2_1_0.5_0.3_0.2_0.1_0_0_0_0_0_0_0_0_0_0_0_0_0	4N	34	0	SUM-159_NLS_4N_O2_A19_seed	SUM-159_NLS_4N_O2_A19	174	7.45477386934673	9.99995972321359e-13	-27.6310251436153	138	oxygen-deprived	4.02008431083948e-14
20.5_20.5_2_1_0.5_0.3_0.2_0.1_0_0_0_0_0_0_0_0_0_0_0_0_0	4N	34	0	SUM-159_NLS_4N_O2_A19_seed	SUM-159_NLS_4N_O2_A19	175	7.49497487437186	9.99995972321359e-13	-27.6310251436153	138	oxygen-deprived	4.02008431083948e-14
20.5_20.5_2_1_0.5_0.3_0.2_0.1_0_0_0_0_0_0_0_0_0_0_0_0_0	4N	34	0	SUM-159_NLS_4N_O2_A19_seed	SUM-159_NLS_4N_O2_A19	176	7.53517587939699	9.99995972321359e-13	-27.6310251436153	138	oxygen-deprived	4.02008431083948e-14
20.5_20.5_2_1_0.5_0.3_0.2_0.1_0_0_0_0_0_0_0_0_0_0_0_0_0	4N	34	0	SUM-159_NLS_4N_O2_A19_seed	SUM-159_NLS_4N_O2_A19	177	7.57537688442211	9.99995972321359e-13	-27.6310251436153	138	oxygen-deprived	4.02008431083948e-14
20.5_20.5_2_1_0.5_0.3_0.2_0.1_0_0_0_0_0_0_0_0_0_0_0_0_0	4N	34	0	SUM-159_NLS_4N_O2_A19_seed	SUM-159_NLS_4N_O2_A19	178	7.61557788944724	9.99995972321359e-13	-27.6310251436153	138	oxygen-deprived	4.02008431083948e-14
20.5_20.5_2_1_0.5_0.3_0.2_0.1_0_0_0_0_0_0_0_0_0_0_0_0_0	4N	34	0	SUM-159_NLS_4N_O2_A19_seed	SUM-159_NLS_4N_O2_A19	179	7.65577889447236	9.99995972321359e-13	-27.6310251436153	138	oxygen-deprived	4.02008431083948e-14
20.5_20.5_2_1_0.5_0.3_0.2_0.1_0_0_0_0_0_0_0_0_0_0_0_0_0	4N	34	0	SUM-159_NLS_4N_O2_A19_seed	SUM-159_NLS_4N_O2_A19	180	7.69597989949749	9.99995972321359e-13	-27.6310251436153	138	oxygen-deprived	4.02008431083948e-14
20.5_20.5_2_1_0.5_0.3_0.2_0.1_0_0_0_0_0_0_0_0_0_0_0_0_0	4N	34	0	SUM-159_NLS_4N_O2_A19_seed	SUM-159_NLS_4N_O2_A19	181	7.73618090452261	9.99995972321359e-13	-27.6310251436153	138	oxygen-deprived	4.02008431083948e-14
20.5_20.5_2_1_0.5_0.3_0.2_0.1_0_0_0_0_0_0_0_0_0_0_0_0_0	4N	34	0	SUM-159_NLS_4N_O2_A19_seed	SUM-159_NLS_4N_O2_A19	182	7.77638190954774	9.99995972321359e-13	-27.6310251436153	138	oxygen-deprived	4.02008431083948e-14
20.5_20.5_2_1_0.5_0.3_0.2_0.1_0_0_0_0_0_0_0_0_0_0_0_0_0	4N	34	0	SUM-159_NLS_4N_O2_A19_seed	SUM-159_NLS_4N_O2_A19	183	7.81658291457286	9.99995972321359e-13	-27.6310251436153	138	oxygen-deprived	4.02008431083948e-14
20.5_20.5_2_1_0.5_0.3_0.2_0.1_0_0_0_0_0_0_0_0_0_0_0_0_0	4N	34	0	SUM-159_NLS_4N_O2_A19_seed	SUM-159_NLS_4N_O2_A19	184	7.85678391959799	9.99995972321359e-13	-27.6310251436153	138	oxygen-deprived	4.02008431083948e-14
20.5_20.5_2_1_0.5_0.3_0.2_0.1_0_0_0_0_0_0_0_0_0_0_0_0_0	4N	34	0	SUM-159_NLS_4N_O2_A19_seed	SUM-159_NLS_4N_O2_A19	185	7.89698492462312	9.99995972321359e-13	-27.6310251436153	138	oxygen-deprived	4.02008431083948e-14
20.5_20.5_2_1_0.5_0.3_0.2_0.1_0_0_0_0_0_0_0_0_0_0_0_0_0	4N	34	0	SUM-159_NLS_4N_O2_A19_seed	SUM-159_NLS_4N_O2_A19	186	7.93718592964824	9.99995972321359e-13	-27.6310251436153	138	oxygen-deprived	4.02008431083948e-14
20.5_20.5_2_1_0.5_0.3_0.2_0.1_0_0_0_0_0_0_0_0_0_0_0_0_0	4N	34	0	SUM-159_NLS_4N_O2_A19_seed	SUM-159_NLS_4N_O2_A19	187	7.97738693467337	9.99995972321359e-13	-27.6310251436153	138	oxygen-deprived	4.02008431083948e-14
20.5_20.5_2_1_0.5_0.3_0.2_0.1_0_0_0_0_0_0_0_0_0_0_0_0_0	4N	34	0	SUM-159_NLS_4N_O2_A19_seed	SUM-159_NLS_4N_O2_A19	188	8.01758793969849	9.99995972321359e-13	-27.6310251436153	138	oxygen-deprived	4.02008431083948e-14
20.5_20.5_2_1_0.5_0.3_0.2_0.1_0_0_0_0_0_0_0_0_0_0_0_0_0	4N	34	0	SUM-159_NLS_4N_O2_A19_seed	SUM-159_NLS_4N_O2_A19	189	8.05778894472362	9.99995972321359e-13	-27.6310251436153	138	oxygen-deprived	4.02008431083948e-14
20.5_20.5_2_1_0.5_0.3_0.2_0.1_0_0_0_0_0_0_0_0_0_0_0_0_0	4N	34	0	SUM-159_NLS_4N_O2_A19_seed	SUM-159_NLS_4N_O2_A19	190	8.09798994974874	9.99995972321359e-13	-27.6310251436153	138	oxygen-deprived	4.02008431083948e-14
20.5_20.5_2_1_0.5_0.3_0.2_0.1_0_0_0_0_0_0_0_0_0_0_0_0_0	4N	34	0	SUM-159_NLS_4N_O2_A19_seed	SUM-159_NLS_4N_O2_A19	191	8.13819095477387	9.99995972321359e-13	-27.6310251436153	138	oxygen-deprived	4.02008431083948e-14
20.5_20.5_2_1_0.5_0.3_0.2_0.1_0_0_0_0_0_0_0_0_0_0_0_0_0	4N	34	0	SUM-159_NLS_4N_O2_A19_seed	SUM-159_NLS_4N_O2_A19	192	8.178391959799	9.99995972321359e-13	-27.6310251436153	138	oxygen-deprived	4.02008431083948e-14
20.5_20.5_2_1_0.5_0.3_0.2_0.1_0_0_0_0_0_0_0_0_0_0_0_0_0	4N	34	0	SUM-159_NLS_4N_O2_A19_seed	SUM-159_NLS_4N_O2_A19	193	8.21859296482412	9.99995972321359e-13	-27.6310251436153	138	oxygen-deprived	4.02008431083948e-14
20.5_20.5_2_1_0.5_0.3_0.2_0.1_0_0_0_0_0_0_0_0_0_0_0_0_0	4N	34	0	SUM-159_NLS_4N_O2_A19_seed	SUM-159_NLS_4N_O2_A19	194	8.25879396984925	9.99995972321359e-13	-27.6310251436153	138	oxygen-deprived	4.02008431083948e-14
20.5_20.5_2_1_0.5_0.3_0.2_0.1_0_0_0_0_0_0_0_0_0_0_0_0_0	4N	34	0	SUM-159_NLS_4N_O2_A19_seed	SUM-159_NLS_4N_O2_A19	195	8.29899497487437	9.99995972321359e-13	-27.6310251436153	138	oxygen-deprived	4.02008431083948e-14
20.5_20.5_2_1_0.5_0.3_0.2_0.1_0_0_0_0_0_0_0_0_0_0_0_0_0	4N	34	0	SUM-159_NLS_4N_O2_A19_seed	SUM-159_NLS_4N_O2_A19	196	8.3391959798995	9.99995972321359e-13	-27.6310251436153	138	oxygen-deprived	4.02008431083948e-14
20.5_20.5_2_1_0.5_0.3_0.2_0.1_0_0_0_0_0_0_0_0_0_0_0_0_0	4N	34	0	SUM-159_NLS_4N_O2_A19_seed	SUM-159_NLS_4N_O2_A19	197	8.37939698492462	9.99995972321359e-13	-27.6310251436153	138	oxygen-deprived	4.02008431083948e-14
20.5_20.5_2_1_0.5_0.3_0.2_0.1_0_0_0_0_0_0_0_0_0_0_0_0_0	4N	34	0	SUM-159_NLS_4N_O2_A19_seed	SUM-159_NLS_4N_O2_A19	198	8.41959798994975	9.99995972321359e-13	-27.6310251436153	138	oxygen-deprived	4.02008431083948e-14
20.5_20.5_2_1_0.5_0.3_0.2_0.1_0_0_0_0_0_0_0_0_0_0_0_0_0	4N	34	0	SUM-159_NLS_4N_O2_A19_seed	SUM-159_NLS_4N_O2_A19	199	8.45979899497488	9.99995972321359e-13	-27.6310251436153	138	oxygen-deprived	4.02008431083948e-14
20.5_20.5_2_1_0.5_0.3_0.2_0.1_0_0_0_0_0_0_0_0_0_0_0_0_0	4N	34	0	SUM-159_NLS_4N_O2_A19_seed	SUM-159_NLS_4N_O2_A19	200	8.5	9.99995972321359e-13	-27.6310251436153	138	oxygen-deprived	4.02008431083948e-14
20.5_20.5_2_1_0.5_0.3_0.2_0.1_0_0_0_0_0_0_0_0_0_0_0_0_0_0_0_0	4N	37	0	SUM-159_NLS_4N_O1_A22_seed	SUM-159_NLS_4N_O1_A22	1	0.5	9.99941409579233e-13	-27.6310797080658	151	oxygen-deprived	4.01986496313246e-14
20.5_20.5_2_1_0.5_0.3_0.2_0.1_0_0_0_0_0_0_0_0_0_0_0_0_0_0_0_0	4N	37	0	SUM-159_NLS_4N_O1_A22_seed	SUM-159_NLS_4N_O1_A22	2	0.540201005025126	9.99941409579233e-13	-27.6310797080658	151	oxygen-deprived	4.01986496313246e-14
20.5_20.5_2_1_0.5_0.3_0.2_0.1_0_0_0_0_0_0_0_0_0_0_0_0_0_0_0_0	4N	37	0	SUM-159_NLS_4N_O1_A22_seed	SUM-159_NLS_4N_O1_A22	3	0.580402010050251	9.99941409579233e-13	-27.6310797080658	151	oxygen-deprived	4.01986496313246e-14
20.5_20.5_2_1_0.5_0.3_0.2_0.1_0_0_0_0_0_0_0_0_0_0_0_0_0_0_0_0	4N	37	0	SUM-159_NLS_4N_O1_A22_seed	SUM-159_NLS_4N_O1_A22	4	0.620603015075377	9.99941409579233e-13	-27.6310797080658	151	oxygen-deprived	4.01986496313246e-14
20.5_20.5_2_1_0.5_0.3_0.2_0.1_0_0_0_0_0_0_0_0_0_0_0_0_0_0_0_0	4N	37	0	SUM-159_NLS_4N_O1_A22_seed	SUM-159_NLS_4N_O1_A22	5	0.660804020100503	9.99941409579233e-13	-27.6310797080658	151	oxygen-deprived	4.01986496313246e-14
20.5_20.5_2_1_0.5_0.3_0.2_0.1_0_0_0_0_0_0_0_0_0_0_0_0_0_0_0_0	4N	37	0	SUM-159_NLS_4N_O1_A22_seed	SUM-159_NLS_4N_O1_A22	6	0.701005025125628	9.99941409579233e-13	-27.6310797080658	151	oxygen-deprived	4.01986496313246e-14
20.5_20.5_2_1_0.5_0.3_0.2_0.1_0_0_0_0_0_0_0_0_0_0_0_0_0_0_0_0	4N	37	0	SUM-159_NLS_4N_O1_A22_seed	SUM-159_NLS_4N_O1_A22	7	0.741206030150754	9.99941409579233e-13	-27.6310797080658	151	oxygen-deprived	4.01986496313246e-14
20.5_20.5_2_1_0.5_0.3_0.2_0.1_0_0_0_0_0_0_0_0_0_0_0_0_0_0_0_0	4N	37	0	SUM-159_NLS_4N_O1_A22_seed	SUM-159_NLS_4N_O1_A22	8	0.781407035175879	9.99941409579233e-13	-27.6310797080658	151	oxygen-deprived	4.01986496313246e-14
20.5_20.5_2_1_0.5_0.3_0.2_0.1_0_0_0_0_0_0_0_0_0_0_0_0_0_0_0_0	4N	37	0	SUM-159_NLS_4N_O1_A22_seed	SUM-159_NLS_4N_O1_A22	9	0.821608040201005	9.99941409579233e-13	-27.6310797080658	151	oxygen-deprived	4.01986496313246e-14
20.5_20.5_2_1_0.5_0.3_0.2_0.1_0_0_0_0_0_0_0_0_0_0_0_0_0_0_0_0	4N	37	0	SUM-159_NLS_4N_O1_A22_seed	SUM-159_NLS_4N_O1_A22	10	0.861809045226131	9.99941409579233e-13	-27.6310797080658	151	oxygen-deprived	4.01986496313246e-14
20.5_20.5_2_1_0.5_0.3_0.2_0.1_0_0_0_0_0_0_0_0_0_0_0_0_0_0_0_0	4N	37	0	SUM-159_NLS_4N_O1_A22_seed	SUM-159_NLS_4N_O1_A22	11	0.902010050251256	9.99941409579233e-13	-27.6310797080658	151	oxygen-deprived	4.01986496313246e-14
20.5_20.5_2_1_0.5_0.3_0.2_0.1_0_0_0_0_0_0_0_0_0_0_0_0_0_0_0_0	4N	37	0	SUM-159_NLS_4N_O1_A22_seed	SUM-159_NLS_4N_O1_A22	12	0.942211055276382	9.99941409579233e-13	-27.6310797080658	151	oxygen-deprived	4.01986496313246e-14
20.5_20.5_2_1_0.5_0.3_0.2_0.1_0_0_0_0_0_0_0_0_0_0_0_0_0_0_0_0	4N	37	0	SUM-159_NLS_4N_O1_A22_seed	SUM-159_NLS_4N_O1_A22	13	0.982412060301508	9.99941409579233e-13	-27.6310797080658	151	oxygen-deprived	4.01986496313246e-14
20.5_20.5_2_1_0.5_0.3_0.2_0.1_0_0_0_0_0_0_0_0_0_0_0_0_0_0_0_0	4N	37	0	SUM-159_NLS_4N_O1_A22_seed	SUM-159_NLS_4N_O1_A22	14	1.02261306532663	9.99941409579233e-13	-27.6310797080658	151	oxygen-deprived	4.01986496313246e-14
20.5_20.5_2_1_0.5_0.3_0.2_0.1_0_0_0_0_0_0_0_0_0_0_0_0_0_0_0_0	4N	37	0	SUM-159_NLS_4N_O1_A22_seed	SUM-159_NLS_4N_O1_A22	15	1.06281407035176	9.99941409579233e-13	-27.6310797080658	151	oxygen-deprived	4.01986496313246e-14
20.5_20.5_2_1_0.5_0.3_0.2_0.1_0_0_0_0_0_0_0_0_0_0_0_0_0_0_0_0	4N	37	0	SUM-159_NLS_4N_O1_A22_seed	SUM-159_NLS_4N_O1_A22	16	1.10301507537688	9.99941409579233e-13	-27.6310797080658	151	oxygen-deprived	4.01986496313246e-14
20.5_20.5_2_1_0.5_0.3_0.2_0.1_0_0_0_0_0_0_0_0_0_0_0_0_0_0_0_0	4N	37	0	SUM-159_NLS_4N_O1_A22_seed	SUM-159_NLS_4N_O1_A22	17	1.14321608040201	9.99941409579233e-13	-27.6310797080658	151	oxygen-deprived	4.01986496313246e-14
20.5_20.5_2_1_0.5_0.3_0.2_0.1_0_0_0_0_0_0_0_0_0_0_0_0_0_0_0_0	4N	37	0	SUM-159_NLS_4N_O1_A22_seed	SUM-159_NLS_4N_O1_A22	18	1.18341708542714	9.99941409579233e-13	-27.6310797080658	151	oxygen-deprived	4.01986496313246e-14
20.5_20.5_2_1_0.5_0.3_0.2_0.1_0_0_0_0_0_0_0_0_0_0_0_0_0_0_0_0	4N	37	0	SUM-159_NLS_4N_O1_A22_seed	SUM-159_NLS_4N_O1_A22	19	1.22361809045226	9.99941409579233e-13	-27.6310797080658	151	oxygen-deprived	4.01986496313246e-14
20.5_20.5_2_1_0.5_0.3_0.2_0.1_0_0_0_0_0_0_0_0_0_0_0_0_0_0_0_0	4N	37	0	SUM-159_NLS_4N_O1_A22_seed	SUM-159_NLS_4N_O1_A22	20	1.26381909547739	9.99941409579233e-13	-27.6310797080658	151	oxygen-deprived	4.01986496313246e-14
20.5_20.5_2_1_0.5_0.3_0.2_0.1_0_0_0_0_0_0_0_0_0_0_0_0_0_0_0_0	4N	37	0	SUM-159_NLS_4N_O1_A22_seed	SUM-159_NLS_4N_O1_A22	21	1.30402010050251	9.99941409579233e-13	-27.6310797080658	151	oxygen-deprived	4.01986496313246e-14
20.5_20.5_2_1_0.5_0.3_0.2_0.1_0_0_0_0_0_0_0_0_0_0_0_0_0_0_0_0	4N	37	0	SUM-159_NLS_4N_O1_A22_seed	SUM-159_NLS_4N_O1_A22	22	1.34422110552764	9.99941409579233e-13	-27.6310797080658	151	oxygen-deprived	4.01986496313246e-14
20.5_20.5_2_1_0.5_0.3_0.2_0.1_0_0_0_0_0_0_0_0_0_0_0_0_0_0_0_0	4N	37	0	SUM-159_NLS_4N_O1_A22_seed	SUM-159_NLS_4N_O1_A22	23	1.38442211055276	9.99941409579233e-13	-27.6310797080658	151	oxygen-deprived	4.01986496313246e-14
20.5_20.5_2_1_0.5_0.3_0.2_0.1_0_0_0_0_0_0_0_0_0_0_0_0_0_0_0_0	4N	37	0	SUM-159_NLS_4N_O1_A22_seed	SUM-159_NLS_4N_O1_A22	24	1.42462311557789	9.99941409579233e-13	-27.6310797080658	151	oxygen-deprived	4.01986496313246e-14
20.5_20.5_2_1_0.5_0.3_0.2_0.1_0_0_0_0_0_0_0_0_0_0_0_0_0_0_0_0	4N	37	0	SUM-159_NLS_4N_O1_A22_seed	SUM-159_NLS_4N_O1_A22	25	1.46482412060302	9.99941409579233e-13	-27.6310797080658	151	oxygen-deprived	4.01986496313246e-14
20.5_20.5_2_1_0.5_0.3_0.2_0.1_0_0_0_0_0_0_0_0_0_0_0_0_0_0_0_0	4N	37	0	SUM-159_NLS_4N_O1_A22_seed	SUM-159_NLS_4N_O1_A22	26	1.50502512562814	9.99941409579233e-13	-27.6310797080658	151	oxygen-deprived	4.01986496313246e-14
20.5_20.5_2_1_0.5_0.3_0.2_0.1_0_0_0_0_0_0_0_0_0_0_0_0_0_0_0_0	4N	37	0	SUM-159_NLS_4N_O1_A22_seed	SUM-159_NLS_4N_O1_A22	27	1.54522613065327	9.99941409579233e-13	-27.6310797080658	151	oxygen-deprived	4.01986496313246e-14
20.5_20.5_2_1_0.5_0.3_0.2_0.1_0_0_0_0_0_0_0_0_0_0_0_0_0_0_0_0	4N	37	0	SUM-159_NLS_4N_O1_A22_seed	SUM-159_NLS_4N_O1_A22	28	1.58542713567839	9.99941409579233e-13	-27.6310797080658	151	oxygen-deprived	4.01986496313246e-14
20.5_20.5_2_1_0.5_0.3_0.2_0.1_0_0_0_0_0_0_0_0_0_0_0_0_0_0_0_0	4N	37	0	SUM-159_NLS_4N_O1_A22_seed	SUM-159_NLS_4N_O1_A22	29	1.62562814070352	9.99941409579233e-13	-27.6310797080658	151	oxygen-deprived	4.01986496313246e-14
20.5_20.5_2_1_0.5_0.3_0.2_0.1_0_0_0_0_0_0_0_0_0_0_0_0_0_0_0_0	4N	37	0	SUM-159_NLS_4N_O1_A22_seed	SUM-159_NLS_4N_O1_A22	30	1.66582914572864	9.99941409579233e-13	-27.6310797080658	151	oxygen-deprived	4.01986496313246e-14
20.5_20.5_2_1_0.5_0.3_0.2_0.1_0_0_0_0_0_0_0_0_0_0_0_0_0_0_0_0	4N	37	0	SUM-159_NLS_4N_O1_A22_seed	SUM-159_NLS_4N_O1_A22	31	1.70603015075377	9.99941409579233e-13	-27.6310797080658	151	oxygen-deprived	4.01986496313246e-14
20.5_20.5_2_1_0.5_0.3_0.2_0.1_0_0_0_0_0_0_0_0_0_0_0_0_0_0_0_0	4N	37	0	SUM-159_NLS_4N_O1_A22_seed	SUM-159_NLS_4N_O1_A22	32	1.74623115577889	9.99941409579233e-13	-27.6310797080658	151	oxygen-deprived	4.01986496313246e-14
20.5_20.5_2_1_0.5_0.3_0.2_0.1_0_0_0_0_0_0_0_0_0_0_0_0_0_0_0_0	4N	37	0	SUM-159_NLS_4N_O1_A22_seed	SUM-159_NLS_4N_O1_A22	33	1.78643216080402	9.99941409579233e-13	-27.6310797080658	151	oxygen-deprived	4.01986496313246e-14
20.5_20.5_2_1_0.5_0.3_0.2_0.1_0_0_0_0_0_0_0_0_0_0_0_0_0_0_0_0	4N	37	0	SUM-159_NLS_4N_O1_A22_seed	SUM-159_NLS_4N_O1_A22	34	1.82663316582915	9.99941409579233e-13	-27.6310797080658	151	oxygen-deprived	4.01986496313246e-14
20.5_20.5_2_1_0.5_0.3_0.2_0.1_0_0_0_0_0_0_0_0_0_0_0_0_0_0_0_0	4N	37	0	SUM-159_NLS_4N_O1_A22_seed	SUM-159_NLS_4N_O1_A22	35	1.86683417085427	9.99941409579233e-13	-27.6310797080658	151	oxygen-deprived	4.01986496313246e-14
20.5_20.5_2_1_0.5_0.3_0.2_0.1_0_0_0_0_0_0_0_0_0_0_0_0_0_0_0_0	4N	37	0	SUM-159_NLS_4N_O1_A22_seed	SUM-159_NLS_4N_O1_A22	36	1.9070351758794	9.99941409579233e-13	-27.6310797080658	151	oxygen-deprived	4.01986496313246e-14
20.5_20.5_2_1_0.5_0.3_0.2_0.1_0_0_0_0_0_0_0_0_0_0_0_0_0_0_0_0	4N	37	0	SUM-159_NLS_4N_O1_A22_seed	SUM-159_NLS_4N_O1_A22	37	1.94723618090452	9.99941409579233e-13	-27.6310797080658	151	oxygen-deprived	4.01986496313246e-14
20.5_20.5_2_1_0.5_0.3_0.2_0.1_0_0_0_0_0_0_0_0_0_0_0_0_0_0_0_0	4N	37	0	SUM-159_NLS_4N_O1_A22_seed	SUM-159_NLS_4N_O1_A22	38	1.98743718592965	9.99941409579233e-13	-27.6310797080658	151	oxygen-deprived	4.01986496313246e-14
20.5_20.5_2_1_0.5_0.3_0.2_0.1_0_0_0_0_0_0_0_0_0_0_0_0_0_0_0_0	4N	37	0	SUM-159_NLS_4N_O1_A22_seed	SUM-159_NLS_4N_O1_A22	39	2.02763819095477	9.99941409579233e-13	-27.6310797080658	151	oxygen-deprived	4.01986496313246e-14
20.5_20.5_2_1_0.5_0.3_0.2_0.1_0_0_0_0_0_0_0_0_0_0_0_0_0_0_0_0	4N	37	0	SUM-159_NLS_4N_O1_A22_seed	SUM-159_NLS_4N_O1_A22	40	2.0678391959799	9.99941409579233e-13	-27.6310797080658	151	oxygen-deprived	4.01986496313246e-14
20.5_20.5_2_1_0.5_0.3_0.2_0.1_0_0_0_0_0_0_0_0_0_0_0_0_0_0_0_0	4N	37	0	SUM-159_NLS_4N_O1_A22_seed	SUM-159_NLS_4N_O1_A22	41	2.10804020100502	9.99941409579233e-13	-27.6310797080658	151	oxygen-deprived	4.01986496313246e-14
20.5_20.5_2_1_0.5_0.3_0.2_0.1_0_0_0_0_0_0_0_0_0_0_0_0_0_0_0_0	4N	37	0	SUM-159_NLS_4N_O1_A22_seed	SUM-159_NLS_4N_O1_A22	42	2.14824120603015	9.99941409579233e-13	-27.6310797080658	151	oxygen-deprived	4.01986496313246e-14
20.5_20.5_2_1_0.5_0.3_0.2_0.1_0_0_0_0_0_0_0_0_0_0_0_0_0_0_0_0	4N	37	0	SUM-159_NLS_4N_O1_A22_seed	SUM-159_NLS_4N_O1_A22	43	2.18844221105528	9.99941409579233e-13	-27.6310797080658	151	oxygen-deprived	4.01986496313246e-14
20.5_20.5_2_1_0.5_0.3_0.2_0.1_0_0_0_0_0_0_0_0_0_0_0_0_0_0_0_0	4N	37	0	SUM-159_NLS_4N_O1_A22_seed	SUM-159_NLS_4N_O1_A22	44	2.2286432160804	9.99941409579233e-13	-27.6310797080658	151	oxygen-deprived	4.01986496313246e-14
20.5_20.5_2_1_0.5_0.3_0.2_0.1_0_0_0_0_0_0_0_0_0_0_0_0_0_0_0_0	4N	37	0	SUM-159_NLS_4N_O1_A22_seed	SUM-159_NLS_4N_O1_A22	45	2.26884422110553	9.99941409579233e-13	-27.6310797080658	151	oxygen-deprived	4.01986496313246e-14
20.5_20.5_2_1_0.5_0.3_0.2_0.1_0_0_0_0_0_0_0_0_0_0_0_0_0_0_0_0	4N	37	0	SUM-159_NLS_4N_O1_A22_seed	SUM-159_NLS_4N_O1_A22	46	2.30904522613065	3.49525005281817e-09	-19.4718609179492	151	oxygen-deprived	1.40512564937409e-10
20.5_20.5_2_1_0.5_0.3_0.2_0.1_0_0_0_0_0_0_0_0_0_0_0_0_0_0_0_0	4N	37	0	SUM-159_NLS_4N_O1_A22_seed	SUM-159_NLS_4N_O1_A22	47	2.34924623115578	7.39447499484609e-06	-11.8147774589335	151	oxygen-deprived	2.97265326425963e-07
20.5_20.5_2_1_0.5_0.3_0.2_0.1_0_0_0_0_0_0_0_0_0_0_0_0_0_0_0_0	4N	37	0	SUM-159_NLS_4N_O1_A22_seed	SUM-159_NLS_4N_O1_A22	48	2.3894472361809	3.99184163843854e-05	-10.1286727770377	151	oxygen-deprived	1.60476045766368e-06
20.5_20.5_2_1_0.5_0.3_0.2_0.1_0_0_0_0_0_0_0_0_0_0_0_0_0_0_0_0	4N	37	0	SUM-159_NLS_4N_O1_A22_seed	SUM-159_NLS_4N_O1_A22	49	2.42964824120603	0.000106877084993267	-9.14383112218871	151	oxygen-deprived	4.29656623088496e-06
20.5_20.5_2_1_0.5_0.3_0.2_0.1_0_0_0_0_0_0_0_0_0_0_0_0_0_0_0_0	4N	37	0	SUM-159_NLS_4N_O1_A22_seed	SUM-159_NLS_4N_O1_A22	50	2.46984924623116	0.000106474841802799	-9.1476018279246	151	oxygen-deprived	4.28039565036363e-06
20.5_20.5_2_1_0.5_0.3_0.2_0.1_0_0_0_0_0_0_0_0_0_0_0_0_0_0_0_0	4N	37	0	SUM-159_NLS_4N_O1_A22_seed	SUM-159_NLS_4N_O1_A22	51	2.51005025125628	0.000357607473532417	-7.93607461574343	151	oxygen-deprived	1.43761798404987e-05
20.5_20.5_2_1_0.5_0.3_0.2_0.1_0_0_0_0_0_0_0_0_0_0_0_0_0_0_0_0	4N	37	0	SUM-159_NLS_4N_O1_A22_seed	SUM-159_NLS_4N_O1_A22	52	2.55025125628141	0.000992156829830307	-6.91562936858803	151	oxygen-deprived	3.98857017017195e-05
20.5_20.5_2_1_0.5_0.3_0.2_0.1_0_0_0_0_0_0_0_0_0_0_0_0_0_0_0_0	4N	37	0	SUM-159_NLS_4N_O1_A22_seed	SUM-159_NLS_4N_O1_A22	53	2.59045226130653	0.00158093828325968	-6.44973675803814	151	oxygen-deprived	6.35553078697337e-05
20.5_20.5_2_1_0.5_0.3_0.2_0.1_0_0_0_0_0_0_0_0_0_0_0_0_0_0_0_0	4N	37	0	SUM-159_NLS_4N_O1_A22_seed	SUM-159_NLS_4N_O1_A22	54	2.63065326633166	0.00303333284211408	-5.79809331606787	151	oxygen-deprived	0.000121943028828703
20.5_20.5_2_1_0.5_0.3_0.2_0.1_0_0_0_0_0_0_0_0_0_0_0_0_0_0_0_0	4N	37	0	SUM-159_NLS_4N_O1_A22_seed	SUM-159_NLS_4N_O1_A22	55	2.67085427135678	0.00606045528185112	-5.10597035270462	151	oxygen-deprived	0.000243636393240238
20.5_20.5_2_1_0.5_0.3_0.2_0.1_0_0_0_0_0_0_0_0_0_0_0_0_0_0_0_0	4N	37	0	SUM-159_NLS_4N_O1_A22_seed	SUM-159_NLS_4N_O1_A22	56	2.71105527638191	0.0104208881720204	-4.56394300905136	151	oxygen-deprived	0.00041893017776965
20.5_20.5_2_1_0.5_0.3_0.2_0.1_0_0_0_0_0_0_0_0_0_0_0_0_0_0_0_0	4N	37	0	SUM-159_NLS_4N_O1_A22_seed	SUM-159_NLS_4N_O1_A22	57	2.75125628140704	0.0165044682506883	-4.10412413166412	151	oxygen-deprived	0.000663496211082924
20.5_20.5_2_1_0.5_0.3_0.2_0.1_0_0_0_0_0_0_0_0_0_0_0_0_0_0_0_0	4N	37	0	SUM-159_NLS_4N_O1_A22_seed	SUM-159_NLS_4N_O1_A22	58	2.79145728643216	0.0285029823381239	-3.55774655373933	151	oxygen-deprived	0.00114584853620595
20.5_20.5_2_1_0.5_0.3_0.2_0.1_0_0_0_0_0_0_0_0_0_0_0_0_0_0_0_0	4N	37	0	SUM-159_NLS_4N_O1_A22_seed	SUM-159_NLS_4N_O1_A22	59	2.83165829145729	0.0458161848922069	-3.08311786836077	151	oxygen-deprived	0.00184185667908363
20.5_20.5_2_1_0.5_0.3_0.2_0.1_0_0_0_0_0_0_0_0_0_0_0_0_0_0_0_0	4N	37	0	SUM-159_NLS_4N_O1_A22_seed	SUM-159_NLS_4N_O1_A22	60	2.87185929648241	0.0720106986618654	-2.63094057847895	151	oxygen-deprived	0.00289490245876836
20.5_20.5_2_1_0.5_0.3_0.2_0.1_0_0_0_0_0_0_0_0_0_0_0_0_0_0_0_0	4N	37	0	SUM-159_NLS_4N_O1_A22_seed	SUM-159_NLS_4N_O1_A22	61	2.91206030150754	0.107371954288034	-2.23145626426713	151	oxygen-deprived	0.00431646047389067
20.5_20.5_2_1_0.5_0.3_0.2_0.1_0_0_0_0_0_0_0_0_0_0_0_0_0_0_0_0	4N	37	0	SUM-159_NLS_4N_O1_A22_seed	SUM-159_NLS_4N_O1_A22	62	2.95226130653266	0.15755008558312	-1.84801186756656	151	oxygen-deprived	0.00633367178223576
20.5_20.5_2_1_0.5_0.3_0.2_0.1_0_0_0_0_0_0_0_0_0_0_0_0_0_0_0_0	4N	37	0	SUM-159_NLS_4N_O1_A22_seed	SUM-159_NLS_4N_O1_A22	63	2.99246231155779	0.229324149719759	-1.47261877534535	151	oxygen-deprived	0.00921906129526638
20.5_20.5_2_1_0.5_0.3_0.2_0.1_0_0_0_0_0_0_0_0_0_0_0_0_0_0_0_0	4N	37	0	SUM-159_NLS_4N_O1_A22_seed	SUM-159_NLS_4N_O1_A22	64	3.03266331658291	0.320760403656759	-1.13706084060552	151	oxygen-deprived	0.0128948905992663
20.5_20.5_2_1_0.5_0.3_0.2_0.1_0_0_0_0_0_0_0_0_0_0_0_0_0_0_0_0	4N	37	0	SUM-159_NLS_4N_O1_A22_seed	SUM-159_NLS_4N_O1_A22	65	3.07286432160804	0.438083092024282	-0.825346678779949	151	oxygen-deprived	0.0176113805838901
20.5_20.5_2_1_0.5_0.3_0.2_0.1_0_0_0_0_0_0_0_0_0_0_0_0_0_0_0_0	4N	37	0	SUM-159_NLS_4N_O1_A22_seed	SUM-159_NLS_4N_O1_A22	66	3.11306532663317	0.566972853822777	-0.56744385325629	151	oxygen-deprived	0.0227928785456385
20.5_20.5_2_1_0.5_0.3_0.2_0.1_0_0_0_0_0_0_0_0_0_0_0_0_0_0_0_0	4N	37	0	SUM-159_NLS_4N_O1_A22_seed	SUM-159_NLS_4N_O1_A22	67	3.15326633165829	0.725815781511634	-0.32045904083025	151	oxygen-deprived	0.0291785238798637
20.5_20.5_2_1_0.5_0.3_0.2_0.1_0_0_0_0_0_0_0_0_0_0_0_0_0_0_0_0	4N	37	0	SUM-159_NLS_4N_O1_A22_seed	SUM-159_NLS_4N_O1_A22	68	3.19346733668342	0.902091072933606	-0.1030397962408	151	oxygen-deprived	0.0362649677561236
20.5_20.5_2_1_0.5_0.3_0.2_0.1_0_0_0_0_0_0_0_0_0_0_0_0_0_0_0_0	4N	37	0	SUM-159_NLS_4N_O1_A22_seed	SUM-159_NLS_4N_O1_A22	69	3.23366834170854	1.07338353484909	0.0708158413929772	151	oxygen-deprived	0.0431510968783539
20.5_20.5_2_1_0.5_0.3_0.2_0.1_0_0_0_0_0_0_0_0_0_0_0_0_0_0_0_0	4N	37	0	SUM-159_NLS_4N_O1_A22_seed	SUM-159_NLS_4N_O1_A22	70	3.27386934673367	1.25206418608822	0.224793538207433	151	oxygen-deprived	0.0503342386367106
20.5_20.5_2_1_0.5_0.3_0.2_0.1_0_0_0_0_0_0_0_0_0_0_0_0_0_0_0_0	4N	37	0	SUM-159_NLS_4N_O1_A22_seed	SUM-159_NLS_4N_O1_A22	71	3.31407035175879	1.40766073318496	0.341929272156384	151	oxygen-deprived	0.0565893762084387
20.5_20.5_2_1_0.5_0.3_0.2_0.1_0_0_0_0_0_0_0_0_0_0_0_0_0_0_0_0	4N	37	0	SUM-159_NLS_4N_O1_A22_seed	SUM-159_NLS_4N_O1_A22	72	3.35427135678392	1.52966112224177	0.425046222141221	151	oxygen-deprived	0.0614939144619786
20.5_20.5_2_1_0.5_0.3_0.2_0.1_0_0_0_0_0_0_0_0_0_0_0_0_0_0_0_0	4N	37	0	SUM-159_NLS_4N_O1_A22_seed	SUM-159_NLS_4N_O1_A22	73	3.39447236180905	1.6260019772121	0.486124227122483	151	oxygen-deprived	0.0653669136567656
20.5_20.5_2_1_0.5_0.3_0.2_0.1_0_0_0_0_0_0_0_0_0_0_0_0_0_0_0_0	4N	37	0	SUM-159_NLS_4N_O1_A22_seed	SUM-159_NLS_4N_O1_A22	74	3.43467336683417	1.67190718155725	0.513964999698887	151	oxygen-deprived	0.0672123490073243
20.5_20.5_2_1_0.5_0.3_0.2_0.1_0_0_0_0_0_0_0_0_0_0_0_0_0_0_0_0	4N	37	0	SUM-159_NLS_4N_O1_A22_seed	SUM-159_NLS_4N_O1_A22	75	3.4748743718593	1.67292564150092	0.514573974813052	151	oxygen-deprived	0.0672532921206377
20.5_20.5_2_1_0.5_0.3_0.2_0.1_0_0_0_0_0_0_0_0_0_0_0_0_0_0_0_0	4N	37	0	SUM-159_NLS_4N_O1_A22_seed	SUM-159_NLS_4N_O1_A22	76	3.51507537688442	1.61147233012108	0.477148251862888	151	oxygen-deprived	0.0647828072410462
20.5_20.5_2_1_0.5_0.3_0.2_0.1_0_0_0_0_0_0_0_0_0_0_0_0_0_0_0_0	4N	37	0	SUM-159_NLS_4N_O1_A22_seed	SUM-159_NLS_4N_O1_A22	77	3.55527638190955	1.51787727148676	0.417312826882048	151	oxygen-deprived	0.0610201918185611
20.5_20.5_2_1_0.5_0.3_0.2_0.1_0_0_0_0_0_0_0_0_0_0_0_0_0_0_0_0	4N	37	0	SUM-159_NLS_4N_O1_A22_seed	SUM-159_NLS_4N_O1_A22	78	3.59547738693467	1.39686219982034	0.334228435338234	151	oxygen-deprived	0.0561552643143836
20.5_20.5_2_1_0.5_0.3_0.2_0.1_0_0_0_0_0_0_0_0_0_0_0_0_0_0_0_0	4N	37	0	SUM-159_NLS_4N_O1_A22_seed	SUM-159_NLS_4N_O1_A22	79	3.6356783919598	1.23312857568117	0.209554497481304	151	oxygen-deprived	0.049573008067583
20.5_20.5_2_1_0.5_0.3_0.2_0.1_0_0_0_0_0_0_0_0_0_0_0_0_0_0_0_0	4N	37	0	SUM-159_NLS_4N_O1_A22_seed	SUM-159_NLS_4N_O1_A22	80	3.67587939698492	1.07247028178463	0.069964662144408	151	oxygen-deprived	0.0431143831873203
20.5_20.5_2_1_0.5_0.3_0.2_0.1_0_0_0_0_0_0_0_0_0_0_0_0_0_0_0_0	4N	37	0	SUM-159_NLS_4N_O1_A22_seed	SUM-159_NLS_4N_O1_A22	81	3.71608040201005	0.911659731143436	-0.0924884603440135	151	oxygen-deprived	0.0366496374329007
20.5_20.5_2_1_0.5_0.3_0.2_0.1_0_0_0_0_0_0_0_0_0_0_0_0_0_0_0_0	4N	37	0	SUM-159_NLS_4N_O1_A22_seed	SUM-159_NLS_4N_O1_A22	82	3.75628140703518	0.758507396946575	-0.27640272816915	151	oxygen-deprived	0.0304927596762432
20.5_20.5_2_1_0.5_0.3_0.2_0.1_0_0_0_0_0_0_0_0_0_0_0_0_0_0_0_0	4N	37	0	SUM-159_NLS_4N_O1_A22_seed	SUM-159_NLS_4N_O1_A22	83	3.7964824120603	0.615490077727041	-0.4853364541585	151	oxygen-deprived	0.0247433197076189
20.5_20.5_2_1_0.5_0.3_0.2_0.1_0_0_0_0_0_0_0_0_0_0_0_0_0_0_0_0	4N	37	0	SUM-159_NLS_4N_O1_A22_seed	SUM-159_NLS_4N_O1_A22	84	3.83668341708543	0.48317497107436	-0.727376431976371	151	oxygen-deprived	0.0194241194401746
20.5_20.5_2_1_0.5_0.3_0.2_0.1_0_0_0_0_0_0_0_0_0_0_0_0_0_0_0_0	4N	37	0	SUM-159_NLS_4N_O1_A22_seed	SUM-159_NLS_4N_O1_A22	85	3.87688442211055	0.373437332037337	-0.985005074196802	151	oxygen-deprived	0.015012556061802
20.5_20.5_2_1_0.5_0.3_0.2_0.1_0_0_0_0_0_0_0_0_0_0_0_0_0_0_0_0	4N	37	0	SUM-159_NLS_4N_O1_A22_seed	SUM-159_NLS_4N_O1_A22	86	3.91708542713568	0.284025424733072	-1.25869152111994	151	oxygen-deprived	0.0114181075269573
20.5_20.5_2_1_0.5_0.3_0.2_0.1_0_0_0_0_0_0_0_0_0_0_0_0_0_0_0_0	4N	37	0	SUM-159_NLS_4N_O1_A22_seed	SUM-159_NLS_4N_O1_A22	87	3.9572864321608	0.208722954110262	-1.56674748479339	151	oxygen-deprived	0.00839087252704542
20.5_20.5_2_1_0.5_0.3_0.2_0.1_0_0_0_0_0_0_0_0_0_0_0_0_0_0_0_0	4N	37	0	SUM-159_NLS_4N_O1_A22_seed	SUM-159_NLS_4N_O1_A22	88	3.99748743718593	0.149729393081342	-1.89892566026127	151	oxygen-deprived	0.00601927208367184
20.5_20.5_2_1_0.5_0.3_0.2_0.1_0_0_0_0_0_0_0_0_0_0_0_0_0_0_0_0	4N	37	0	SUM-159_NLS_4N_O1_A22_seed	SUM-159_NLS_4N_O1_A22	89	4.03768844221106	0.0999675610866871	-2.30290953475271	151	oxygen-deprived	0.00401879642559532
20.5_20.5_2_1_0.5_0.3_0.2_0.1_0_0_0_0_0_0_0_0_0_0_0_0_0_0_0_0	4N	37	0	SUM-159_NLS_4N_O1_A22_seed	SUM-159_NLS_4N_O1_A22	90	4.07788944723618	0.075691989730236	-2.58108294011867	151	oxygen-deprived	0.00304289405950687
20.5_20.5_2_1_0.5_0.3_0.2_0.1_0_0_0_0_0_0_0_0_0_0_0_0_0_0_0_0	4N	37	0	SUM-159_NLS_4N_O1_A22_seed	SUM-159_NLS_4N_O1_A22	91	4.11809045226131	0.0567754278075419	-2.86865165587946	151	oxygen-deprived	0.00228242925859457
20.5_20.5_2_1_0.5_0.3_0.2_0.1_0_0_0_0_0_0_0_0_0_0_0_0_0_0_0_0	4N	37	0	SUM-159_NLS_4N_O1_A22_seed	SUM-159_NLS_4N_O1_A22	92	4.15829145728643	0.0434207475448365	-3.13681789807871	151	oxygen-deprived	0.00174555769024462
20.5_20.5_2_1_0.5_0.3_0.2_0.1_0_0_0_0_0_0_0_0_0_0_0_0_0_0_0_0	4N	37	0	SUM-159_NLS_4N_O1_A22_seed	SUM-159_NLS_4N_O1_A22	93	4.19849246231156	0.0316888796815481	-3.45178945833249	151	oxygen-deprived	0.00127392481131847
20.5_20.5_2_1_0.5_0.3_0.2_0.1_0_0_0_0_0_0_0_0_0_0_0_0_0_0_0_0	4N	37	0	SUM-159_NLS_4N_O1_A22_seed	SUM-159_NLS_4N_O1_A22	94	4.23869346733668	0.0227777310710211	-3.78197192772259	151	oxygen-deprived	0.000915687681247048
20.5_20.5_2_1_0.5_0.3_0.2_0.1_0_0_0_0_0_0_0_0_0_0_0_0_0_0_0_0	4N	37	0	SUM-159_NLS_4N_O1_A22_seed	SUM-159_NLS_4N_O1_A22	95	4.27889447236181	0.0173160127966897	-4.05612361039311	151	oxygen-deprived	0.000696121117454838
20.5_20.5_2_1_0.5_0.3_0.2_0.1_0_0_0_0_0_0_0_0_0_0_0_0_0_0_0_0	4N	37	0	SUM-159_NLS_4N_O1_A22_seed	SUM-159_NLS_4N_O1_A22	96	4.31909547738693	0.0134765878278106	-4.3068013340411	151	oxygen-deprived	0.000541772374987342
20.5_20.5_2_1_0.5_0.3_0.2_0.1_0_0_0_0_0_0_0_0_0_0_0_0_0_0_0_0	4N	37	0	SUM-159_NLS_4N_O1_A22_seed	SUM-159_NLS_4N_O1_A22	97	4.35929648241206	0.00965426249817697	-4.64035575150059	151	oxygen-deprived	0.000388111055203081
20.5_20.5_2_1_0.5_0.3_0.2_0.1_0_0_0_0_0_0_0_0_0_0_0_0_0_0_0_0	4N	37	0	SUM-159_NLS_4N_O1_A22_seed	SUM-159_NLS_4N_O1_A22	98	4.39949748743719	0.00679045928282487	-4.99223669863504	151	oxygen-deprived	0.000272983287751744
20.5_20.5_2_1_0.5_0.3_0.2_0.1_0_0_0_0_0_0_0_0_0_0_0_0_0_0_0_0	4N	37	0	SUM-159_NLS_4N_O1_A22_seed	SUM-159_NLS_4N_O1_A22	99	4.43969849246231	0.00422931487897181	-5.46571526618819	151	oxygen-deprived	0.000170022708702379
20.5_20.5_2_1_0.5_0.3_0.2_0.1_0_0_0_0_0_0_0_0_0_0_0_0_0_0_0_0	4N	37	0	SUM-159_NLS_4N_O1_A22_seed	SUM-159_NLS_4N_O1_A22	100	4.47989949748744	0.00284726598620919	-5.86139604821176	151	oxygen-deprived	0.000114462954219461
20.5_20.5_2_1_0.5_0.3_0.2_0.1_0_0_0_0_0_0_0_0_0_0_0_0_0_0_0_0	4N	37	0	SUM-159_NLS_4N_O1_A22_seed	SUM-159_NLS_4N_O1_A22	101	4.52010050251256	0.00255806695045957	-5.96850340319709	151	oxygen-deprived	0.000102836862330029
20.5_20.5_2_1_0.5_0.3_0.2_0.1_0_0_0_0_0_0_0_0_0_0_0_0_0_0_0_0	4N	37	0	SUM-159_NLS_4N_O1_A22_seed	SUM-159_NLS_4N_O1_A22	102	4.56030150753769	0.00134113680248906	-6.61423766460686	151	oxygen-deprived	5.39150473362418e-05
20.5_20.5_2_1_0.5_0.3_0.2_0.1_0_0_0_0_0_0_0_0_0_0_0_0_0_0_0_0	4N	37	0	SUM-159_NLS_4N_O1_A22_seed	SUM-159_NLS_4N_O1_A22	103	4.60050251256281	0.000739843372134572	-7.20907205344665	151	oxygen-deprived	2.97424471209868e-05
20.5_20.5_2_1_0.5_0.3_0.2_0.1_0_0_0_0_0_0_0_0_0_0_0_0_0_0_0_0	4N	37	0	SUM-159_NLS_4N_O1_A22_seed	SUM-159_NLS_4N_O1_A22	104	4.64070351758794	0.000691184346017067	-7.27710398827564	151	oxygen-deprived	2.77863053675193e-05
20.5_20.5_2_1_0.5_0.3_0.2_0.1_0_0_0_0_0_0_0_0_0_0_0_0_0_0_0_0	4N	37	0	SUM-159_NLS_4N_O1_A22_seed	SUM-159_NLS_4N_O1_A22	105	4.68090452261307	0.000489824566477051	-7.62146325856464	151	oxygen-deprived	1.96914398583732e-05
20.5_20.5_2_1_0.5_0.3_0.2_0.1_0_0_0_0_0_0_0_0_0_0_0_0_0_0_0_0	4N	37	0	SUM-159_NLS_4N_O1_A22_seed	SUM-159_NLS_4N_O1_A22	106	4.72110552763819	0.000315129374501781	-8.06252729075395	151	oxygen-deprived	1.26685175679104e-05
20.5_20.5_2_1_0.5_0.3_0.2_0.1_0_0_0_0_0_0_0_0_0_0_0_0_0_0_0_0	4N	37	0	SUM-159_NLS_4N_O1_A22_seed	SUM-159_NLS_4N_O1_A22	107	4.76130653266332	0.000187769366982469	-8.58029611960415	151	oxygen-deprived	7.54851726562664e-06
20.5_20.5_2_1_0.5_0.3_0.2_0.1_0_0_0_0_0_0_0_0_0_0_0_0_0_0_0_0	4N	37	0	SUM-159_NLS_4N_O1_A22_seed	SUM-159_NLS_4N_O1_A22	108	4.80150753768844	8.27048408133496e-05	-9.40023242302438	151	oxygen-deprived	3.32481772113957e-06
20.5_20.5_2_1_0.5_0.3_0.2_0.1_0_0_0_0_0_0_0_0_0_0_0_0_0_0_0_0	4N	37	0	SUM-159_NLS_4N_O1_A22_seed	SUM-159_NLS_4N_O1_A22	109	4.84170854271357	0.000133901145350515	-8.91840875152841	151	oxygen-deprived	5.38296061710595e-06
20.5_20.5_2_1_0.5_0.3_0.2_0.1_0_0_0_0_0_0_0_0_0_0_0_0_0_0_0_0	4N	37	0	SUM-159_NLS_4N_O1_A22_seed	SUM-159_NLS_4N_O1_A22	110	4.88190954773869	7.50618375094422e-05	-9.49719828401558	151	oxygen-deprived	3.01756130691215e-06
20.5_20.5_2_1_0.5_0.3_0.2_0.1_0_0_0_0_0_0_0_0_0_0_0_0_0_0_0_0	4N	37	0	SUM-159_NLS_4N_O1_A22_seed	SUM-159_NLS_4N_O1_A22	111	4.92211055276382	3.65694052592094e-05	-10.216298589014	151	oxygen-deprived	1.47012684459128e-06
20.5_20.5_2_1_0.5_0.3_0.2_0.1_0_0_0_0_0_0_0_0_0_0_0_0_0_0_0_0	4N	37	0	SUM-159_NLS_4N_O1_A22_seed	SUM-159_NLS_4N_O1_A22	112	4.96231155778894	1.61709597235722e-05	-11.0322935340294	151	oxygen-deprived	6.50088833108408e-07
20.5_20.5_2_1_0.5_0.3_0.2_0.1_0_0_0_0_0_0_0_0_0_0_0_0_0_0_0_0	4N	37	0	SUM-159_NLS_4N_O1_A22_seed	SUM-159_NLS_4N_O1_A22	113	5.00251256281407	2.40805986881504e-05	-10.634104075368	151	oxygen-deprived	9.68064268870335e-07
20.5_20.5_2_1_0.5_0.3_0.2_0.1_0_0_0_0_0_0_0_0_0_0_0_0_0_0_0_0	4N	37	0	SUM-159_NLS_4N_O1_A22_seed	SUM-159_NLS_4N_O1_A22	114	5.0427135678392	2.24849103515437e-07	-15.3078363107715	151	oxygen-deprived	9.03915994031877e-09
20.5_20.5_2_1_0.5_0.3_0.2_0.1_0_0_0_0_0_0_0_0_0_0_0_0_0_0_0_0	4N	37	0	SUM-159_NLS_4N_O1_A22_seed	SUM-159_NLS_4N_O1_A22	115	5.08291457286432	2.32756573224987e-12	-26.7861981445901	151	oxygen-deprived	9.3570481698484e-14
20.5_20.5_2_1_0.5_0.3_0.2_0.1_0_0_0_0_0_0_0_0_0_0_0_0_0_0_0_0	4N	37	0	SUM-159_NLS_4N_O1_A22_seed	SUM-159_NLS_4N_O1_A22	116	5.12311557788945	9.99941409579233e-13	-27.6310797080658	151	oxygen-deprived	4.01986496313246e-14
20.5_20.5_2_1_0.5_0.3_0.2_0.1_0_0_0_0_0_0_0_0_0_0_0_0_0_0_0_0	4N	37	0	SUM-159_NLS_4N_O1_A22_seed	SUM-159_NLS_4N_O1_A22	117	5.16331658291457	9.99941409579233e-13	-27.6310797080658	151	oxygen-deprived	4.01986496313246e-14
20.5_20.5_2_1_0.5_0.3_0.2_0.1_0_0_0_0_0_0_0_0_0_0_0_0_0_0_0_0	4N	37	0	SUM-159_NLS_4N_O1_A22_seed	SUM-159_NLS_4N_O1_A22	118	5.2035175879397	9.99941409579233e-13	-27.6310797080658	151	oxygen-deprived	4.01986496313246e-14
20.5_20.5_2_1_0.5_0.3_0.2_0.1_0_0_0_0_0_0_0_0_0_0_0_0_0_0_0_0	4N	37	0	SUM-159_NLS_4N_O1_A22_seed	SUM-159_NLS_4N_O1_A22	119	5.24371859296482	9.99941409579233e-13	-27.6310797080658	151	oxygen-deprived	4.01986496313246e-14
20.5_20.5_2_1_0.5_0.3_0.2_0.1_0_0_0_0_0_0_0_0_0_0_0_0_0_0_0_0	4N	37	0	SUM-159_NLS_4N_O1_A22_seed	SUM-159_NLS_4N_O1_A22	120	5.28391959798995	9.99941409579233e-13	-27.6310797080658	151	oxygen-deprived	4.01986496313246e-14
20.5_20.5_2_1_0.5_0.3_0.2_0.1_0_0_0_0_0_0_0_0_0_0_0_0_0_0_0_0	4N	37	0	SUM-159_NLS_4N_O1_A22_seed	SUM-159_NLS_4N_O1_A22	121	5.32412060301508	9.99941409579233e-13	-27.6310797080658	151	oxygen-deprived	4.01986496313246e-14
20.5_20.5_2_1_0.5_0.3_0.2_0.1_0_0_0_0_0_0_0_0_0_0_0_0_0_0_0_0	4N	37	0	SUM-159_NLS_4N_O1_A22_seed	SUM-159_NLS_4N_O1_A22	122	5.3643216080402	9.99941409579233e-13	-27.6310797080658	151	oxygen-deprived	4.01986496313246e-14
20.5_20.5_2_1_0.5_0.3_0.2_0.1_0_0_0_0_0_0_0_0_0_0_0_0_0_0_0_0	4N	37	0	SUM-159_NLS_4N_O1_A22_seed	SUM-159_NLS_4N_O1_A22	123	5.40452261306533	9.99941409579233e-13	-27.6310797080658	151	oxygen-deprived	4.01986496313246e-14
20.5_20.5_2_1_0.5_0.3_0.2_0.1_0_0_0_0_0_0_0_0_0_0_0_0_0_0_0_0	4N	37	0	SUM-159_NLS_4N_O1_A22_seed	SUM-159_NLS_4N_O1_A22	124	5.44472361809045	9.99941409579233e-13	-27.6310797080658	151	oxygen-deprived	4.01986496313246e-14
20.5_20.5_2_1_0.5_0.3_0.2_0.1_0_0_0_0_0_0_0_0_0_0_0_0_0_0_0_0	4N	37	0	SUM-159_NLS_4N_O1_A22_seed	SUM-159_NLS_4N_O1_A22	125	5.48492462311558	9.99941409579233e-13	-27.6310797080658	151	oxygen-deprived	4.01986496313246e-14
20.5_20.5_2_1_0.5_0.3_0.2_0.1_0_0_0_0_0_0_0_0_0_0_0_0_0_0_0_0	4N	37	0	SUM-159_NLS_4N_O1_A22_seed	SUM-159_NLS_4N_O1_A22	126	5.5251256281407	9.99941409579233e-13	-27.6310797080658	151	oxygen-deprived	4.01986496313246e-14
20.5_20.5_2_1_0.5_0.3_0.2_0.1_0_0_0_0_0_0_0_0_0_0_0_0_0_0_0_0	4N	37	0	SUM-159_NLS_4N_O1_A22_seed	SUM-159_NLS_4N_O1_A22	127	5.56532663316583	9.99941409579233e-13	-27.6310797080658	151	oxygen-deprived	4.01986496313246e-14
20.5_20.5_2_1_0.5_0.3_0.2_0.1_0_0_0_0_0_0_0_0_0_0_0_0_0_0_0_0	4N	37	0	SUM-159_NLS_4N_O1_A22_seed	SUM-159_NLS_4N_O1_A22	128	5.60552763819095	9.99941409579233e-13	-27.6310797080658	151	oxygen-deprived	4.01986496313246e-14
20.5_20.5_2_1_0.5_0.3_0.2_0.1_0_0_0_0_0_0_0_0_0_0_0_0_0_0_0_0	4N	37	0	SUM-159_NLS_4N_O1_A22_seed	SUM-159_NLS_4N_O1_A22	129	5.64572864321608	9.99941409579233e-13	-27.6310797080658	151	oxygen-deprived	4.01986496313246e-14
20.5_20.5_2_1_0.5_0.3_0.2_0.1_0_0_0_0_0_0_0_0_0_0_0_0_0_0_0_0	4N	37	0	SUM-159_NLS_4N_O1_A22_seed	SUM-159_NLS_4N_O1_A22	130	5.68592964824121	9.99941409579233e-13	-27.6310797080658	151	oxygen-deprived	4.01986496313246e-14
20.5_20.5_2_1_0.5_0.3_0.2_0.1_0_0_0_0_0_0_0_0_0_0_0_0_0_0_0_0	4N	37	0	SUM-159_NLS_4N_O1_A22_seed	SUM-159_NLS_4N_O1_A22	131	5.72613065326633	9.99941409579233e-13	-27.6310797080658	151	oxygen-deprived	4.01986496313246e-14
20.5_20.5_2_1_0.5_0.3_0.2_0.1_0_0_0_0_0_0_0_0_0_0_0_0_0_0_0_0	4N	37	0	SUM-159_NLS_4N_O1_A22_seed	SUM-159_NLS_4N_O1_A22	132	5.76633165829146	9.99941409579233e-13	-27.6310797080658	151	oxygen-deprived	4.01986496313246e-14
20.5_20.5_2_1_0.5_0.3_0.2_0.1_0_0_0_0_0_0_0_0_0_0_0_0_0_0_0_0	4N	37	0	SUM-159_NLS_4N_O1_A22_seed	SUM-159_NLS_4N_O1_A22	133	5.80653266331658	9.99941409579233e-13	-27.6310797080658	151	oxygen-deprived	4.01986496313246e-14
20.5_20.5_2_1_0.5_0.3_0.2_0.1_0_0_0_0_0_0_0_0_0_0_0_0_0_0_0_0	4N	37	0	SUM-159_NLS_4N_O1_A22_seed	SUM-159_NLS_4N_O1_A22	134	5.84673366834171	9.99941409579233e-13	-27.6310797080658	151	oxygen-deprived	4.01986496313246e-14
20.5_20.5_2_1_0.5_0.3_0.2_0.1_0_0_0_0_0_0_0_0_0_0_0_0_0_0_0_0	4N	37	0	SUM-159_NLS_4N_O1_A22_seed	SUM-159_NLS_4N_O1_A22	135	5.88693467336683	9.99941409579233e-13	-27.6310797080658	151	oxygen-deprived	4.01986496313246e-14
20.5_20.5_2_1_0.5_0.3_0.2_0.1_0_0_0_0_0_0_0_0_0_0_0_0_0_0_0_0	4N	37	0	SUM-159_NLS_4N_O1_A22_seed	SUM-159_NLS_4N_O1_A22	136	5.92713567839196	9.99941409579233e-13	-27.6310797080658	151	oxygen-deprived	4.01986496313246e-14
20.5_20.5_2_1_0.5_0.3_0.2_0.1_0_0_0_0_0_0_0_0_0_0_0_0_0_0_0_0	4N	37	0	SUM-159_NLS_4N_O1_A22_seed	SUM-159_NLS_4N_O1_A22	137	5.96733668341709	9.99941409579233e-13	-27.6310797080658	151	oxygen-deprived	4.01986496313246e-14
20.5_20.5_2_1_0.5_0.3_0.2_0.1_0_0_0_0_0_0_0_0_0_0_0_0_0_0_0_0	4N	37	0	SUM-159_NLS_4N_O1_A22_seed	SUM-159_NLS_4N_O1_A22	138	6.00753768844221	9.99941409579233e-13	-27.6310797080658	151	oxygen-deprived	4.01986496313246e-14
20.5_20.5_2_1_0.5_0.3_0.2_0.1_0_0_0_0_0_0_0_0_0_0_0_0_0_0_0_0	4N	37	0	SUM-159_NLS_4N_O1_A22_seed	SUM-159_NLS_4N_O1_A22	139	6.04773869346734	9.99941409579233e-13	-27.6310797080658	151	oxygen-deprived	4.01986496313246e-14
20.5_20.5_2_1_0.5_0.3_0.2_0.1_0_0_0_0_0_0_0_0_0_0_0_0_0_0_0_0	4N	37	0	SUM-159_NLS_4N_O1_A22_seed	SUM-159_NLS_4N_O1_A22	140	6.08793969849246	9.99941409579233e-13	-27.6310797080658	151	oxygen-deprived	4.01986496313246e-14
20.5_20.5_2_1_0.5_0.3_0.2_0.1_0_0_0_0_0_0_0_0_0_0_0_0_0_0_0_0	4N	37	0	SUM-159_NLS_4N_O1_A22_seed	SUM-159_NLS_4N_O1_A22	141	6.12814070351759	9.99941409579233e-13	-27.6310797080658	151	oxygen-deprived	4.01986496313246e-14
20.5_20.5_2_1_0.5_0.3_0.2_0.1_0_0_0_0_0_0_0_0_0_0_0_0_0_0_0_0	4N	37	0	SUM-159_NLS_4N_O1_A22_seed	SUM-159_NLS_4N_O1_A22	142	6.16834170854271	9.99941409579233e-13	-27.6310797080658	151	oxygen-deprived	4.01986496313246e-14
20.5_20.5_2_1_0.5_0.3_0.2_0.1_0_0_0_0_0_0_0_0_0_0_0_0_0_0_0_0	4N	37	0	SUM-159_NLS_4N_O1_A22_seed	SUM-159_NLS_4N_O1_A22	143	6.20854271356784	9.99941409579233e-13	-27.6310797080658	151	oxygen-deprived	4.01986496313246e-14
20.5_20.5_2_1_0.5_0.3_0.2_0.1_0_0_0_0_0_0_0_0_0_0_0_0_0_0_0_0	4N	37	0	SUM-159_NLS_4N_O1_A22_seed	SUM-159_NLS_4N_O1_A22	144	6.24874371859296	9.99941409579233e-13	-27.6310797080658	151	oxygen-deprived	4.01986496313246e-14
20.5_20.5_2_1_0.5_0.3_0.2_0.1_0_0_0_0_0_0_0_0_0_0_0_0_0_0_0_0	4N	37	0	SUM-159_NLS_4N_O1_A22_seed	SUM-159_NLS_4N_O1_A22	145	6.28894472361809	9.99941409579233e-13	-27.6310797080658	151	oxygen-deprived	4.01986496313246e-14
20.5_20.5_2_1_0.5_0.3_0.2_0.1_0_0_0_0_0_0_0_0_0_0_0_0_0_0_0_0	4N	37	0	SUM-159_NLS_4N_O1_A22_seed	SUM-159_NLS_4N_O1_A22	146	6.32914572864322	9.99941409579233e-13	-27.6310797080658	151	oxygen-deprived	4.01986496313246e-14
20.5_20.5_2_1_0.5_0.3_0.2_0.1_0_0_0_0_0_0_0_0_0_0_0_0_0_0_0_0	4N	37	0	SUM-159_NLS_4N_O1_A22_seed	SUM-159_NLS_4N_O1_A22	147	6.36934673366834	9.99941409579233e-13	-27.6310797080658	151	oxygen-deprived	4.01986496313246e-14
20.5_20.5_2_1_0.5_0.3_0.2_0.1_0_0_0_0_0_0_0_0_0_0_0_0_0_0_0_0	4N	37	0	SUM-159_NLS_4N_O1_A22_seed	SUM-159_NLS_4N_O1_A22	148	6.40954773869347	9.99941409579233e-13	-27.6310797080658	151	oxygen-deprived	4.01986496313246e-14
20.5_20.5_2_1_0.5_0.3_0.2_0.1_0_0_0_0_0_0_0_0_0_0_0_0_0_0_0_0	4N	37	0	SUM-159_NLS_4N_O1_A22_seed	SUM-159_NLS_4N_O1_A22	149	6.44974874371859	9.99941409579233e-13	-27.6310797080658	151	oxygen-deprived	4.01986496313246e-14
20.5_20.5_2_1_0.5_0.3_0.2_0.1_0_0_0_0_0_0_0_0_0_0_0_0_0_0_0_0	4N	37	0	SUM-159_NLS_4N_O1_A22_seed	SUM-159_NLS_4N_O1_A22	150	6.48994974874372	9.99941409579233e-13	-27.6310797080658	151	oxygen-deprived	4.01986496313246e-14
20.5_20.5_2_1_0.5_0.3_0.2_0.1_0_0_0_0_0_0_0_0_0_0_0_0_0_0_0_0	4N	37	0	SUM-159_NLS_4N_O1_A22_seed	SUM-159_NLS_4N_O1_A22	151	6.53015075376884	9.99941409579233e-13	-27.6310797080658	151	oxygen-deprived	4.01986496313246e-14
20.5_20.5_2_1_0.5_0.3_0.2_0.1_0_0_0_0_0_0_0_0_0_0_0_0_0_0_0_0	4N	37	0	SUM-159_NLS_4N_O1_A22_seed	SUM-159_NLS_4N_O1_A22	152	6.57035175879397	9.99941409579233e-13	-27.6310797080658	151	oxygen-deprived	4.01986496313246e-14
20.5_20.5_2_1_0.5_0.3_0.2_0.1_0_0_0_0_0_0_0_0_0_0_0_0_0_0_0_0	4N	37	0	SUM-159_NLS_4N_O1_A22_seed	SUM-159_NLS_4N_O1_A22	153	6.6105527638191	9.99941409579233e-13	-27.6310797080658	151	oxygen-deprived	4.01986496313246e-14
20.5_20.5_2_1_0.5_0.3_0.2_0.1_0_0_0_0_0_0_0_0_0_0_0_0_0_0_0_0	4N	37	0	SUM-159_NLS_4N_O1_A22_seed	SUM-159_NLS_4N_O1_A22	154	6.65075376884422	9.99941409579233e-13	-27.6310797080658	151	oxygen-deprived	4.01986496313246e-14
20.5_20.5_2_1_0.5_0.3_0.2_0.1_0_0_0_0_0_0_0_0_0_0_0_0_0_0_0_0	4N	37	0	SUM-159_NLS_4N_O1_A22_seed	SUM-159_NLS_4N_O1_A22	155	6.69095477386935	9.99941409579233e-13	-27.6310797080658	151	oxygen-deprived	4.01986496313246e-14
20.5_20.5_2_1_0.5_0.3_0.2_0.1_0_0_0_0_0_0_0_0_0_0_0_0_0_0_0_0	4N	37	0	SUM-159_NLS_4N_O1_A22_seed	SUM-159_NLS_4N_O1_A22	156	6.73115577889447	9.99941409579233e-13	-27.6310797080658	151	oxygen-deprived	4.01986496313246e-14
20.5_20.5_2_1_0.5_0.3_0.2_0.1_0_0_0_0_0_0_0_0_0_0_0_0_0_0_0_0	4N	37	0	SUM-159_NLS_4N_O1_A22_seed	SUM-159_NLS_4N_O1_A22	157	6.7713567839196	9.99941409579233e-13	-27.6310797080658	151	oxygen-deprived	4.01986496313246e-14
20.5_20.5_2_1_0.5_0.3_0.2_0.1_0_0_0_0_0_0_0_0_0_0_0_0_0_0_0_0	4N	37	0	SUM-159_NLS_4N_O1_A22_seed	SUM-159_NLS_4N_O1_A22	158	6.81155778894472	9.99941409579233e-13	-27.6310797080658	151	oxygen-deprived	4.01986496313246e-14
20.5_20.5_2_1_0.5_0.3_0.2_0.1_0_0_0_0_0_0_0_0_0_0_0_0_0_0_0_0	4N	37	0	SUM-159_NLS_4N_O1_A22_seed	SUM-159_NLS_4N_O1_A22	159	6.85175879396985	9.99941409579233e-13	-27.6310797080658	151	oxygen-deprived	4.01986496313246e-14
20.5_20.5_2_1_0.5_0.3_0.2_0.1_0_0_0_0_0_0_0_0_0_0_0_0_0_0_0_0	4N	37	0	SUM-159_NLS_4N_O1_A22_seed	SUM-159_NLS_4N_O1_A22	160	6.89195979899498	9.99941409579233e-13	-27.6310797080658	151	oxygen-deprived	4.01986496313246e-14
20.5_20.5_2_1_0.5_0.3_0.2_0.1_0_0_0_0_0_0_0_0_0_0_0_0_0_0_0_0	4N	37	0	SUM-159_NLS_4N_O1_A22_seed	SUM-159_NLS_4N_O1_A22	161	6.9321608040201	9.99941409579233e-13	-27.6310797080658	151	oxygen-deprived	4.01986496313246e-14
20.5_20.5_2_1_0.5_0.3_0.2_0.1_0_0_0_0_0_0_0_0_0_0_0_0_0_0_0_0	4N	37	0	SUM-159_NLS_4N_O1_A22_seed	SUM-159_NLS_4N_O1_A22	162	6.97236180904523	9.99941409579233e-13	-27.6310797080658	151	oxygen-deprived	4.01986496313246e-14
20.5_20.5_2_1_0.5_0.3_0.2_0.1_0_0_0_0_0_0_0_0_0_0_0_0_0_0_0_0	4N	37	0	SUM-159_NLS_4N_O1_A22_seed	SUM-159_NLS_4N_O1_A22	163	7.01256281407035	9.99941409579233e-13	-27.6310797080658	151	oxygen-deprived	4.01986496313246e-14
20.5_20.5_2_1_0.5_0.3_0.2_0.1_0_0_0_0_0_0_0_0_0_0_0_0_0_0_0_0	4N	37	0	SUM-159_NLS_4N_O1_A22_seed	SUM-159_NLS_4N_O1_A22	164	7.05276381909548	9.99941409579233e-13	-27.6310797080658	151	oxygen-deprived	4.01986496313246e-14
20.5_20.5_2_1_0.5_0.3_0.2_0.1_0_0_0_0_0_0_0_0_0_0_0_0_0_0_0_0	4N	37	0	SUM-159_NLS_4N_O1_A22_seed	SUM-159_NLS_4N_O1_A22	165	7.0929648241206	9.99941409579233e-13	-27.6310797080658	151	oxygen-deprived	4.01986496313246e-14
20.5_20.5_2_1_0.5_0.3_0.2_0.1_0_0_0_0_0_0_0_0_0_0_0_0_0_0_0_0	4N	37	0	SUM-159_NLS_4N_O1_A22_seed	SUM-159_NLS_4N_O1_A22	166	7.13316582914573	9.99941409579233e-13	-27.6310797080658	151	oxygen-deprived	4.01986496313246e-14
20.5_20.5_2_1_0.5_0.3_0.2_0.1_0_0_0_0_0_0_0_0_0_0_0_0_0_0_0_0	4N	37	0	SUM-159_NLS_4N_O1_A22_seed	SUM-159_NLS_4N_O1_A22	167	7.17336683417085	9.99941409579233e-13	-27.6310797080658	151	oxygen-deprived	4.01986496313246e-14
20.5_20.5_2_1_0.5_0.3_0.2_0.1_0_0_0_0_0_0_0_0_0_0_0_0_0_0_0_0	4N	37	0	SUM-159_NLS_4N_O1_A22_seed	SUM-159_NLS_4N_O1_A22	168	7.21356783919598	9.99941409579233e-13	-27.6310797080658	151	oxygen-deprived	4.01986496313246e-14
20.5_20.5_2_1_0.5_0.3_0.2_0.1_0_0_0_0_0_0_0_0_0_0_0_0_0_0_0_0	4N	37	0	SUM-159_NLS_4N_O1_A22_seed	SUM-159_NLS_4N_O1_A22	169	7.25376884422111	9.99941409579233e-13	-27.6310797080658	151	oxygen-deprived	4.01986496313246e-14
20.5_20.5_2_1_0.5_0.3_0.2_0.1_0_0_0_0_0_0_0_0_0_0_0_0_0_0_0_0	4N	37	0	SUM-159_NLS_4N_O1_A22_seed	SUM-159_NLS_4N_O1_A22	170	7.29396984924623	9.99941409579233e-13	-27.6310797080658	151	oxygen-deprived	4.01986496313246e-14
20.5_20.5_2_1_0.5_0.3_0.2_0.1_0_0_0_0_0_0_0_0_0_0_0_0_0_0_0_0	4N	37	0	SUM-159_NLS_4N_O1_A22_seed	SUM-159_NLS_4N_O1_A22	171	7.33417085427136	9.99941409579233e-13	-27.6310797080658	151	oxygen-deprived	4.01986496313246e-14
20.5_20.5_2_1_0.5_0.3_0.2_0.1_0_0_0_0_0_0_0_0_0_0_0_0_0_0_0_0	4N	37	0	SUM-159_NLS_4N_O1_A22_seed	SUM-159_NLS_4N_O1_A22	172	7.37437185929648	9.99941409579233e-13	-27.6310797080658	151	oxygen-deprived	4.01986496313246e-14
20.5_20.5_2_1_0.5_0.3_0.2_0.1_0_0_0_0_0_0_0_0_0_0_0_0_0_0_0_0	4N	37	0	SUM-159_NLS_4N_O1_A22_seed	SUM-159_NLS_4N_O1_A22	173	7.41457286432161	9.99941409579233e-13	-27.6310797080658	151	oxygen-deprived	4.01986496313246e-14
20.5_20.5_2_1_0.5_0.3_0.2_0.1_0_0_0_0_0_0_0_0_0_0_0_0_0_0_0_0	4N	37	0	SUM-159_NLS_4N_O1_A22_seed	SUM-159_NLS_4N_O1_A22	174	7.45477386934673	9.99941409579233e-13	-27.6310797080658	151	oxygen-deprived	4.01986496313246e-14
20.5_20.5_2_1_0.5_0.3_0.2_0.1_0_0_0_0_0_0_0_0_0_0_0_0_0_0_0_0	4N	37	0	SUM-159_NLS_4N_O1_A22_seed	SUM-159_NLS_4N_O1_A22	175	7.49497487437186	9.99941409579233e-13	-27.6310797080658	151	oxygen-deprived	4.01986496313246e-14
20.5_20.5_2_1_0.5_0.3_0.2_0.1_0_0_0_0_0_0_0_0_0_0_0_0_0_0_0_0	4N	37	0	SUM-159_NLS_4N_O1_A22_seed	SUM-159_NLS_4N_O1_A22	176	7.53517587939699	9.99941409579233e-13	-27.6310797080658	151	oxygen-deprived	4.01986496313246e-14
20.5_20.5_2_1_0.5_0.3_0.2_0.1_0_0_0_0_0_0_0_0_0_0_0_0_0_0_0_0	4N	37	0	SUM-159_NLS_4N_O1_A22_seed	SUM-159_NLS_4N_O1_A22	177	7.57537688442211	9.99941409579233e-13	-27.6310797080658	151	oxygen-deprived	4.01986496313246e-14
20.5_20.5_2_1_0.5_0.3_0.2_0.1_0_0_0_0_0_0_0_0_0_0_0_0_0_0_0_0	4N	37	0	SUM-159_NLS_4N_O1_A22_seed	SUM-159_NLS_4N_O1_A22	178	7.61557788944724	9.99941409579233e-13	-27.6310797080658	151	oxygen-deprived	4.01986496313246e-14
20.5_20.5_2_1_0.5_0.3_0.2_0.1_0_0_0_0_0_0_0_0_0_0_0_0_0_0_0_0	4N	37	0	SUM-159_NLS_4N_O1_A22_seed	SUM-159_NLS_4N_O1_A22	179	7.65577889447236	9.99941409579233e-13	-27.6310797080658	151	oxygen-deprived	4.01986496313246e-14
20.5_20.5_2_1_0.5_0.3_0.2_0.1_0_0_0_0_0_0_0_0_0_0_0_0_0_0_0_0	4N	37	0	SUM-159_NLS_4N_O1_A22_seed	SUM-159_NLS_4N_O1_A22	180	7.69597989949749	9.99941409579233e-13	-27.6310797080658	151	oxygen-deprived	4.01986496313246e-14
20.5_20.5_2_1_0.5_0.3_0.2_0.1_0_0_0_0_0_0_0_0_0_0_0_0_0_0_0_0	4N	37	0	SUM-159_NLS_4N_O1_A22_seed	SUM-159_NLS_4N_O1_A22	181	7.73618090452261	9.99941409579233e-13	-27.6310797080658	151	oxygen-deprived	4.01986496313246e-14
20.5_20.5_2_1_0.5_0.3_0.2_0.1_0_0_0_0_0_0_0_0_0_0_0_0_0_0_0_0	4N	37	0	SUM-159_NLS_4N_O1_A22_seed	SUM-159_NLS_4N_O1_A22	182	7.77638190954774	9.99941409579233e-13	-27.6310797080658	151	oxygen-deprived	4.01986496313246e-14
20.5_20.5_2_1_0.5_0.3_0.2_0.1_0_0_0_0_0_0_0_0_0_0_0_0_0_0_0_0	4N	37	0	SUM-159_NLS_4N_O1_A22_seed	SUM-159_NLS_4N_O1_A22	183	7.81658291457286	9.99941409579233e-13	-27.6310797080658	151	oxygen-deprived	4.01986496313246e-14
20.5_20.5_2_1_0.5_0.3_0.2_0.1_0_0_0_0_0_0_0_0_0_0_0_0_0_0_0_0	4N	37	0	SUM-159_NLS_4N_O1_A22_seed	SUM-159_NLS_4N_O1_A22	184	7.85678391959799	9.99941409579233e-13	-27.6310797080658	151	oxygen-deprived	4.01986496313246e-14
20.5_20.5_2_1_0.5_0.3_0.2_0.1_0_0_0_0_0_0_0_0_0_0_0_0_0_0_0_0	4N	37	0	SUM-159_NLS_4N_O1_A22_seed	SUM-159_NLS_4N_O1_A22	185	7.89698492462312	9.99941409579233e-13	-27.6310797080658	151	oxygen-deprived	4.01986496313246e-14
20.5_20.5_2_1_0.5_0.3_0.2_0.1_0_0_0_0_0_0_0_0_0_0_0_0_0_0_0_0	4N	37	0	SUM-159_NLS_4N_O1_A22_seed	SUM-159_NLS_4N_O1_A22	186	7.93718592964824	9.99941409579233e-13	-27.6310797080658	151	oxygen-deprived	4.01986496313246e-14
20.5_20.5_2_1_0.5_0.3_0.2_0.1_0_0_0_0_0_0_0_0_0_0_0_0_0_0_0_0	4N	37	0	SUM-159_NLS_4N_O1_A22_seed	SUM-159_NLS_4N_O1_A22	187	7.97738693467337	9.99941409579233e-13	-27.6310797080658	151	oxygen-deprived	4.01986496313246e-14
20.5_20.5_2_1_0.5_0.3_0.2_0.1_0_0_0_0_0_0_0_0_0_0_0_0_0_0_0_0	4N	37	0	SUM-159_NLS_4N_O1_A22_seed	SUM-159_NLS_4N_O1_A22	188	8.01758793969849	9.99941409579233e-13	-27.6310797080658	151	oxygen-deprived	4.01986496313246e-14
20.5_20.5_2_1_0.5_0.3_0.2_0.1_0_0_0_0_0_0_0_0_0_0_0_0_0_0_0_0	4N	37	0	SUM-159_NLS_4N_O1_A22_seed	SUM-159_NLS_4N_O1_A22	189	8.05778894472362	9.99941409579233e-13	-27.6310797080658	151	oxygen-deprived	4.01986496313246e-14
20.5_20.5_2_1_0.5_0.3_0.2_0.1_0_0_0_0_0_0_0_0_0_0_0_0_0_0_0_0	4N	37	0	SUM-159_NLS_4N_O1_A22_seed	SUM-159_NLS_4N_O1_A22	190	8.09798994974874	9.99941409579233e-13	-27.6310797080658	151	oxygen-deprived	4.01986496313246e-14
20.5_20.5_2_1_0.5_0.3_0.2_0.1_0_0_0_0_0_0_0_0_0_0_0_0_0_0_0_0	4N	37	0	SUM-159_NLS_4N_O1_A22_seed	SUM-159_NLS_4N_O1_A22	191	8.13819095477387	9.99941409579233e-13	-27.6310797080658	151	oxygen-deprived	4.01986496313246e-14
20.5_20.5_2_1_0.5_0.3_0.2_0.1_0_0_0_0_0_0_0_0_0_0_0_0_0_0_0_0	4N	37	0	SUM-159_NLS_4N_O1_A22_seed	SUM-159_NLS_4N_O1_A22	192	8.178391959799	9.99941409579233e-13	-27.6310797080658	151	oxygen-deprived	4.01986496313246e-14
20.5_20.5_2_1_0.5_0.3_0.2_0.1_0_0_0_0_0_0_0_0_0_0_0_0_0_0_0_0	4N	37	0	SUM-159_NLS_4N_O1_A22_seed	SUM-159_NLS_4N_O1_A22	193	8.21859296482412	9.99941409579233e-13	-27.6310797080658	151	oxygen-deprived	4.01986496313246e-14
20.5_20.5_2_1_0.5_0.3_0.2_0.1_0_0_0_0_0_0_0_0_0_0_0_0_0_0_0_0	4N	37	0	SUM-159_NLS_4N_O1_A22_seed	SUM-159_NLS_4N_O1_A22	194	8.25879396984925	9.99941409579233e-13	-27.6310797080658	151	oxygen-deprived	4.01986496313246e-14
20.5_20.5_2_1_0.5_0.3_0.2_0.1_0_0_0_0_0_0_0_0_0_0_0_0_0_0_0_0	4N	37	0	SUM-159_NLS_4N_O1_A22_seed	SUM-159_NLS_4N_O1_A22	195	8.29899497487437	9.99941409579233e-13	-27.6310797080658	151	oxygen-deprived	4.01986496313246e-14
20.5_20.5_2_1_0.5_0.3_0.2_0.1_0_0_0_0_0_0_0_0_0_0_0_0_0_0_0_0	4N	37	0	SUM-159_NLS_4N_O1_A22_seed	SUM-159_NLS_4N_O1_A22	196	8.3391959798995	9.99941409579233e-13	-27.6310797080658	151	oxygen-deprived	4.01986496313246e-14
20.5_20.5_2_1_0.5_0.3_0.2_0.1_0_0_0_0_0_0_0_0_0_0_0_0_0_0_0_0	4N	37	0	SUM-159_NLS_4N_O1_A22_seed	SUM-159_NLS_4N_O1_A22	197	8.37939698492462	9.99941409579233e-13	-27.6310797080658	151	oxygen-deprived	4.01986496313246e-14
20.5_20.5_2_1_0.5_0.3_0.2_0.1_0_0_0_0_0_0_0_0_0_0_0_0_0_0_0_0	4N	37	0	SUM-159_NLS_4N_O1_A22_seed	SUM-159_NLS_4N_O1_A22	198	8.41959798994975	9.99941409579233e-13	-27.6310797080658	151	oxygen-deprived	4.01986496313246e-14
20.5_20.5_2_1_0.5_0.3_0.2_0.1_0_0_0_0_0_0_0_0_0_0_0_0_0_0_0_0	4N	37	0	SUM-159_NLS_4N_O1_A22_seed	SUM-159_NLS_4N_O1_A22	199	8.45979899497488	9.99941409579233e-13	-27.6310797080658	151	oxygen-deprived	4.01986496313246e-14
20.5_20.5_2_1_0.5_0.3_0.2_0.1_0_0_0_0_0_0_0_0_0_0_0_0_0_0_0_0	4N	37	0	SUM-159_NLS_4N_O1_A22_seed	SUM-159_NLS_4N_O1_A22	200	8.5	9.99941409579233e-13	-27.6310797080658	151	oxygen-deprived	4.01986496313246e-14
20.5_20.5_2_1_0.5_0.3_0.2_0.1_0_0_0_0_0_0_0_0_0_0_0_0_0_0_0_0	4N	37	0	SUM-159_NLS_4N_O2_A22_seed	SUM-159_NLS_4N_O2_A22	1	0.5	1.00009800148298e-12	-27.6309231192474	151	oxygen-deprived	4.02049447832335e-14
20.5_20.5_2_1_0.5_0.3_0.2_0.1_0_0_0_0_0_0_0_0_0_0_0_0_0_0_0_0	4N	37	0	SUM-159_NLS_4N_O2_A22_seed	SUM-159_NLS_4N_O2_A22	2	0.540201005025126	1.00009800148298e-12	-27.6309231192474	151	oxygen-deprived	4.02049447832335e-14
20.5_20.5_2_1_0.5_0.3_0.2_0.1_0_0_0_0_0_0_0_0_0_0_0_0_0_0_0_0	4N	37	0	SUM-159_NLS_4N_O2_A22_seed	SUM-159_NLS_4N_O2_A22	3	0.580402010050251	1.00009800148298e-12	-27.6309231192474	151	oxygen-deprived	4.02049447832335e-14
20.5_20.5_2_1_0.5_0.3_0.2_0.1_0_0_0_0_0_0_0_0_0_0_0_0_0_0_0_0	4N	37	0	SUM-159_NLS_4N_O2_A22_seed	SUM-159_NLS_4N_O2_A22	4	0.620603015075377	1.00009800148298e-12	-27.6309231192474	151	oxygen-deprived	4.02049447832335e-14
20.5_20.5_2_1_0.5_0.3_0.2_0.1_0_0_0_0_0_0_0_0_0_0_0_0_0_0_0_0	4N	37	0	SUM-159_NLS_4N_O2_A22_seed	SUM-159_NLS_4N_O2_A22	5	0.660804020100503	1.00009800148298e-12	-27.6309231192474	151	oxygen-deprived	4.02049447832335e-14
20.5_20.5_2_1_0.5_0.3_0.2_0.1_0_0_0_0_0_0_0_0_0_0_0_0_0_0_0_0	4N	37	0	SUM-159_NLS_4N_O2_A22_seed	SUM-159_NLS_4N_O2_A22	6	0.701005025125628	1.00009800148298e-12	-27.6309231192474	151	oxygen-deprived	4.02049447832335e-14
20.5_20.5_2_1_0.5_0.3_0.2_0.1_0_0_0_0_0_0_0_0_0_0_0_0_0_0_0_0	4N	37	0	SUM-159_NLS_4N_O2_A22_seed	SUM-159_NLS_4N_O2_A22	7	0.741206030150754	1.00009800148298e-12	-27.6309231192474	151	oxygen-deprived	4.02049447832335e-14
20.5_20.5_2_1_0.5_0.3_0.2_0.1_0_0_0_0_0_0_0_0_0_0_0_0_0_0_0_0	4N	37	0	SUM-159_NLS_4N_O2_A22_seed	SUM-159_NLS_4N_O2_A22	8	0.781407035175879	1.00009800148298e-12	-27.6309231192474	151	oxygen-deprived	4.02049447832335e-14
20.5_20.5_2_1_0.5_0.3_0.2_0.1_0_0_0_0_0_0_0_0_0_0_0_0_0_0_0_0	4N	37	0	SUM-159_NLS_4N_O2_A22_seed	SUM-159_NLS_4N_O2_A22	9	0.821608040201005	1.00009800148298e-12	-27.6309231192474	151	oxygen-deprived	4.02049447832335e-14
20.5_20.5_2_1_0.5_0.3_0.2_0.1_0_0_0_0_0_0_0_0_0_0_0_0_0_0_0_0	4N	37	0	SUM-159_NLS_4N_O2_A22_seed	SUM-159_NLS_4N_O2_A22	10	0.861809045226131	1.00009800148298e-12	-27.6309231192474	151	oxygen-deprived	4.02049447832335e-14
20.5_20.5_2_1_0.5_0.3_0.2_0.1_0_0_0_0_0_0_0_0_0_0_0_0_0_0_0_0	4N	37	0	SUM-159_NLS_4N_O2_A22_seed	SUM-159_NLS_4N_O2_A22	11	0.902010050251256	1.00009800148298e-12	-27.6309231192474	151	oxygen-deprived	4.02049447832335e-14
20.5_20.5_2_1_0.5_0.3_0.2_0.1_0_0_0_0_0_0_0_0_0_0_0_0_0_0_0_0	4N	37	0	SUM-159_NLS_4N_O2_A22_seed	SUM-159_NLS_4N_O2_A22	12	0.942211055276382	1.00009800148298e-12	-27.6309231192474	151	oxygen-deprived	4.02049447832335e-14
20.5_20.5_2_1_0.5_0.3_0.2_0.1_0_0_0_0_0_0_0_0_0_0_0_0_0_0_0_0	4N	37	0	SUM-159_NLS_4N_O2_A22_seed	SUM-159_NLS_4N_O2_A22	13	0.982412060301508	1.00009800148298e-12	-27.6309231192474	151	oxygen-deprived	4.02049447832335e-14
20.5_20.5_2_1_0.5_0.3_0.2_0.1_0_0_0_0_0_0_0_0_0_0_0_0_0_0_0_0	4N	37	0	SUM-159_NLS_4N_O2_A22_seed	SUM-159_NLS_4N_O2_A22	14	1.02261306532663	1.00009800148298e-12	-27.6309231192474	151	oxygen-deprived	4.02049447832335e-14
20.5_20.5_2_1_0.5_0.3_0.2_0.1_0_0_0_0_0_0_0_0_0_0_0_0_0_0_0_0	4N	37	0	SUM-159_NLS_4N_O2_A22_seed	SUM-159_NLS_4N_O2_A22	15	1.06281407035176	1.00009800148298e-12	-27.6309231192474	151	oxygen-deprived	4.02049447832335e-14
20.5_20.5_2_1_0.5_0.3_0.2_0.1_0_0_0_0_0_0_0_0_0_0_0_0_0_0_0_0	4N	37	0	SUM-159_NLS_4N_O2_A22_seed	SUM-159_NLS_4N_O2_A22	16	1.10301507537688	1.00009800148298e-12	-27.6309231192474	151	oxygen-deprived	4.02049447832335e-14
20.5_20.5_2_1_0.5_0.3_0.2_0.1_0_0_0_0_0_0_0_0_0_0_0_0_0_0_0_0	4N	37	0	SUM-159_NLS_4N_O2_A22_seed	SUM-159_NLS_4N_O2_A22	17	1.14321608040201	1.00009800148298e-12	-27.6309231192474	151	oxygen-deprived	4.02049447832335e-14
20.5_20.5_2_1_0.5_0.3_0.2_0.1_0_0_0_0_0_0_0_0_0_0_0_0_0_0_0_0	4N	37	0	SUM-159_NLS_4N_O2_A22_seed	SUM-159_NLS_4N_O2_A22	18	1.18341708542714	1.00009800148298e-12	-27.6309231192474	151	oxygen-deprived	4.02049447832335e-14
20.5_20.5_2_1_0.5_0.3_0.2_0.1_0_0_0_0_0_0_0_0_0_0_0_0_0_0_0_0	4N	37	0	SUM-159_NLS_4N_O2_A22_seed	SUM-159_NLS_4N_O2_A22	19	1.22361809045226	1.00009800148298e-12	-27.6309231192474	151	oxygen-deprived	4.02049447832335e-14
20.5_20.5_2_1_0.5_0.3_0.2_0.1_0_0_0_0_0_0_0_0_0_0_0_0_0_0_0_0	4N	37	0	SUM-159_NLS_4N_O2_A22_seed	SUM-159_NLS_4N_O2_A22	20	1.26381909547739	1.00009800148298e-12	-27.6309231192474	151	oxygen-deprived	4.02049447832335e-14
20.5_20.5_2_1_0.5_0.3_0.2_0.1_0_0_0_0_0_0_0_0_0_0_0_0_0_0_0_0	4N	37	0	SUM-159_NLS_4N_O2_A22_seed	SUM-159_NLS_4N_O2_A22	21	1.30402010050251	1.00009800148298e-12	-27.6309231192474	151	oxygen-deprived	4.02049447832335e-14
20.5_20.5_2_1_0.5_0.3_0.2_0.1_0_0_0_0_0_0_0_0_0_0_0_0_0_0_0_0	4N	37	0	SUM-159_NLS_4N_O2_A22_seed	SUM-159_NLS_4N_O2_A22	22	1.34422110552764	1.00009800148298e-12	-27.6309231192474	151	oxygen-deprived	4.02049447832335e-14
20.5_20.5_2_1_0.5_0.3_0.2_0.1_0_0_0_0_0_0_0_0_0_0_0_0_0_0_0_0	4N	37	0	SUM-159_NLS_4N_O2_A22_seed	SUM-159_NLS_4N_O2_A22	23	1.38442211055276	1.00009800148298e-12	-27.6309231192474	151	oxygen-deprived	4.02049447832335e-14
20.5_20.5_2_1_0.5_0.3_0.2_0.1_0_0_0_0_0_0_0_0_0_0_0_0_0_0_0_0	4N	37	0	SUM-159_NLS_4N_O2_A22_seed	SUM-159_NLS_4N_O2_A22	24	1.42462311557789	1.00009800148298e-12	-27.6309231192474	151	oxygen-deprived	4.02049447832335e-14
20.5_20.5_2_1_0.5_0.3_0.2_0.1_0_0_0_0_0_0_0_0_0_0_0_0_0_0_0_0	4N	37	0	SUM-159_NLS_4N_O2_A22_seed	SUM-159_NLS_4N_O2_A22	25	1.46482412060302	1.00009800148298e-12	-27.6309231192474	151	oxygen-deprived	4.02049447832335e-14
20.5_20.5_2_1_0.5_0.3_0.2_0.1_0_0_0_0_0_0_0_0_0_0_0_0_0_0_0_0	4N	37	0	SUM-159_NLS_4N_O2_A22_seed	SUM-159_NLS_4N_O2_A22	26	1.50502512562814	1.00009800148298e-12	-27.6309231192474	151	oxygen-deprived	4.02049447832335e-14
20.5_20.5_2_1_0.5_0.3_0.2_0.1_0_0_0_0_0_0_0_0_0_0_0_0_0_0_0_0	4N	37	0	SUM-159_NLS_4N_O2_A22_seed	SUM-159_NLS_4N_O2_A22	27	1.54522613065327	1.00009800148298e-12	-27.6309231192474	151	oxygen-deprived	4.02049447832335e-14
20.5_20.5_2_1_0.5_0.3_0.2_0.1_0_0_0_0_0_0_0_0_0_0_0_0_0_0_0_0	4N	37	0	SUM-159_NLS_4N_O2_A22_seed	SUM-159_NLS_4N_O2_A22	28	1.58542713567839	1.00009800148298e-12	-27.6309231192474	151	oxygen-deprived	4.02049447832335e-14
20.5_20.5_2_1_0.5_0.3_0.2_0.1_0_0_0_0_0_0_0_0_0_0_0_0_0_0_0_0	4N	37	0	SUM-159_NLS_4N_O2_A22_seed	SUM-159_NLS_4N_O2_A22	29	1.62562814070352	1.00009800148298e-12	-27.6309231192474	151	oxygen-deprived	4.02049447832335e-14
20.5_20.5_2_1_0.5_0.3_0.2_0.1_0_0_0_0_0_0_0_0_0_0_0_0_0_0_0_0	4N	37	0	SUM-159_NLS_4N_O2_A22_seed	SUM-159_NLS_4N_O2_A22	30	1.66582914572864	1.00009800148298e-12	-27.6309231192474	151	oxygen-deprived	4.02049447832335e-14
20.5_20.5_2_1_0.5_0.3_0.2_0.1_0_0_0_0_0_0_0_0_0_0_0_0_0_0_0_0	4N	37	0	SUM-159_NLS_4N_O2_A22_seed	SUM-159_NLS_4N_O2_A22	31	1.70603015075377	1.00009800148298e-12	-27.6309231192474	151	oxygen-deprived	4.02049447832335e-14
20.5_20.5_2_1_0.5_0.3_0.2_0.1_0_0_0_0_0_0_0_0_0_0_0_0_0_0_0_0	4N	37	0	SUM-159_NLS_4N_O2_A22_seed	SUM-159_NLS_4N_O2_A22	32	1.74623115577889	1.00009800148298e-12	-27.6309231192474	151	oxygen-deprived	4.02049447832335e-14
20.5_20.5_2_1_0.5_0.3_0.2_0.1_0_0_0_0_0_0_0_0_0_0_0_0_0_0_0_0	4N	37	0	SUM-159_NLS_4N_O2_A22_seed	SUM-159_NLS_4N_O2_A22	33	1.78643216080402	1.00009800148298e-12	-27.6309231192474	151	oxygen-deprived	4.02049447832335e-14
20.5_20.5_2_1_0.5_0.3_0.2_0.1_0_0_0_0_0_0_0_0_0_0_0_0_0_0_0_0	4N	37	0	SUM-159_NLS_4N_O2_A22_seed	SUM-159_NLS_4N_O2_A22	34	1.82663316582915	1.00009800148298e-12	-27.6309231192474	151	oxygen-deprived	4.02049447832335e-14
20.5_20.5_2_1_0.5_0.3_0.2_0.1_0_0_0_0_0_0_0_0_0_0_0_0_0_0_0_0	4N	37	0	SUM-159_NLS_4N_O2_A22_seed	SUM-159_NLS_4N_O2_A22	35	1.86683417085427	1.00009800148298e-12	-27.6309231192474	151	oxygen-deprived	4.02049447832335e-14
20.5_20.5_2_1_0.5_0.3_0.2_0.1_0_0_0_0_0_0_0_0_0_0_0_0_0_0_0_0	4N	37	0	SUM-159_NLS_4N_O2_A22_seed	SUM-159_NLS_4N_O2_A22	36	1.9070351758794	1.00009800148298e-12	-27.6309231192474	151	oxygen-deprived	4.02049447832335e-14
20.5_20.5_2_1_0.5_0.3_0.2_0.1_0_0_0_0_0_0_0_0_0_0_0_0_0_0_0_0	4N	37	0	SUM-159_NLS_4N_O2_A22_seed	SUM-159_NLS_4N_O2_A22	37	1.94723618090452	1.00009800148298e-12	-27.6309231192474	151	oxygen-deprived	4.02049447832335e-14
20.5_20.5_2_1_0.5_0.3_0.2_0.1_0_0_0_0_0_0_0_0_0_0_0_0_0_0_0_0	4N	37	0	SUM-159_NLS_4N_O2_A22_seed	SUM-159_NLS_4N_O2_A22	38	1.98743718592965	1.00009800148298e-12	-27.6309231192474	151	oxygen-deprived	4.02049447832335e-14
20.5_20.5_2_1_0.5_0.3_0.2_0.1_0_0_0_0_0_0_0_0_0_0_0_0_0_0_0_0	4N	37	0	SUM-159_NLS_4N_O2_A22_seed	SUM-159_NLS_4N_O2_A22	39	2.02763819095477	1.00009800148298e-12	-27.6309231192474	151	oxygen-deprived	4.02049447832335e-14
20.5_20.5_2_1_0.5_0.3_0.2_0.1_0_0_0_0_0_0_0_0_0_0_0_0_0_0_0_0	4N	37	0	SUM-159_NLS_4N_O2_A22_seed	SUM-159_NLS_4N_O2_A22	40	2.0678391959799	1.00009800148298e-12	-27.6309231192474	151	oxygen-deprived	4.02049447832335e-14
20.5_20.5_2_1_0.5_0.3_0.2_0.1_0_0_0_0_0_0_0_0_0_0_0_0_0_0_0_0	4N	37	0	SUM-159_NLS_4N_O2_A22_seed	SUM-159_NLS_4N_O2_A22	41	2.10804020100502	1.00009800148298e-12	-27.6309231192474	151	oxygen-deprived	4.02049447832335e-14
20.5_20.5_2_1_0.5_0.3_0.2_0.1_0_0_0_0_0_0_0_0_0_0_0_0_0_0_0_0	4N	37	0	SUM-159_NLS_4N_O2_A22_seed	SUM-159_NLS_4N_O2_A22	42	2.14824120603015	3.01374880701426e-10	-21.9226661752749	151	oxygen-deprived	1.21155730935241e-11
20.5_20.5_2_1_0.5_0.3_0.2_0.1_0_0_0_0_0_0_0_0_0_0_0_0_0_0_0_0	4N	37	0	SUM-159_NLS_4N_O2_A22_seed	SUM-159_NLS_4N_O2_A22	43	2.18844221105528	2.02941017733122e-06	-13.1077653601681	151	oxygen-deprived	8.15843287369297e-08
20.5_20.5_2_1_0.5_0.3_0.2_0.1_0_0_0_0_0_0_0_0_0_0_0_0_0_0_0_0	4N	37	0	SUM-159_NLS_4N_O2_A22_seed	SUM-159_NLS_4N_O2_A22	44	2.2286432160804	4.57898985778087e-05	-9.99144704623966	151	oxygen-deprived	1.8407999428264e-06
20.5_20.5_2_1_0.5_0.3_0.2_0.1_0_0_0_0_0_0_0_0_0_0_0_0_0_0_0_0	4N	37	0	SUM-159_NLS_4N_O2_A22_seed	SUM-159_NLS_4N_O2_A22	45	2.26884422110553	7.88990386611557e-05	-9.44734151445593	151	oxygen-deprived	3.17182064969456e-06
20.5_20.5_2_1_0.5_0.3_0.2_0.1_0_0_0_0_0_0_0_0_0_0_0_0_0_0_0_0	4N	37	0	SUM-159_NLS_4N_O2_A22_seed	SUM-159_NLS_4N_O2_A22	46	2.30904522613065	7.67739849279187e-05	-9.47464471311302	151	oxygen-deprived	3.08639135388604e-06
20.5_20.5_2_1_0.5_0.3_0.2_0.1_0_0_0_0_0_0_0_0_0_0_0_0_0_0_0_0	4N	37	0	SUM-159_NLS_4N_O2_A22_seed	SUM-159_NLS_4N_O2_A22	47	2.34924623115578	0.000172170952865514	-8.66702266274552	151	oxygen-deprived	6.92144534132688e-06
20.5_20.5_2_1_0.5_0.3_0.2_0.1_0_0_0_0_0_0_0_0_0_0_0_0_0_0_0_0	4N	37	0	SUM-159_NLS_4N_O2_A22_seed	SUM-159_NLS_4N_O2_A22	48	2.3894472361809	0.00042396831507691	-7.76585183411683	151	oxygen-deprived	1.70439523649001e-05
20.5_20.5_2_1_0.5_0.3_0.2_0.1_0_0_0_0_0_0_0_0_0_0_0_0_0_0_0_0	4N	37	0	SUM-159_NLS_4N_O2_A22_seed	SUM-159_NLS_4N_O2_A22	49	2.42964824120603	0.00054714922036796	-7.51078899499719	151	oxygen-deprived	2.19959485575049e-05
20.5_20.5_2_1_0.5_0.3_0.2_0.1_0_0_0_0_0_0_0_0_0_0_0_0_0_0_0_0	4N	37	0	SUM-159_NLS_4N_O2_A22_seed	SUM-159_NLS_4N_O2_A22	50	2.46984924623116	0.00108098501720165	-6.8298826005491	151	oxygen-deprived	4.3456684108607e-05
20.5_20.5_2_1_0.5_0.3_0.2_0.1_0_0_0_0_0_0_0_0_0_0_0_0_0_0_0_0	4N	37	0	SUM-159_NLS_4N_O2_A22_seed	SUM-159_NLS_4N_O2_A22	51	2.51005025125628	0.00189898207832153	-6.26643728462594	151	oxygen-deprived	7.63409880732238e-05
20.5_20.5_2_1_0.5_0.3_0.2_0.1_0_0_0_0_0_0_0_0_0_0_0_0_0_0_0_0	4N	37	0	SUM-159_NLS_4N_O2_A22_seed	SUM-159_NLS_4N_O2_A22	52	2.55025125628141	0.0032233762532848	-5.73732594288027	151	oxygen-deprived	0.000129582964956167
20.5_20.5_2_1_0.5_0.3_0.2_0.1_0_0_0_0_0_0_0_0_0_0_0_0_0_0_0_0	4N	37	0	SUM-159_NLS_4N_O2_A22_seed	SUM-159_NLS_4N_O2_A22	53	2.59045226130653	0.00652789740932143	-5.03167037692767	151	oxygen-deprived	0.000262428036555623
20.5_20.5_2_1_0.5_0.3_0.2_0.1_0_0_0_0_0_0_0_0_0_0_0_0_0_0_0_0	4N	37	0	SUM-159_NLS_4N_O2_A22_seed	SUM-159_NLS_4N_O2_A22	54	2.63065326633166	0.0112689818913704	-4.48570129295523	151	oxygen-deprived	0.00045302439764301
20.5_20.5_2_1_0.5_0.3_0.2_0.1_0_0_0_0_0_0_0_0_0_0_0_0_0_0_0_0	4N	37	0	SUM-159_NLS_4N_O2_A22_seed	SUM-159_NLS_4N_O2_A22	55	2.67085427135678	0.0177276298437984	-4.03263084838489	151	oxygen-deprived	0.000712668536434074
20.5_20.5_2_1_0.5_0.3_0.2_0.1_0_0_0_0_0_0_0_0_0_0_0_0_0_0_0_0	4N	37	0	SUM-159_NLS_4N_O2_A22_seed	SUM-159_NLS_4N_O2_A22	56	2.71105527638191	0.0286201626387435	-3.55364382217454	151	oxygen-deprived	0.00115055930205999
20.5_20.5_2_1_0.5_0.3_0.2_0.1_0_0_0_0_0_0_0_0_0_0_0_0_0_0_0_0	4N	37	0	SUM-159_NLS_4N_O2_A22_seed	SUM-159_NLS_4N_O2_A22	57	2.75125628140704	0.0429671558764155	-3.14731927197282	151	oxygen-deprived	0.00172732284930306
20.5_20.5_2_1_0.5_0.3_0.2_0.1_0_0_0_0_0_0_0_0_0_0_0_0_0_0_0_0	4N	37	0	SUM-159_NLS_4N_O2_A22_seed	SUM-159_NLS_4N_O2_A22	58	2.79145728643216	0.063779583174384	-2.75232215278715	151	oxygen-deprived	0.00256400334369371
20.5_20.5_2_1_0.5_0.3_0.2_0.1_0_0_0_0_0_0_0_0_0_0_0_0_0_0_0_0	4N	37	0	SUM-159_NLS_4N_O2_A22_seed	SUM-159_NLS_4N_O2_A22	59	2.83165829145729	0.0944791642658123	-2.35937595275226	151	oxygen-deprived	0.00379815735741942
20.5_20.5_2_1_0.5_0.3_0.2_0.1_0_0_0_0_0_0_0_0_0_0_0_0_0_0_0_0	4N	37	0	SUM-159_NLS_4N_O2_A22_seed	SUM-159_NLS_4N_O2_A22	60	2.87185929648241	0.136051674708727	-1.99472050431944	151	oxygen-deprived	0.00546941405864204
20.5_20.5_2_1_0.5_0.3_0.2_0.1_0_0_0_0_0_0_0_0_0_0_0_0_0_0_0_0	4N	37	0	SUM-159_NLS_4N_O2_A22_seed	SUM-159_NLS_4N_O2_A22	61	2.91206030150754	0.193995369834927	-1.6399209870339	151	oxygen-deprived	0.00779880883758465
20.5_20.5_2_1_0.5_0.3_0.2_0.1_0_0_0_0_0_0_0_0_0_0_0_0_0_0_0_0	4N	37	0	SUM-159_NLS_4N_O2_A22_seed	SUM-159_NLS_4N_O2_A22	62	2.95226130653266	0.260964258468938	-1.34337182176872	151	oxygen-deprived	0.0104910254660875
20.5_20.5_2_1_0.5_0.3_0.2_0.1_0_0_0_0_0_0_0_0_0_0_0_0_0_0_0_0	4N	37	0	SUM-159_NLS_4N_O2_A22_seed	SUM-159_NLS_4N_O2_A22	63	2.99246231155779	0.345890353385081	-1.06163345187809	151	oxygen-deprived	0.0139051398345755
20.5_20.5_2_1_0.5_0.3_0.2_0.1_0_0_0_0_0_0_0_0_0_0_0_0_0_0_0_0	4N	37	0	SUM-159_NLS_4N_O2_A22_seed	SUM-159_NLS_4N_O2_A22	64	3.03266331658291	0.448031243610807	-0.802892308796193	151	oxygen-deprived	0.0180113062758105
20.5_20.5_2_1_0.5_0.3_0.2_0.1_0_0_0_0_0_0_0_0_0_0_0_0_0_0_0_0	4N	37	0	SUM-159_NLS_4N_O2_A22_seed	SUM-159_NLS_4N_O2_A22	65	3.07286432160804	0.566627882475472	-0.568052482638591	151	oxygen-deprived	0.0227790103507717
20.5_20.5_2_1_0.5_0.3_0.2_0.1_0_0_0_0_0_0_0_0_0_0_0_0_0_0_0_0	4N	37	0	SUM-159_NLS_4N_O2_A22_seed	SUM-159_NLS_4N_O2_A22	66	3.11306532663317	0.70372741143067	-0.351364197477588	151	oxygen-deprived	0.0282905492032417
20.5_20.5_2_1_0.5_0.3_0.2_0.1_0_0_0_0_0_0_0_0_0_0_0_0_0_0_0_0	4N	37	0	SUM-159_NLS_4N_O2_A22_seed	SUM-159_NLS_4N_O2_A22	67	3.15326633165829	0.836748611724721	-0.178231598019988	151	oxygen-deprived	0.0336381351447109
20.5_20.5_2_1_0.5_0.3_0.2_0.1_0_0_0_0_0_0_0_0_0_0_0_0_0_0_0_0	4N	37	0	SUM-159_NLS_4N_O2_A22_seed	SUM-159_NLS_4N_O2_A22	68	3.19346733668342	0.98579696633954	-0.0143048620745521	151	oxygen-deprived	0.0396300287975676
20.5_20.5_2_1_0.5_0.3_0.2_0.1_0_0_0_0_0_0_0_0_0_0_0_0_0_0_0_0	4N	37	0	SUM-159_NLS_4N_O2_A22_seed	SUM-159_NLS_4N_O2_A22	69	3.23366834170854	1.13105435596279	0.123150256070018	151	oxygen-deprived	0.0454695218477483
20.5_20.5_2_1_0.5_0.3_0.2_0.1_0_0_0_0_0_0_0_0_0_0_0_0_0_0_0_0	4N	37	0	SUM-159_NLS_4N_O2_A22_seed	SUM-159_NLS_4N_O2_A22	70	3.27386934673367	1.26097403500995	0.231884465977731	151	oxygen-deprived	0.0506924235179856
20.5_20.5_2_1_0.5_0.3_0.2_0.1_0_0_0_0_0_0_0_0_0_0_0_0_0_0_0_0	4N	37	0	SUM-159_NLS_4N_O2_A22_seed	SUM-159_NLS_4N_O2_A22	71	3.31407035175879	1.36810696107369	0.313428004063208	151	oxygen-deprived	0.0549992748170302
20.5_20.5_2_1_0.5_0.3_0.2_0.1_0_0_0_0_0_0_0_0_0_0_0_0_0_0_0_0	4N	37	0	SUM-159_NLS_4N_O2_A22_seed	SUM-159_NLS_4N_O2_A22	72	3.35427135678392	1.4441084499701	0.36749214150789	151	oxygen-deprived	0.0580546110540717
20.5_20.5_2_1_0.5_0.3_0.2_0.1_0_0_0_0_0_0_0_0_0_0_0_0_0_0_0_0	4N	37	0	SUM-159_NLS_4N_O2_A22_seed	SUM-159_NLS_4N_O2_A22	73	3.39447236180905	1.49381854106415	0.401335620876218	151	oxygen-deprived	0.060053006675943
20.5_20.5_2_1_0.5_0.3_0.2_0.1_0_0_0_0_0_0_0_0_0_0_0_0_0_0_0_0	4N	37	0	SUM-159_NLS_4N_O2_A22_seed	SUM-159_NLS_4N_O2_A22	74	3.43467336683417	1.52097865411433	0.419353979065808	151	oxygen-deprived	0.0611448705171562
20.5_20.5_2_1_0.5_0.3_0.2_0.1_0_0_0_0_0_0_0_0_0_0_0_0_0_0_0_0	4N	37	0	SUM-159_NLS_4N_O2_A22_seed	SUM-159_NLS_4N_O2_A22	75	3.4748743718593	1.49617449891314	0.402911516408457	151	oxygen-deprived	0.0601477185492692
20.5_20.5_2_1_0.5_0.3_0.2_0.1_0_0_0_0_0_0_0_0_0_0_0_0_0_0_0_0	4N	37	0	SUM-159_NLS_4N_O2_A22_seed	SUM-159_NLS_4N_O2_A22	76	3.51507537688442	1.44196145496918	0.366004308248342	151	oxygen-deprived	0.0579682996972508
20.5_20.5_2_1_0.5_0.3_0.2_0.1_0_0_0_0_0_0_0_0_0_0_0_0_0_0_0_0	4N	37	0	SUM-159_NLS_4N_O2_A22_seed	SUM-159_NLS_4N_O2_A22	77	3.55527638190955	1.34812432737733	0.298714239229183	151	oxygen-deprived	0.0541959528593877
20.5_20.5_2_1_0.5_0.3_0.2_0.1_0_0_0_0_0_0_0_0_0_0_0_0_0_0_0_0	4N	37	0	SUM-159_NLS_4N_O2_A22_seed	SUM-159_NLS_4N_O2_A22	78	3.59547738693467	1.24575894032045	0.219744934810619	151	oxygen-deprived	0.0500807614199153
20.5_20.5_2_1_0.5_0.3_0.2_0.1_0_0_0_0_0_0_0_0_0_0_0_0_0_0_0_0	4N	37	0	SUM-159_NLS_4N_O2_A22_seed	SUM-159_NLS_4N_O2_A22	79	3.6356783919598	1.11687804552318	0.110537333753294	151	oxygen-deprived	0.0448996199205278
20.5_20.5_2_1_0.5_0.3_0.2_0.1_0_0_0_0_0_0_0_0_0_0_0_0_0_0_0_0	4N	37	0	SUM-159_NLS_4N_O2_A22_seed	SUM-159_NLS_4N_O2_A22	80	3.67587939698492	0.985558600209711	-0.0145466917424571	151	oxygen-deprived	0.0396204462395846
20.5_20.5_2_1_0.5_0.3_0.2_0.1_0_0_0_0_0_0_0_0_0_0_0_0_0_0_0_0	4N	37	0	SUM-159_NLS_4N_O2_A22_seed	SUM-159_NLS_4N_O2_A22	81	3.71608040201005	0.856593647695381	-0.15479162954704	151	oxygen-deprived	0.0344359255354911
20.5_20.5_2_1_0.5_0.3_0.2_0.1_0_0_0_0_0_0_0_0_0_0_0_0_0_0_0_0	4N	37	0	SUM-159_NLS_4N_O2_A22_seed	SUM-159_NLS_4N_O2_A22	82	3.75628140703518	0.720898489297566	-0.327256943152152	151	oxygen-deprived	0.0289808437908556
20.5_20.5_2_1_0.5_0.3_0.2_0.1_0_0_0_0_0_0_0_0_0_0_0_0_0_0_0_0	4N	37	0	SUM-159_NLS_4N_O2_A22_seed	SUM-159_NLS_4N_O2_A22	83	3.7964824120603	0.603116876247206	-0.505644276414285	151	oxygen-deprived	0.0242459045727509
20.5_20.5_2_1_0.5_0.3_0.2_0.1_0_0_0_0_0_0_0_0_0_0_0_0_0_0_0_0	4N	37	0	SUM-159_NLS_4N_O2_A22_seed	SUM-159_NLS_4N_O2_A22	84	3.83668341708543	0.490916636259268	-0.711480949188494	151	oxygen-deprived	0.0197353421611757
20.5_20.5_2_1_0.5_0.3_0.2_0.1_0_0_0_0_0_0_0_0_0_0_0_0_0_0_0_0	4N	37	0	SUM-159_NLS_4N_O2_A22_seed	SUM-159_NLS_4N_O2_A22	85	3.87688442211055	0.390362984431404	-0.940678243407114	151	oxygen-deprived	0.0156929842987492
20.5_20.5_2_1_0.5_0.3_0.2_0.1_0_0_0_0_0_0_0_0_0_0_0_0_0_0_0_0	4N	37	0	SUM-159_NLS_4N_O2_A22_seed	SUM-159_NLS_4N_O2_A22	86	3.91708542713568	0.306453955825656	-1.18268776058205	151	oxygen-deprived	0.0123197570181163
20.5_20.5_2_1_0.5_0.3_0.2_0.1_0_0_0_0_0_0_0_0_0_0_0_0_0_0_0_0	4N	37	0	SUM-159_NLS_4N_O2_A22_seed	SUM-159_NLS_4N_O2_A22	87	3.9572864321608	0.234835089275364	-1.4488717589426	151	oxygen-deprived	0.0094406066040343
20.5_20.5_2_1_0.5_0.3_0.2_0.1_0_0_0_0_0_0_0_0_0_0_0_0_0_0_0_0	4N	37	0	SUM-159_NLS_4N_O2_A22_seed	SUM-159_NLS_4N_O2_A22	88	3.99748743718593	0.166990143103824	-1.78982049163772	151	oxygen-deprived	0.00671317158206297
20.5_20.5_2_1_0.5_0.3_0.2_0.1_0_0_0_0_0_0_0_0_0_0_0_0_0_0_0_0	4N	37	0	SUM-159_NLS_4N_O2_A22_seed	SUM-159_NLS_4N_O2_A22	89	4.03768844221106	0.121121335455066	-2.11096246346982	151	oxygen-deprived	0.00486919941527881
20.5_20.5_2_1_0.5_0.3_0.2_0.1_0_0_0_0_0_0_0_0_0_0_0_0_0_0_0_0	4N	37	0	SUM-159_NLS_4N_O2_A22_seed	SUM-159_NLS_4N_O2_A22	90	4.07788944723618	0.0914756437131504	-2.39168253106254	151	oxygen-deprived	0.00367741281258879
20.5_20.5_2_1_0.5_0.3_0.2_0.1_0_0_0_0_0_0_0_0_0_0_0_0_0_0_0_0	4N	37	0	SUM-159_NLS_4N_O2_A22_seed	SUM-159_NLS_4N_O2_A22	91	4.11809045226131	0.0700127116745958	-2.65907845806785	151	oxygen-deprived	0.00281458137385297
20.5_20.5_2_1_0.5_0.3_0.2_0.1_0_0_0_0_0_0_0_0_0_0_0_0_0_0_0_0	4N	37	0	SUM-159_NLS_4N_O2_A22_seed	SUM-159_NLS_4N_O2_A22	92	4.15829145728643	0.0546572620113958	-2.90667319100291	151	oxygen-deprived	0.00219727686477963
20.5_20.5_2_1_0.5_0.3_0.2_0.1_0_0_0_0_0_0_0_0_0_0_0_0_0_0_0_0	4N	37	0	SUM-159_NLS_4N_O2_A22_seed	SUM-159_NLS_4N_O2_A22	93	4.19849246231156	0.0409195029443527	-3.19614848498244	151	oxygen-deprived	0.00164500514349149
20.5_20.5_2_1_0.5_0.3_0.2_0.1_0_0_0_0_0_0_0_0_0_0_0_0_0_0_0_0	4N	37	0	SUM-159_NLS_4N_O2_A22_seed	SUM-159_NLS_4N_O2_A22	94	4.23869346733668	0.0308067544863761	-3.48002131153995	151	oxygen-deprived	0.00123846249191456
20.5_20.5_2_1_0.5_0.3_0.2_0.1_0_0_0_0_0_0_0_0_0_0_0_0_0_0_0_0	4N	37	0	SUM-159_NLS_4N_O2_A22_seed	SUM-159_NLS_4N_O2_A22	95	4.27889447236181	0.0250397233545859	-3.68729178095081	151	oxygen-deprived	0.00100662204440542
20.5_20.5_2_1_0.5_0.3_0.2_0.1_0_0_0_0_0_0_0_0_0_0_0_0_0_0_0_0	4N	37	0	SUM-159_NLS_4N_O2_A22_seed	SUM-159_NLS_4N_O2_A22	96	4.31909547738693	0.0176466080602483	-4.03721169196098	151	oxygen-deprived	0.000709411379306432
20.5_20.5_2_1_0.5_0.3_0.2_0.1_0_0_0_0_0_0_0_0_0_0_0_0_0_0_0_0	4N	37	0	SUM-159_NLS_4N_O2_A22_seed	SUM-159_NLS_4N_O2_A22	97	4.35929648241206	0.013470649021026	-4.30724210701638	151	oxygen-deprived	0.000541533628985945
20.5_20.5_2_1_0.5_0.3_0.2_0.1_0_0_0_0_0_0_0_0_0_0_0_0_0_0_0_0	4N	37	0	SUM-159_NLS_4N_O2_A22_seed	SUM-159_NLS_4N_O2_A22	98	4.39949748743719	0.00951124865143745	-4.6552801122596	151	oxygen-deprived	0.000382361754831639
20.5_20.5_2_1_0.5_0.3_0.2_0.1_0_0_0_0_0_0_0_0_0_0_0_0_0_0_0_0	4N	37	0	SUM-159_NLS_4N_O2_A22_seed	SUM-159_NLS_4N_O2_A22	99	4.43969849246231	0.00724430135073727	-4.92754013977967	151	oxygen-deprived	0.0002912281950045
20.5_20.5_2_1_0.5_0.3_0.2_0.1_0_0_0_0_0_0_0_0_0_0_0_0_0_0_0_0	4N	37	0	SUM-159_NLS_4N_O2_A22_seed	SUM-159_NLS_4N_O2_A22	100	4.47989949748744	0.00467529562842384	-5.36546288221431	151	oxygen-deprived	0.000187951583052206
20.5_20.5_2_1_0.5_0.3_0.2_0.1_0_0_0_0_0_0_0_0_0_0_0_0_0_0_0_0	4N	37	0	SUM-159_NLS_4N_O2_A22_seed	SUM-159_NLS_4N_O2_A22	101	4.52010050251256	0.00431420965083438	-5.44584113441335	151	oxygen-deprived	0.00017343556385263
20.5_20.5_2_1_0.5_0.3_0.2_0.1_0_0_0_0_0_0_0_0_0_0_0_0_0_0_0_0	4N	37	0	SUM-159_NLS_4N_O2_A22_seed	SUM-159_NLS_4N_O2_A22	102	4.56030150753769	0.00309790977747882	-5.77702766023955	151	oxygen-deprived	0.000124539086531806
20.5_20.5_2_1_0.5_0.3_0.2_0.1_0_0_0_0_0_0_0_0_0_0_0_0_0_0_0_0	4N	37	0	SUM-159_NLS_4N_O2_A22_seed	SUM-159_NLS_4N_O2_A22	103	4.60050251256281	0.00203682883086476	-6.19636117528058	151	oxygen-deprived	8.18825660649112e-05
20.5_20.5_2_1_0.5_0.3_0.2_0.1_0_0_0_0_0_0_0_0_0_0_0_0_0_0_0_0	4N	37	0	SUM-159_NLS_4N_O2_A22_seed	SUM-159_NLS_4N_O2_A22	104	4.64070351758794	0.00120122998747358	-6.72440925756999	151	oxygen-deprived	4.82906527627548e-05
20.5_20.5_2_1_0.5_0.3_0.2_0.1_0_0_0_0_0_0_0_0_0_0_0_0_0_0_0_0	4N	37	0	SUM-159_NLS_4N_O2_A22_seed	SUM-159_NLS_4N_O2_A22	105	4.68090452261307	0.00119561076016681	-6.72909812779003	151	oxygen-deprived	4.8064754177558e-05
20.5_20.5_2_1_0.5_0.3_0.2_0.1_0_0_0_0_0_0_0_0_0_0_0_0_0_0_0_0	4N	37	0	SUM-159_NLS_4N_O2_A22_seed	SUM-159_NLS_4N_O2_A22	106	4.72110552763819	0.000830230199620032	-7.09380754668794	151	oxygen-deprived	3.33760884269344e-05
20.5_20.5_2_1_0.5_0.3_0.2_0.1_0_0_0_0_0_0_0_0_0_0_0_0_0_0_0_0	4N	37	0	SUM-159_NLS_4N_O2_A22_seed	SUM-159_NLS_4N_O2_A22	107	4.76130653266332	0.000510834871685967	-7.57946416736952	151	oxygen-deprived	2.0536075243656e-05
20.5_20.5_2_1_0.5_0.3_0.2_0.1_0_0_0_0_0_0_0_0_0_0_0_0_0_0_0_0	4N	37	0	SUM-159_NLS_4N_O2_A22_seed	SUM-159_NLS_4N_O2_A22	108	4.80150753768844	0.000269245579170085	-8.21988666111518	151	oxygen-deprived	1.0823942881209e-05
20.5_20.5_2_1_0.5_0.3_0.2_0.1_0_0_0_0_0_0_0_0_0_0_0_0_0_0_0_0	4N	37	0	SUM-159_NLS_4N_O2_A22_seed	SUM-159_NLS_4N_O2_A22	109	4.84170854271357	0.000132265866397029	-8.93069652166566	151	oxygen-deprived	5.31722075967931e-06
20.5_20.5_2_1_0.5_0.3_0.2_0.1_0_0_0_0_0_0_0_0_0_0_0_0_0_0_0_0	4N	37	0	SUM-159_NLS_4N_O2_A22_seed	SUM-159_NLS_4N_O2_A22	110	4.88190954773869	0.000133932815609123	-8.91817225979568	151	oxygen-deprived	5.38423379333133e-06
20.5_20.5_2_1_0.5_0.3_0.2_0.1_0_0_0_0_0_0_0_0_0_0_0_0_0_0_0_0	4N	37	0	SUM-159_NLS_4N_O2_A22_seed	SUM-159_NLS_4N_O2_A22	111	4.92211055276382	0.000103547890182212	-9.17547634520025	151	oxygen-deprived	4.16272925355607e-06
20.5_20.5_2_1_0.5_0.3_0.2_0.1_0_0_0_0_0_0_0_0_0_0_0_0_0_0_0_0	4N	37	0	SUM-159_NLS_4N_O2_A22_seed	SUM-159_NLS_4N_O2_A22	112	4.96231155778894	4.83343540787495e-05	-9.93736798556413	151	oxygen-deprived	1.94308961120592e-06
20.5_20.5_2_1_0.5_0.3_0.2_0.1_0_0_0_0_0_0_0_0_0_0_0_0_0_0_0_0	4N	37	0	SUM-159_NLS_4N_O2_A22_seed	SUM-159_NLS_4N_O2_A22	113	5.00251256281407	5.82568262794313e-05	-9.75064928303814	151	oxygen-deprived	2.34198296600718e-06
20.5_20.5_2_1_0.5_0.3_0.2_0.1_0_0_0_0_0_0_0_0_0_0_0_0_0_0_0_0	4N	37	0	SUM-159_NLS_4N_O2_A22_seed	SUM-159_NLS_4N_O2_A22	114	5.0427135678392	2.68614676865215e-05	-10.5248177262726	151	oxygen-deprived	1.07985799744805e-06
20.5_20.5_2_1_0.5_0.3_0.2_0.1_0_0_0_0_0_0_0_0_0_0_0_0_0_0_0_0	4N	37	0	SUM-159_NLS_4N_O2_A22_seed	SUM-159_NLS_4N_O2_A22	115	5.08291457286432	3.21498742755183e-05	-10.3451020178476	151	oxygen-deprived	1.29245725730721e-06
20.5_20.5_2_1_0.5_0.3_0.2_0.1_0_0_0_0_0_0_0_0_0_0_0_0_0_0_0_0	4N	37	0	SUM-159_NLS_4N_O2_A22_seed	SUM-159_NLS_4N_O2_A22	116	5.12311557788945	8.34407243915349e-06	-11.6939591587175	151	oxygen-deprived	3.35440098056406e-07
20.5_20.5_2_1_0.5_0.3_0.2_0.1_0_0_0_0_0_0_0_0_0_0_0_0_0_0_0_0	4N	37	0	SUM-159_NLS_4N_O2_A22_seed	SUM-159_NLS_4N_O2_A22	117	5.16331658291457	1.2508117039082e-08	-18.1968880402566	151	oxygen-deprived	5.02838875942972e-10
20.5_20.5_2_1_0.5_0.3_0.2_0.1_0_0_0_0_0_0_0_0_0_0_0_0_0_0_0_0	4N	37	0	SUM-159_NLS_4N_O2_A22_seed	SUM-159_NLS_4N_O2_A22	118	5.2035175879397	1.00009800148298e-12	-27.6309231192474	151	oxygen-deprived	4.02049447832335e-14
20.5_20.5_2_1_0.5_0.3_0.2_0.1_0_0_0_0_0_0_0_0_0_0_0_0_0_0_0_0	4N	37	0	SUM-159_NLS_4N_O2_A22_seed	SUM-159_NLS_4N_O2_A22	119	5.24371859296482	1.00009800148298e-12	-27.6309231192474	151	oxygen-deprived	4.02049447832335e-14
20.5_20.5_2_1_0.5_0.3_0.2_0.1_0_0_0_0_0_0_0_0_0_0_0_0_0_0_0_0	4N	37	0	SUM-159_NLS_4N_O2_A22_seed	SUM-159_NLS_4N_O2_A22	120	5.28391959798995	1.00009800148298e-12	-27.6309231192474	151	oxygen-deprived	4.02049447832335e-14
20.5_20.5_2_1_0.5_0.3_0.2_0.1_0_0_0_0_0_0_0_0_0_0_0_0_0_0_0_0	4N	37	0	SUM-159_NLS_4N_O2_A22_seed	SUM-159_NLS_4N_O2_A22	121	5.32412060301508	1.00009800148298e-12	-27.6309231192474	151	oxygen-deprived	4.02049447832335e-14
20.5_20.5_2_1_0.5_0.3_0.2_0.1_0_0_0_0_0_0_0_0_0_0_0_0_0_0_0_0	4N	37	0	SUM-159_NLS_4N_O2_A22_seed	SUM-159_NLS_4N_O2_A22	122	5.3643216080402	1.00009800148298e-12	-27.6309231192474	151	oxygen-deprived	4.02049447832335e-14
20.5_20.5_2_1_0.5_0.3_0.2_0.1_0_0_0_0_0_0_0_0_0_0_0_0_0_0_0_0	4N	37	0	SUM-159_NLS_4N_O2_A22_seed	SUM-159_NLS_4N_O2_A22	123	5.40452261306533	1.00009800148298e-12	-27.6309231192474	151	oxygen-deprived	4.02049447832335e-14
20.5_20.5_2_1_0.5_0.3_0.2_0.1_0_0_0_0_0_0_0_0_0_0_0_0_0_0_0_0	4N	37	0	SUM-159_NLS_4N_O2_A22_seed	SUM-159_NLS_4N_O2_A22	124	5.44472361809045	1.00009800148298e-12	-27.6309231192474	151	oxygen-deprived	4.02049447832335e-14
20.5_20.5_2_1_0.5_0.3_0.2_0.1_0_0_0_0_0_0_0_0_0_0_0_0_0_0_0_0	4N	37	0	SUM-159_NLS_4N_O2_A22_seed	SUM-159_NLS_4N_O2_A22	125	5.48492462311558	1.00009800148298e-12	-27.6309231192474	151	oxygen-deprived	4.02049447832335e-14
20.5_20.5_2_1_0.5_0.3_0.2_0.1_0_0_0_0_0_0_0_0_0_0_0_0_0_0_0_0	4N	37	0	SUM-159_NLS_4N_O2_A22_seed	SUM-159_NLS_4N_O2_A22	126	5.5251256281407	1.00009800148298e-12	-27.6309231192474	151	oxygen-deprived	4.02049447832335e-14
20.5_20.5_2_1_0.5_0.3_0.2_0.1_0_0_0_0_0_0_0_0_0_0_0_0_0_0_0_0	4N	37	0	SUM-159_NLS_4N_O2_A22_seed	SUM-159_NLS_4N_O2_A22	127	5.56532663316583	1.00009800148298e-12	-27.6309231192474	151	oxygen-deprived	4.02049447832335e-14
20.5_20.5_2_1_0.5_0.3_0.2_0.1_0_0_0_0_0_0_0_0_0_0_0_0_0_0_0_0	4N	37	0	SUM-159_NLS_4N_O2_A22_seed	SUM-159_NLS_4N_O2_A22	128	5.60552763819095	1.00009800148298e-12	-27.6309231192474	151	oxygen-deprived	4.02049447832335e-14
20.5_20.5_2_1_0.5_0.3_0.2_0.1_0_0_0_0_0_0_0_0_0_0_0_0_0_0_0_0	4N	37	0	SUM-159_NLS_4N_O2_A22_seed	SUM-159_NLS_4N_O2_A22	129	5.64572864321608	1.00009800148298e-12	-27.6309231192474	151	oxygen-deprived	4.02049447832335e-14
20.5_20.5_2_1_0.5_0.3_0.2_0.1_0_0_0_0_0_0_0_0_0_0_0_0_0_0_0_0	4N	37	0	SUM-159_NLS_4N_O2_A22_seed	SUM-159_NLS_4N_O2_A22	130	5.68592964824121	1.00009800148298e-12	-27.6309231192474	151	oxygen-deprived	4.02049447832335e-14
20.5_20.5_2_1_0.5_0.3_0.2_0.1_0_0_0_0_0_0_0_0_0_0_0_0_0_0_0_0	4N	37	0	SUM-159_NLS_4N_O2_A22_seed	SUM-159_NLS_4N_O2_A22	131	5.72613065326633	1.00009800148298e-12	-27.6309231192474	151	oxygen-deprived	4.02049447832335e-14
20.5_20.5_2_1_0.5_0.3_0.2_0.1_0_0_0_0_0_0_0_0_0_0_0_0_0_0_0_0	4N	37	0	SUM-159_NLS_4N_O2_A22_seed	SUM-159_NLS_4N_O2_A22	132	5.76633165829146	1.00009800148298e-12	-27.6309231192474	151	oxygen-deprived	4.02049447832335e-14
20.5_20.5_2_1_0.5_0.3_0.2_0.1_0_0_0_0_0_0_0_0_0_0_0_0_0_0_0_0	4N	37	0	SUM-159_NLS_4N_O2_A22_seed	SUM-159_NLS_4N_O2_A22	133	5.80653266331658	1.00009800148298e-12	-27.6309231192474	151	oxygen-deprived	4.02049447832335e-14
20.5_20.5_2_1_0.5_0.3_0.2_0.1_0_0_0_0_0_0_0_0_0_0_0_0_0_0_0_0	4N	37	0	SUM-159_NLS_4N_O2_A22_seed	SUM-159_NLS_4N_O2_A22	134	5.84673366834171	1.00009800148298e-12	-27.6309231192474	151	oxygen-deprived	4.02049447832335e-14
20.5_20.5_2_1_0.5_0.3_0.2_0.1_0_0_0_0_0_0_0_0_0_0_0_0_0_0_0_0	4N	37	0	SUM-159_NLS_4N_O2_A22_seed	SUM-159_NLS_4N_O2_A22	135	5.88693467336683	1.00009800148298e-12	-27.6309231192474	151	oxygen-deprived	4.02049447832335e-14
20.5_20.5_2_1_0.5_0.3_0.2_0.1_0_0_0_0_0_0_0_0_0_0_0_0_0_0_0_0	4N	37	0	SUM-159_NLS_4N_O2_A22_seed	SUM-159_NLS_4N_O2_A22	136	5.92713567839196	1.00009800148298e-12	-27.6309231192474	151	oxygen-deprived	4.02049447832335e-14
20.5_20.5_2_1_0.5_0.3_0.2_0.1_0_0_0_0_0_0_0_0_0_0_0_0_0_0_0_0	4N	37	0	SUM-159_NLS_4N_O2_A22_seed	SUM-159_NLS_4N_O2_A22	137	5.96733668341709	1.00009800148298e-12	-27.6309231192474	151	oxygen-deprived	4.02049447832335e-14
20.5_20.5_2_1_0.5_0.3_0.2_0.1_0_0_0_0_0_0_0_0_0_0_0_0_0_0_0_0	4N	37	0	SUM-159_NLS_4N_O2_A22_seed	SUM-159_NLS_4N_O2_A22	138	6.00753768844221	1.00009800148298e-12	-27.6309231192474	151	oxygen-deprived	4.02049447832335e-14
20.5_20.5_2_1_0.5_0.3_0.2_0.1_0_0_0_0_0_0_0_0_0_0_0_0_0_0_0_0	4N	37	0	SUM-159_NLS_4N_O2_A22_seed	SUM-159_NLS_4N_O2_A22	139	6.04773869346734	1.00009800148298e-12	-27.6309231192474	151	oxygen-deprived	4.02049447832335e-14
20.5_20.5_2_1_0.5_0.3_0.2_0.1_0_0_0_0_0_0_0_0_0_0_0_0_0_0_0_0	4N	37	0	SUM-159_NLS_4N_O2_A22_seed	SUM-159_NLS_4N_O2_A22	140	6.08793969849246	1.00009800148298e-12	-27.6309231192474	151	oxygen-deprived	4.02049447832335e-14
20.5_20.5_2_1_0.5_0.3_0.2_0.1_0_0_0_0_0_0_0_0_0_0_0_0_0_0_0_0	4N	37	0	SUM-159_NLS_4N_O2_A22_seed	SUM-159_NLS_4N_O2_A22	141	6.12814070351759	1.00009800148298e-12	-27.6309231192474	151	oxygen-deprived	4.02049447832335e-14
20.5_20.5_2_1_0.5_0.3_0.2_0.1_0_0_0_0_0_0_0_0_0_0_0_0_0_0_0_0	4N	37	0	SUM-159_NLS_4N_O2_A22_seed	SUM-159_NLS_4N_O2_A22	142	6.16834170854271	1.00009800148298e-12	-27.6309231192474	151	oxygen-deprived	4.02049447832335e-14
20.5_20.5_2_1_0.5_0.3_0.2_0.1_0_0_0_0_0_0_0_0_0_0_0_0_0_0_0_0	4N	37	0	SUM-159_NLS_4N_O2_A22_seed	SUM-159_NLS_4N_O2_A22	143	6.20854271356784	1.00009800148298e-12	-27.6309231192474	151	oxygen-deprived	4.02049447832335e-14
20.5_20.5_2_1_0.5_0.3_0.2_0.1_0_0_0_0_0_0_0_0_0_0_0_0_0_0_0_0	4N	37	0	SUM-159_NLS_4N_O2_A22_seed	SUM-159_NLS_4N_O2_A22	144	6.24874371859296	1.00009800148298e-12	-27.6309231192474	151	oxygen-deprived	4.02049447832335e-14
20.5_20.5_2_1_0.5_0.3_0.2_0.1_0_0_0_0_0_0_0_0_0_0_0_0_0_0_0_0	4N	37	0	SUM-159_NLS_4N_O2_A22_seed	SUM-159_NLS_4N_O2_A22	145	6.28894472361809	1.00009800148298e-12	-27.6309231192474	151	oxygen-deprived	4.02049447832335e-14
20.5_20.5_2_1_0.5_0.3_0.2_0.1_0_0_0_0_0_0_0_0_0_0_0_0_0_0_0_0	4N	37	0	SUM-159_NLS_4N_O2_A22_seed	SUM-159_NLS_4N_O2_A22	146	6.32914572864322	1.00009800148298e-12	-27.6309231192474	151	oxygen-deprived	4.02049447832335e-14
20.5_20.5_2_1_0.5_0.3_0.2_0.1_0_0_0_0_0_0_0_0_0_0_0_0_0_0_0_0	4N	37	0	SUM-159_NLS_4N_O2_A22_seed	SUM-159_NLS_4N_O2_A22	147	6.36934673366834	1.00009800148298e-12	-27.6309231192474	151	oxygen-deprived	4.02049447832335e-14
20.5_20.5_2_1_0.5_0.3_0.2_0.1_0_0_0_0_0_0_0_0_0_0_0_0_0_0_0_0	4N	37	0	SUM-159_NLS_4N_O2_A22_seed	SUM-159_NLS_4N_O2_A22	148	6.40954773869347	1.00009800148298e-12	-27.6309231192474	151	oxygen-deprived	4.02049447832335e-14
20.5_20.5_2_1_0.5_0.3_0.2_0.1_0_0_0_0_0_0_0_0_0_0_0_0_0_0_0_0	4N	37	0	SUM-159_NLS_4N_O2_A22_seed	SUM-159_NLS_4N_O2_A22	149	6.44974874371859	1.00009800148298e-12	-27.6309231192474	151	oxygen-deprived	4.02049447832335e-14
20.5_20.5_2_1_0.5_0.3_0.2_0.1_0_0_0_0_0_0_0_0_0_0_0_0_0_0_0_0	4N	37	0	SUM-159_NLS_4N_O2_A22_seed	SUM-159_NLS_4N_O2_A22	150	6.48994974874372	1.00009800148298e-12	-27.6309231192474	151	oxygen-deprived	4.02049447832335e-14
20.5_20.5_2_1_0.5_0.3_0.2_0.1_0_0_0_0_0_0_0_0_0_0_0_0_0_0_0_0	4N	37	0	SUM-159_NLS_4N_O2_A22_seed	SUM-159_NLS_4N_O2_A22	151	6.53015075376884	1.00009800148298e-12	-27.6309231192474	151	oxygen-deprived	4.02049447832335e-14
20.5_20.5_2_1_0.5_0.3_0.2_0.1_0_0_0_0_0_0_0_0_0_0_0_0_0_0_0_0	4N	37	0	SUM-159_NLS_4N_O2_A22_seed	SUM-159_NLS_4N_O2_A22	152	6.57035175879397	1.00009800148298e-12	-27.6309231192474	151	oxygen-deprived	4.02049447832335e-14
20.5_20.5_2_1_0.5_0.3_0.2_0.1_0_0_0_0_0_0_0_0_0_0_0_0_0_0_0_0	4N	37	0	SUM-159_NLS_4N_O2_A22_seed	SUM-159_NLS_4N_O2_A22	153	6.6105527638191	1.00009800148298e-12	-27.6309231192474	151	oxygen-deprived	4.02049447832335e-14
20.5_20.5_2_1_0.5_0.3_0.2_0.1_0_0_0_0_0_0_0_0_0_0_0_0_0_0_0_0	4N	37	0	SUM-159_NLS_4N_O2_A22_seed	SUM-159_NLS_4N_O2_A22	154	6.65075376884422	1.00009800148298e-12	-27.6309231192474	151	oxygen-deprived	4.02049447832335e-14
20.5_20.5_2_1_0.5_0.3_0.2_0.1_0_0_0_0_0_0_0_0_0_0_0_0_0_0_0_0	4N	37	0	SUM-159_NLS_4N_O2_A22_seed	SUM-159_NLS_4N_O2_A22	155	6.69095477386935	1.00009800148298e-12	-27.6309231192474	151	oxygen-deprived	4.02049447832335e-14
20.5_20.5_2_1_0.5_0.3_0.2_0.1_0_0_0_0_0_0_0_0_0_0_0_0_0_0_0_0	4N	37	0	SUM-159_NLS_4N_O2_A22_seed	SUM-159_NLS_4N_O2_A22	156	6.73115577889447	1.00009800148298e-12	-27.6309231192474	151	oxygen-deprived	4.02049447832335e-14
20.5_20.5_2_1_0.5_0.3_0.2_0.1_0_0_0_0_0_0_0_0_0_0_0_0_0_0_0_0	4N	37	0	SUM-159_NLS_4N_O2_A22_seed	SUM-159_NLS_4N_O2_A22	157	6.7713567839196	1.00009800148298e-12	-27.6309231192474	151	oxygen-deprived	4.02049447832335e-14
20.5_20.5_2_1_0.5_0.3_0.2_0.1_0_0_0_0_0_0_0_0_0_0_0_0_0_0_0_0	4N	37	0	SUM-159_NLS_4N_O2_A22_seed	SUM-159_NLS_4N_O2_A22	158	6.81155778894472	1.00009800148298e-12	-27.6309231192474	151	oxygen-deprived	4.02049447832335e-14
20.5_20.5_2_1_0.5_0.3_0.2_0.1_0_0_0_0_0_0_0_0_0_0_0_0_0_0_0_0	4N	37	0	SUM-159_NLS_4N_O2_A22_seed	SUM-159_NLS_4N_O2_A22	159	6.85175879396985	1.00009800148298e-12	-27.6309231192474	151	oxygen-deprived	4.02049447832335e-14
20.5_20.5_2_1_0.5_0.3_0.2_0.1_0_0_0_0_0_0_0_0_0_0_0_0_0_0_0_0	4N	37	0	SUM-159_NLS_4N_O2_A22_seed	SUM-159_NLS_4N_O2_A22	160	6.89195979899498	1.00009800148298e-12	-27.6309231192474	151	oxygen-deprived	4.02049447832335e-14
20.5_20.5_2_1_0.5_0.3_0.2_0.1_0_0_0_0_0_0_0_0_0_0_0_0_0_0_0_0	4N	37	0	SUM-159_NLS_4N_O2_A22_seed	SUM-159_NLS_4N_O2_A22	161	6.9321608040201	1.00009800148298e-12	-27.6309231192474	151	oxygen-deprived	4.02049447832335e-14
20.5_20.5_2_1_0.5_0.3_0.2_0.1_0_0_0_0_0_0_0_0_0_0_0_0_0_0_0_0	4N	37	0	SUM-159_NLS_4N_O2_A22_seed	SUM-159_NLS_4N_O2_A22	162	6.97236180904523	1.00009800148298e-12	-27.6309231192474	151	oxygen-deprived	4.02049447832335e-14
20.5_20.5_2_1_0.5_0.3_0.2_0.1_0_0_0_0_0_0_0_0_0_0_0_0_0_0_0_0	4N	37	0	SUM-159_NLS_4N_O2_A22_seed	SUM-159_NLS_4N_O2_A22	163	7.01256281407035	1.00009800148298e-12	-27.6309231192474	151	oxygen-deprived	4.02049447832335e-14
20.5_20.5_2_1_0.5_0.3_0.2_0.1_0_0_0_0_0_0_0_0_0_0_0_0_0_0_0_0	4N	37	0	SUM-159_NLS_4N_O2_A22_seed	SUM-159_NLS_4N_O2_A22	164	7.05276381909548	1.00009800148298e-12	-27.6309231192474	151	oxygen-deprived	4.02049447832335e-14
20.5_20.5_2_1_0.5_0.3_0.2_0.1_0_0_0_0_0_0_0_0_0_0_0_0_0_0_0_0	4N	37	0	SUM-159_NLS_4N_O2_A22_seed	SUM-159_NLS_4N_O2_A22	165	7.0929648241206	1.00009800148298e-12	-27.6309231192474	151	oxygen-deprived	4.02049447832335e-14
20.5_20.5_2_1_0.5_0.3_0.2_0.1_0_0_0_0_0_0_0_0_0_0_0_0_0_0_0_0	4N	37	0	SUM-159_NLS_4N_O2_A22_seed	SUM-159_NLS_4N_O2_A22	166	7.13316582914573	1.00009800148298e-12	-27.6309231192474	151	oxygen-deprived	4.02049447832335e-14
20.5_20.5_2_1_0.5_0.3_0.2_0.1_0_0_0_0_0_0_0_0_0_0_0_0_0_0_0_0	4N	37	0	SUM-159_NLS_4N_O2_A22_seed	SUM-159_NLS_4N_O2_A22	167	7.17336683417085	1.00009800148298e-12	-27.6309231192474	151	oxygen-deprived	4.02049447832335e-14
20.5_20.5_2_1_0.5_0.3_0.2_0.1_0_0_0_0_0_0_0_0_0_0_0_0_0_0_0_0	4N	37	0	SUM-159_NLS_4N_O2_A22_seed	SUM-159_NLS_4N_O2_A22	168	7.21356783919598	1.00009800148298e-12	-27.6309231192474	151	oxygen-deprived	4.02049447832335e-14
20.5_20.5_2_1_0.5_0.3_0.2_0.1_0_0_0_0_0_0_0_0_0_0_0_0_0_0_0_0	4N	37	0	SUM-159_NLS_4N_O2_A22_seed	SUM-159_NLS_4N_O2_A22	169	7.25376884422111	1.00009800148298e-12	-27.6309231192474	151	oxygen-deprived	4.02049447832335e-14
20.5_20.5_2_1_0.5_0.3_0.2_0.1_0_0_0_0_0_0_0_0_0_0_0_0_0_0_0_0	4N	37	0	SUM-159_NLS_4N_O2_A22_seed	SUM-159_NLS_4N_O2_A22	170	7.29396984924623	1.00009800148298e-12	-27.6309231192474	151	oxygen-deprived	4.02049447832335e-14
20.5_20.5_2_1_0.5_0.3_0.2_0.1_0_0_0_0_0_0_0_0_0_0_0_0_0_0_0_0	4N	37	0	SUM-159_NLS_4N_O2_A22_seed	SUM-159_NLS_4N_O2_A22	171	7.33417085427136	1.00009800148298e-12	-27.6309231192474	151	oxygen-deprived	4.02049447832335e-14
20.5_20.5_2_1_0.5_0.3_0.2_0.1_0_0_0_0_0_0_0_0_0_0_0_0_0_0_0_0	4N	37	0	SUM-159_NLS_4N_O2_A22_seed	SUM-159_NLS_4N_O2_A22	172	7.37437185929648	1.00009800148298e-12	-27.6309231192474	151	oxygen-deprived	4.02049447832335e-14
20.5_20.5_2_1_0.5_0.3_0.2_0.1_0_0_0_0_0_0_0_0_0_0_0_0_0_0_0_0	4N	37	0	SUM-159_NLS_4N_O2_A22_seed	SUM-159_NLS_4N_O2_A22	173	7.41457286432161	1.00009800148298e-12	-27.6309231192474	151	oxygen-deprived	4.02049447832335e-14
20.5_20.5_2_1_0.5_0.3_0.2_0.1_0_0_0_0_0_0_0_0_0_0_0_0_0_0_0_0	4N	37	0	SUM-159_NLS_4N_O2_A22_seed	SUM-159_NLS_4N_O2_A22	174	7.45477386934673	1.00009800148298e-12	-27.6309231192474	151	oxygen-deprived	4.02049447832335e-14
20.5_20.5_2_1_0.5_0.3_0.2_0.1_0_0_0_0_0_0_0_0_0_0_0_0_0_0_0_0	4N	37	0	SUM-159_NLS_4N_O2_A22_seed	SUM-159_NLS_4N_O2_A22	175	7.49497487437186	1.00009800148298e-12	-27.6309231192474	151	oxygen-deprived	4.02049447832335e-14
20.5_20.5_2_1_0.5_0.3_0.2_0.1_0_0_0_0_0_0_0_0_0_0_0_0_0_0_0_0	4N	37	0	SUM-159_NLS_4N_O2_A22_seed	SUM-159_NLS_4N_O2_A22	176	7.53517587939699	1.00009800148298e-12	-27.6309231192474	151	oxygen-deprived	4.02049447832335e-14
20.5_20.5_2_1_0.5_0.3_0.2_0.1_0_0_0_0_0_0_0_0_0_0_0_0_0_0_0_0	4N	37	0	SUM-159_NLS_4N_O2_A22_seed	SUM-159_NLS_4N_O2_A22	177	7.57537688442211	1.00009800148298e-12	-27.6309231192474	151	oxygen-deprived	4.02049447832335e-14
20.5_20.5_2_1_0.5_0.3_0.2_0.1_0_0_0_0_0_0_0_0_0_0_0_0_0_0_0_0	4N	37	0	SUM-159_NLS_4N_O2_A22_seed	SUM-159_NLS_4N_O2_A22	178	7.61557788944724	1.00009800148298e-12	-27.6309231192474	151	oxygen-deprived	4.02049447832335e-14
20.5_20.5_2_1_0.5_0.3_0.2_0.1_0_0_0_0_0_0_0_0_0_0_0_0_0_0_0_0	4N	37	0	SUM-159_NLS_4N_O2_A22_seed	SUM-159_NLS_4N_O2_A22	179	7.65577889447236	1.00009800148298e-12	-27.6309231192474	151	oxygen-deprived	4.02049447832335e-14
20.5_20.5_2_1_0.5_0.3_0.2_0.1_0_0_0_0_0_0_0_0_0_0_0_0_0_0_0_0	4N	37	0	SUM-159_NLS_4N_O2_A22_seed	SUM-159_NLS_4N_O2_A22	180	7.69597989949749	1.00009800148298e-12	-27.6309231192474	151	oxygen-deprived	4.02049447832335e-14
20.5_20.5_2_1_0.5_0.3_0.2_0.1_0_0_0_0_0_0_0_0_0_0_0_0_0_0_0_0	4N	37	0	SUM-159_NLS_4N_O2_A22_seed	SUM-159_NLS_4N_O2_A22	181	7.73618090452261	1.00009800148298e-12	-27.6309231192474	151	oxygen-deprived	4.02049447832335e-14
20.5_20.5_2_1_0.5_0.3_0.2_0.1_0_0_0_0_0_0_0_0_0_0_0_0_0_0_0_0	4N	37	0	SUM-159_NLS_4N_O2_A22_seed	SUM-159_NLS_4N_O2_A22	182	7.77638190954774	1.00009800148298e-12	-27.6309231192474	151	oxygen-deprived	4.02049447832335e-14
20.5_20.5_2_1_0.5_0.3_0.2_0.1_0_0_0_0_0_0_0_0_0_0_0_0_0_0_0_0	4N	37	0	SUM-159_NLS_4N_O2_A22_seed	SUM-159_NLS_4N_O2_A22	183	7.81658291457286	1.00009800148298e-12	-27.6309231192474	151	oxygen-deprived	4.02049447832335e-14
20.5_20.5_2_1_0.5_0.3_0.2_0.1_0_0_0_0_0_0_0_0_0_0_0_0_0_0_0_0	4N	37	0	SUM-159_NLS_4N_O2_A22_seed	SUM-159_NLS_4N_O2_A22	184	7.85678391959799	1.00009800148298e-12	-27.6309231192474	151	oxygen-deprived	4.02049447832335e-14
20.5_20.5_2_1_0.5_0.3_0.2_0.1_0_0_0_0_0_0_0_0_0_0_0_0_0_0_0_0	4N	37	0	SUM-159_NLS_4N_O2_A22_seed	SUM-159_NLS_4N_O2_A22	185	7.89698492462312	1.00009800148298e-12	-27.6309231192474	151	oxygen-deprived	4.02049447832335e-14
20.5_20.5_2_1_0.5_0.3_0.2_0.1_0_0_0_0_0_0_0_0_0_0_0_0_0_0_0_0	4N	37	0	SUM-159_NLS_4N_O2_A22_seed	SUM-159_NLS_4N_O2_A22	186	7.93718592964824	1.00009800148298e-12	-27.6309231192474	151	oxygen-deprived	4.02049447832335e-14
20.5_20.5_2_1_0.5_0.3_0.2_0.1_0_0_0_0_0_0_0_0_0_0_0_0_0_0_0_0	4N	37	0	SUM-159_NLS_4N_O2_A22_seed	SUM-159_NLS_4N_O2_A22	187	7.97738693467337	1.00009800148298e-12	-27.6309231192474	151	oxygen-deprived	4.02049447832335e-14
20.5_20.5_2_1_0.5_0.3_0.2_0.1_0_0_0_0_0_0_0_0_0_0_0_0_0_0_0_0	4N	37	0	SUM-159_NLS_4N_O2_A22_seed	SUM-159_NLS_4N_O2_A22	188	8.01758793969849	1.00009800148298e-12	-27.6309231192474	151	oxygen-deprived	4.02049447832335e-14
20.5_20.5_2_1_0.5_0.3_0.2_0.1_0_0_0_0_0_0_0_0_0_0_0_0_0_0_0_0	4N	37	0	SUM-159_NLS_4N_O2_A22_seed	SUM-159_NLS_4N_O2_A22	189	8.05778894472362	1.00009800148298e-12	-27.6309231192474	151	oxygen-deprived	4.02049447832335e-14
20.5_20.5_2_1_0.5_0.3_0.2_0.1_0_0_0_0_0_0_0_0_0_0_0_0_0_0_0_0	4N	37	0	SUM-159_NLS_4N_O2_A22_seed	SUM-159_NLS_4N_O2_A22	190	8.09798994974874	1.00009800148298e-12	-27.6309231192474	151	oxygen-deprived	4.02049447832335e-14
20.5_20.5_2_1_0.5_0.3_0.2_0.1_0_0_0_0_0_0_0_0_0_0_0_0_0_0_0_0	4N	37	0	SUM-159_NLS_4N_O2_A22_seed	SUM-159_NLS_4N_O2_A22	191	8.13819095477387	1.00009800148298e-12	-27.6309231192474	151	oxygen-deprived	4.02049447832335e-14
20.5_20.5_2_1_0.5_0.3_0.2_0.1_0_0_0_0_0_0_0_0_0_0_0_0_0_0_0_0	4N	37	0	SUM-159_NLS_4N_O2_A22_seed	SUM-159_NLS_4N_O2_A22	192	8.178391959799	1.00009800148298e-12	-27.6309231192474	151	oxygen-deprived	4.02049447832335e-14
20.5_20.5_2_1_0.5_0.3_0.2_0.1_0_0_0_0_0_0_0_0_0_0_0_0_0_0_0_0	4N	37	0	SUM-159_NLS_4N_O2_A22_seed	SUM-159_NLS_4N_O2_A22	193	8.21859296482412	1.00009800148298e-12	-27.6309231192474	151	oxygen-deprived	4.02049447832335e-14
20.5_20.5_2_1_0.5_0.3_0.2_0.1_0_0_0_0_0_0_0_0_0_0_0_0_0_0_0_0	4N	37	0	SUM-159_NLS_4N_O2_A22_seed	SUM-159_NLS_4N_O2_A22	194	8.25879396984925	1.00009800148298e-12	-27.6309231192474	151	oxygen-deprived	4.02049447832335e-14
20.5_20.5_2_1_0.5_0.3_0.2_0.1_0_0_0_0_0_0_0_0_0_0_0_0_0_0_0_0	4N	37	0	SUM-159_NLS_4N_O2_A22_seed	SUM-159_NLS_4N_O2_A22	195	8.29899497487437	1.00009800148298e-12	-27.6309231192474	151	oxygen-deprived	4.02049447832335e-14
20.5_20.5_2_1_0.5_0.3_0.2_0.1_0_0_0_0_0_0_0_0_0_0_0_0_0_0_0_0	4N	37	0	SUM-159_NLS_4N_O2_A22_seed	SUM-159_NLS_4N_O2_A22	196	8.3391959798995	1.00009800148298e-12	-27.6309231192474	151	oxygen-deprived	4.02049447832335e-14
20.5_20.5_2_1_0.5_0.3_0.2_0.1_0_0_0_0_0_0_0_0_0_0_0_0_0_0_0_0	4N	37	0	SUM-159_NLS_4N_O2_A22_seed	SUM-159_NLS_4N_O2_A22	197	8.37939698492462	1.00009800148298e-12	-27.6309231192474	151	oxygen-deprived	4.02049447832335e-14
20.5_20.5_2_1_0.5_0.3_0.2_0.1_0_0_0_0_0_0_0_0_0_0_0_0_0_0_0_0	4N	37	0	SUM-159_NLS_4N_O2_A22_seed	SUM-159_NLS_4N_O2_A22	198	8.41959798994975	1.00009800148298e-12	-27.6309231192474	151	oxygen-deprived	4.02049447832335e-14
20.5_20.5_2_1_0.5_0.3_0.2_0.1_0_0_0_0_0_0_0_0_0_0_0_0_0_0_0_0	4N	37	0	SUM-159_NLS_4N_O2_A22_seed	SUM-159_NLS_4N_O2_A22	199	8.45979899497488	1.00009800148298e-12	-27.6309231192474	151	oxygen-deprived	4.02049447832335e-14
20.5_20.5_2_1_0.5_0.3_0.2_0.1_0_0_0_0_0_0_0_0_0_0_0_0_0_0_0_0	4N	37	0	SUM-159_NLS_4N_O2_A22_seed	SUM-159_NLS_4N_O2_A22	200	8.5	1.00009800148298e-12	-27.6309231192474	151	oxygen-deprived	4.02049447832335e-14
